# Written by conformance/oracle/centre_line.py with shapely 2.2.0 (GEOS 3.14.1). Do not edit; regenerate.
half 2 0.0 0.0 -0.345 -0.216 2 0.0 0.0 -0.1725 -0.108 2 -0.1725 -0.108 -0.345 -0.216
half 10 0.0 0.0 -4.199 2.162 -4.833 2.961 -8.291 5.729 -7.757 8.798 -9.46 9.007 -9.201 11.785 -7.388 11.438 -6.002 8.821 -3.173 7.379 5 0.0 0.0 -4.199 2.162 -4.833 2.961 -8.291 5.729 -7.8254821494203375 8.404420006421315 7 -7.8254821494203375 8.404420006421315 -7.757 8.798 -9.46 9.007 -9.201 11.785 -7.388 11.438 -6.002 8.821 -3.173 7.379
half 3 0.0 0.0 -4.117 -0.752 -8.553 -2.504 3 0.0 0.0 -4.117 -0.752 -4.388738400400209 -0.8593231915016155 2 -4.388738400400209 -0.8593231915016155 -8.553 -2.504
half 2 0.0 0.0 -0.167 3.741 2 0.0 0.0 -0.0835 1.8705 2 -0.0835 1.8705 -0.167 3.741
half 10 0.0 0.0 -0.972 -2.242 0.526 -2.834 4.668 -4.438 6.035 -4.844 5.978 -3.564 9.67 -2.051 10.524 -4.155 8.047 -4.452 4.106 -2.267 7 0.0 0.0 -0.972 -2.242 0.526 -2.834 4.668 -4.438 6.035 -4.844 5.978 -3.564 6.930262265219222 -3.1737581778773882 5 6.930262265219222 -3.1737581778773882 9.67 -2.051 10.524 -4.155 8.047 -4.452 4.106 -2.267
half 9 0.0 0.0 -0.612 -0.934 -1.09 -0.544 -1.355 -0.345 -4.823 -3.82 -6.784 -2.334 -6.528 2.435 -2.446 2.956 -2.971 0.022 7 0.0 0.0 -0.612 -0.934 -1.09 -0.544 -1.355 -0.345 -4.823 -3.82 -6.784 -2.334 -6.718691790791839 -1.1173794933057764 4 -6.718691790791839 -1.1173794933057764 -6.528 2.435 -2.446 2.956 -2.971 0.022
half 3 0.0 0.0 0.878 -0.475 0.45 -1.547 3 0.0 0.0 0.878 -0.475 0.8490726694937081 -0.547453500707348 2 0.8490726694937081 -0.547453500707348 0.45 -1.547
half 8 0.0 0.0 -2.308 -1.164 -0.63 -3.842 0.196 -4.458 3.307 -4.407 4.057 -1.792 8.304 -0.47 13.174 0.001 6 0.0 0.0 -2.308 -1.164 -0.63 -3.842 0.196 -4.458 3.307 -4.407 3.6066961743555894 -3.3620593387468456 4 3.6066961743555894 -3.3620593387468456 4.057 -1.792 8.304 -0.47 13.174 0.001
half 3 0.0 0.0 -0.159 -0.226 -2.406 0.246 3 0.0 0.0 -0.159 -0.226 -1.1472870367298442 -0.018402545021590416 2 -1.1472870367298442 -0.018402545021590416 -2.406 0.246
half 9 0.0 0.0 0.076 1.756 -3.613 4.402 -5.538 1.566 -3.967 0.146 -7.647 -2.129 -9.012 -6.462 -10.325 -6.392 -14.034 -5.713 6 0.0 0.0 0.076 1.756 -3.613 4.402 -5.538 1.566 -3.967 0.146 -4.8652703883908455 -0.40931661238836237 5 -4.8652703883908455 -0.40931661238836237 -7.647 -2.129 -9.012 -6.462 -10.325 -6.392 -14.034 -5.713
half 8 0.0 0.0 -1.26 1.708 -0.117 2.491 0.763 -2.087 2.862 -5.781 3.95 -8.769 6.543 -8.547 6.136 -5.293 5 0.0 0.0 -1.26 1.708 -0.117 2.491 0.763 -2.087 2.032841024640497 -4.321775009538825 5 2.032841024640497 -4.321775009538825 2.862 -5.781 3.95 -8.769 6.543 -8.547 6.136 -5.293
half 2 0.0 0.0 2.88 0.138 2 0.0 0.0 1.44 0.069 2 1.44 0.069 2.88 0.138
half 10 0.0 0.0 -0.024 -0.467 2.638 0.336 3.429 3.183 7.124 2.453 9.856 2.543 12.101 -1.112 10.191 -1.509 9.217 -0.757 9.613 1.871 6 0.0 0.0 -0.024 -0.467 2.638 0.336 3.429 3.183 7.124 2.453 8.569490117737272 2.5006186349181387 6 8.569490117737272 2.5006186349181387 9.856 2.543 12.101 -1.112 10.191 -1.509 9.217 -0.757 9.613 1.871
half 6 0.0 0.0 -1.49 1.131 -2.825 0.675 -3.175 1.636 -3.956 1.745 -6.396 0.255 4 0.0 0.0 -1.49 1.131 -2.825 0.675 -3.06265530367077 1.327533562364601 4 -3.06265530367077 1.327533562364601 -3.175 1.636 -3.956 1.745 -6.396 0.255
half 8 0.0 0.0 3.007 -2.151 2.946 -4.772 5.842 -5.869 10.045 -7.958 13.523 -10.681 16.969 -8.81 15.35 -6.333 5 0.0 0.0 3.007 -2.151 2.946 -4.772 5.842 -5.869 8.786079390611045 -7.332283808466922 5 8.786079390611045 -7.332283808466922 10.045 -7.958 13.523 -10.681 16.969 -8.81 15.35 -6.333
half 9 0.0 0.0 3.319 -2.764 5.125 -1.037 7.646 2.97 5.934 5.4 7.96 7.387 8.577 7.863 7.786 9.671 10.615 13.533 5 0.0 0.0 3.319 -2.764 5.125 -1.037 7.646 2.97 7.128169797371486 3.70500431798323 6 7.128169797371486 3.70500431798323 5.934 5.4 7.96 7.387 8.577 7.863 7.786 9.671 10.615 13.533
half 2 0.0 0.0 -1.785 -0.005 2 0.0 0.0 -0.8925 -0.0025 2 -0.8925 -0.0025 -1.785 -0.005
half 7 0.0 0.0 3.209 1.016 2.052 4.665 5.323 4.351 6.625 2.246 9.978 1.007 10.49 1.301 4 0.0 0.0 3.209 1.016 2.052 4.665 3.4118132308582725 4.534464581323908 5 3.4118132308582725 4.534464581323908 5.323 4.351 6.625 2.246 9.978 1.007 10.49 1.301
half 9 0.0 0.0 1.569 3.491 0.962 3.599 0.924 4.44 -0.494 7.178 -3.994 5.618 -4.902 3.785 -3.806 -0.885 -3.494 -1.068 6 0.0 0.0 1.569 3.491 0.962 3.599 0.924 4.44 -0.494 7.178 -1.711951218745617 6.635141742501954 5 -1.711951218745617 6.635141742501954 -3.994 5.618 -4.902 3.785 -3.806 -0.885 -3.494 -1.068
half 10 0.0 0.0 0.669 -1.054 2.336 1.077 3.398 -0.958 5.589 1.658 7.675 0.666 9.276 0.284 9.424 1.521 10.614 1.35 10.775 1.591 5 0.0 0.0 0.669 -1.054 2.336 1.077 3.398 -0.958 4.636134626677672 0.5203022288401584 7 4.636134626677672 0.5203022288401584 5.589 1.658 7.675 0.666 9.276 0.284 9.424 1.521 10.614 1.35 10.775 1.591
half 6 0.0 0.0 -3.22 0.69 -3.316 0.033 -0.38 -2.592 0.24 -1.84 -1.286 1.6 4 0.0 0.0 -3.22 0.69 -3.316 0.033 -1.5569489750610408 -1.539721028768654 4 -1.5569489750610408 -1.539721028768654 -0.38 -2.592 0.24 -1.84 -1.286 1.6
half 5 0.0 0.0 -4.121 2.129 -6.374 1.332 -7.2 0.336 -8.004 1.149 3 0.0 0.0 -4.121 2.129 -4.2099543423934485 2.097532352025043 4 -4.2099543423934485 2.097532352025043 -6.374 1.332 -7.2 0.336 -8.004 1.149
half 8 0.0 0.0 0.338 0.662 -3.238 1.189 -4.957 3.551 -3.376 7.69 -0.305 5.651 -0.027 6.18 3.38 8.156 5 0.0 0.0 0.338 0.662 -3.238 1.189 -4.957 3.551 -3.998218528340309 6.061054719291247 5 -3.998218528340309 6.061054719291247 -3.376 7.69 -0.305 5.651 -0.027 6.18 3.38 8.156
half 3 0.0 0.0 -0.033 -0.746 -4.449 0.262 3 0.0 0.0 -0.033 -0.746 -1.876997639930894 -0.3250874952331654 2 -1.876997639930894 -0.3250874952331654 -4.449 0.262
half 2 0.0 0.0 1.382 -4.366 2 0.0 0.0 0.691 -2.183 2 0.691 -2.183 1.382 -4.366
half 4 0.0 0.0 -2.308 4.159 -3.52 5.123 -4.326 8.83 3 0.0 0.0 -2.308 4.159 -2.5372133451871304 4.3413116045877835 3 -2.5372133451871304 4.3413116045877835 -3.52 5.123 -4.326 8.83
half 4 0.0 0.0 4.238 -0.481 5.588 -0.653 5.889 -2.105 2 0.0 0.0 3.5318211792510525 -0.4008508700376961 4 3.5318211792510525 -0.4008508700376961 4.238 -0.481 5.588 -0.653 5.889 -2.105
half 3 0.0 0.0 -1.157 2.13 -3.118 -0.022 3 0.0 0.0 -1.157 2.13 -1.3211801842682556 1.9498287829957746 2 -1.3211801842682556 1.9498287829957746 -3.118 -0.022
half 4 0.0 0.0 1.314 -0.826 1.386 -2.301 -0.644 -4.369 3 0.0 0.0 1.314 -0.826 1.3828074357850784 -2.235596774763762 3 1.3828074357850784 -2.235596774763762 1.386 -2.301 -0.644 -4.369
half 6 0.0 0.0 -1.516 -1.819 0.518 -2.387 1.127 -6.791 1.352 -7.507 0.52 -9.836 4 0.0 0.0 -1.516 -1.819 0.518 -2.387 0.7364722493939634 -3.9668879906913217 4 0.7364722493939634 -3.9668879906913217 1.127 -6.791 1.352 -7.507 0.52 -9.836
half 2 0.0 0.0 3.029 3.63 2 0.0 0.0 1.5145 1.815 2 1.5145 1.815 3.029 3.63
half 7 0.0 0.0 -2.07 0.499 -0.703 2.763 -0.865 3.325 -3.934 5.182 -6.726 8.162 -6.791 11.809 5 0.0 0.0 -2.07 0.499 -0.703 2.763 -0.865 3.325 -3.414330283891581 4.86755664294124 4 -3.414330283891581 4.86755664294124 -3.934 5.182 -6.726 8.162 -6.791 11.809
half 4 0.0 0.0 0.922 -1.124 0.078 -1.395 -0.076 2.77 4 0.0 0.0 0.922 -1.124 0.078 -1.395 0.044234935701709215 -0.48180848829622636 2 0.044234935701709215 -0.48180848829622636 -0.076 2.77
half 4 0.0 0.0 -2.763 0.821 -5.416 -2.299 -7.544 -2.413 3 0.0 0.0 -2.763 0.821 -3.846142988636662 -0.4528055501494097 3 -3.846142988636662 -0.4528055501494097 -5.416 -2.299 -7.544 -2.413
half 6 0.0 0.0 -0.577 -0.294 -2.681 1.651 -4.989 2.573 -8.671 0.972 -11.529 1.198 5 0.0 0.0 -0.577 -0.294 -2.681 1.651 -4.989 2.573 -5.3942120181336035 2.396806507052716 3 -5.3942120181336035 2.396806507052716 -8.671 0.972 -11.529 1.198
half 3 0.0 0.0 -1.69 4.227 -3.497 6.046 2 0.0 0.0 -1.3209255108278395 3.3038770025262 3 -1.3209255108278395 3.3038770025262 -1.69 4.227 -3.497 6.046
half 2 0.0 0.0 1.149 -2.001 2 0.0 0.0 0.5745 -1.0005 2 0.5745 -1.0005 1.149 -2.001
half 7 0.0 0.0 -1.998 -0.208 -1.897 0.85 2.164 3.681 4.846 4.383 6.098 8.738 6.688 9.41 5 0.0 0.0 -1.998 -0.208 -1.897 0.85 2.164 3.681 2.2491346311040408 3.7032835611614603 4 2.2491346311040408 3.7032835611614603 4.846 4.383 6.098 8.738 6.688 9.41
half 10 0.0 0.0 -0.418 -0.371 -1.846 -1.656 -3.764 -2.554 -4.582 -1.322 -4.819 -1.434 -5.547 -1.664 -4.786 -5.279 -3.236 -8.517 -3.038 -11.26 8 0.0 0.0 -0.418 -0.371 -1.846 -1.656 -3.764 -2.554 -4.582 -1.322 -4.819 -1.434 -5.547 -1.664 -5.245003505731739 -3.0985825581862843 4 -5.245003505731739 -3.0985825581862843 -4.786 -5.279 -3.236 -8.517 -3.038 -11.26
half 2 0.0 0.0 1.835 -4.293 2 0.0 0.0 0.9175 -2.1465 2 0.9175 -2.1465 1.835 -4.293
half 10 0.0 0.0 0.871 -0.068 2.113 -0.629 2.48 -2.763 2.962 -2.487 4.372 -1.947 4.541 -6.186 5.464 -8.133 5.078 -8.711 5.517 -10.159 7 0.0 0.0 0.871 -0.068 2.113 -0.629 2.48 -2.763 2.962 -2.487 4.372 -1.947 4.414586879860112 -3.0151999037101436 5 4.414586879860112 -3.0151999037101436 4.541 -6.186 5.464 -8.133 5.078 -8.711 5.517 -10.159
half 4 0.0 0.0 -0.418 0.906 1.536 3.639 3.855 2.948 3 0.0 0.0 -0.418 0.906 0.9725156738293423 2.85087171779713 3 0.9725156738293423 2.85087171779713 1.536 3.639 3.855 2.948
half 2 0.0 0.0 0.709 -0.72 2 0.0 0.0 0.3545 -0.36 2 0.3545 -0.36 0.709 -0.72
half 2 0.0 0.0 -1.388 3.599 2 0.0 0.0 -0.694 1.7995 2 -0.694 1.7995 -1.388 3.599
half 6 0.0 0.0 0.514 -0.859 -0.666 -1.091 -4.959 -0.696 -5.071 -2.168 -2.798 -3.21 4 0.0 0.0 0.514 -0.859 -0.666 -1.091 -3.695313367120881 -0.8122721220561966 4 -3.695313367120881 -0.8122721220561966 -4.959 -0.696 -5.071 -2.168 -2.798 -3.21
half 7 0.0 0.0 3.467 2.622 6.262 3.682 8.376 2.562 9.546 -1.114 10.716 -5.517 11.387 -5.739 4 0.0 0.0 3.467 2.622 6.262 3.682 8.10729459946299 2.7043604771056997 5 8.10729459946299 2.7043604771056997 8.376 2.562 9.546 -1.114 10.716 -5.517 11.387 -5.739
half 2 0.0 0.0 3.466 2.364 2 0.0 0.0 1.733 1.182 2 1.733 1.182 3.466 2.364
half 8 0.0 0.0 -1.875 -0.127 -2.01 -2.703 -1.835 -4.59 -4.458 -4.165 -7.816 -4.896 -11.677 -4.059 -11.96 -1.73 6 0.0 0.0 -1.875 -0.127 -2.01 -2.703 -1.835 -4.59 -4.458 -4.165 -4.810895696172531 -4.241821546724872 4 -4.810895696172531 -4.241821546724872 -7.816 -4.896 -11.677 -4.059 -11.96 -1.73
half 2 0.0 0.0 3.427 -1.193 2 0.0 0.0 1.7135 -0.5965 2 1.7135 -0.5965 3.427 -1.193
half 4 0.0 0.0 -0.945 3.148 -5.796 3.665 -5.277 4.631 3 0.0 0.0 -0.945 3.148 -2.2815729986660087 3.2904465554133844 3 -2.2815729986660087 3.2904465554133844 -5.796 3.665 -5.277 4.631
half 9 0.0 0.0 1.947 1.833 3.853 3.712 6.914 7.123 5.821 9.928 5.376 9.753 6.449 8.546 9.327 9.598 11.176 9.624 5 0.0 0.0 1.947 1.833 3.853 3.712 6.914 7.123 6.898862731400578 7.161847244667319 6 6.898862731400578 7.161847244667319 5.821 9.928 5.376 9.753 6.449 8.546 9.327 9.598 11.176 9.624
half 9 0.0 0.0 -1.252 1.161 -1.59 0.233 -2.2 0.33 -2.634 1.675 -4.393 0.14 -6.832 2.596 -5.112 3.59 -1.823 4.062 7 0.0 0.0 -1.252 1.161 -1.59 0.233 -2.2 0.33 -2.634 1.675 -4.393 0.14 -4.995447726837429 0.7466468294845122 4 -4.995447726837429 0.7466468294845122 -6.832 2.596 -5.112 3.59 -1.823 4.062
half 3 0.0 0.0 0.066 0.26 0.663 0.065 3 0.0 0.0 0.066 0.26 0.23700572897800132 0.20414385736899454 2 0.23700572897800132 0.20414385736899454 0.663 0.065
half 9 0.0 0.0 3.782 0.375 4.468 0.772 3.808 3.099 6.957 3.505 10.368 3.373 11.715 1.519 12.704 -1.243 15.001 -3.845 6 0.0 0.0 3.782 0.375 4.468 0.772 3.808 3.099 6.957 3.505 7.917669962513278 3.4678236777919222 5 7.917669962513278 3.4678236777919222 10.368 3.373 11.715 1.519 12.704 -1.243 15.001 -3.845
half 8 0.0 0.0 0.647 -1.063 2.171 0.09 4.257 -0.053 3.77 -1.51 2.67 -2.488 3.556 -4.826 -0.277 -7.968 6 0.0 0.0 0.647 -1.063 2.171 0.09 4.257 -0.053 3.77 -1.51 2.968187437602273 -2.222884260022706 4 2.968187437602273 -2.222884260022706 2.67 -2.488 3.556 -4.826 -0.277 -7.968
half 2 0.0 0.0 -3.54 1.674 2 0.0 0.0 -1.77 0.837 2 -1.77 0.837 -3.54 1.674
half 4 0.0 0.0 0.715 0.616 0.059 1.51 0.269 2.392 3 0.0 0.0 0.715 0.616 0.3979752063087552 1.0480429353048366 3 0.3979752063087552 1.0480429353048366 0.059 1.51 0.269 2.392
half 9 0.0 0.0 -0.157 -0.388 1.703 -1.645 3.442 -6.247 3.188 -7.068 1.052 -9.131 -0.853 -8.24 -1.457 -7.282 0.608 -5.135 6 0.0 0.0 -0.157 -0.388 1.703 -1.645 3.442 -6.247 3.188 -7.068 2.921289411926069 -7.325595479024588 5 2.921289411926069 -7.325595479024588 1.052 -9.131 -0.853 -8.24 -1.457 -7.282 0.608 -5.135
half 10 0.0 0.0 0.484 1.487 3.541 1.595 6.793 -0.529 6.335 -1.539 6.361 -1.811 5.852 -3.276 3.791 -6.363 8.402 -8.188 7.467 -10.233 7 0.0 0.0 0.484 1.487 3.541 1.595 6.793 -0.529 6.335 -1.539 6.361 -1.811 5.937429023286462 -3.0301188229574314 5 5.937429023286462 -3.0301188229574314 5.852 -3.276 3.791 -6.363 8.402 -8.188 7.467 -10.233
half 4 0.0 0.0 1.698 -0.627 4.492 2.861 2.882 3.625 3 0.0 0.0 1.698 -0.627 3.0862511311464322 1.106078004809863 3 3.0862511311464322 1.106078004809863 4.492 2.861 2.882 3.625
half 9 0.0 0.0 3.018 -0.453 5.53 -2.501 5.814 -1.915 7.055 -2.696 8.773 -1.799 9.036 0.358 5.297 2.434 1.722 4.06 7 0.0 0.0 3.018 -0.453 5.53 -2.501 5.814 -1.915 7.055 -2.696 8.773 -1.799 8.774731547308182 -1.7847986785408758 4 8.774731547308182 -1.7847986785408758 9.036 0.358 5.297 2.434 1.722 4.06
half 9 0.0 0.0 -1.154 -0.852 -0.698 -1.707 3.263 -3.955 1.488 -5.437 0.847 -9.595 -0.068 -9.544 -1.938 -12.557 2.685 -14.22 6 0.0 0.0 -1.154 -0.852 -0.698 -1.707 3.263 -3.955 1.488 -5.437 1.1594760044111245 -7.568049568890085 5 1.1594760044111245 -7.568049568890085 0.847 -9.595 -0.068 -9.544 -1.938 -12.557 2.685 -14.22
half 2 0.0 0.0 -0.687 -1.59 2 0.0 0.0 -0.3435 -0.795 2 -0.3435 -0.795 -0.687 -1.59
half 5 0.0 0.0 -1.861 -4.578 -3.942 -2.54 -7.238 -2.126 -6.552 -6.004 3 0.0 0.0 -1.861 -4.578 -3.729656005932014 -2.7479562998128575 4 -3.729656005932014 -2.7479562998128575 -3.942 -2.54 -7.238 -2.126 -6.552 -6.004
half 10 0.0 0.0 -2.339 -1.466 -2.253 -1.854 -2.923 -4.018 -2.589 -4.312 -1.572 -6.177 -4.16 -7.184 -5.785 -6.39 -6.541 -8.033 -8.961 -11.083 7 0.0 0.0 -2.339 -1.466 -2.253 -1.854 -2.923 -4.018 -2.589 -4.312 -1.572 -6.177 -2.6414936680842747 -6.5931437881610755 5 -2.6414936680842747 -6.5931437881610755 -4.16 -7.184 -5.785 -6.39 -6.541 -8.033 -8.961 -11.083
half 4 0.0 0.0 -3.258 -1.984 -3.96 -3.05 -5.823 -1.189 3 0.0 0.0 -3.258 -1.984 -3.284151459087133 -2.023711474910091 3 -3.284151459087133 -2.023711474910091 -3.96 -3.05 -5.823 -1.189
half 7 0.0 0.0 -0.923 1.139 -5.139 2.052 -8.741 -0.5 -9.759 -1.382 -10.454 -1.2 -11.206 -2.249 4 0.0 0.0 -0.923 1.139 -5.139 2.052 -5.951183417402417 1.476571881951425 5 -5.951183417402417 1.476571881951425 -8.741 -0.5 -9.759 -1.382 -10.454 -1.2 -11.206 -2.249
half 8 0.0 0.0 -1.173 -0.573 -6.09 -0.671 -9.383 -1.068 -9.282 -0.53 -9.353 -0.314 -9.504 1.878 -7.33 2.569 4 0.0 0.0 -1.173 -0.573 -6.09 -0.671 -7.2548320400274955 -0.8114307075283681 6 -7.2548320400274955 -0.8114307075283681 -9.383 -1.068 -9.282 -0.53 -9.353 -0.314 -9.504 1.878 -7.33 2.569
half 9 0.0 0.0 -2.829 1.401 -5.84 -0.069 -6.051 2.762 -5.282 4.948 -6.221 5.651 -8.96 9.232 -9.975 7.742 -10.063 7.424 5 0.0 0.0 -2.829 1.401 -5.84 -0.069 -6.051 2.762 -5.920731727968234 3.132307467700182 6 -5.920731727968234 3.132307467700182 -5.282 4.948 -6.221 5.651 -8.96 9.232 -9.975 7.742 -10.063 7.424
half 7 0.0 0.0 0.934 1.01 0.564 4.137 3.648 6.043 5.514 2.749 5.092 1.435 4.328 1.139 4 0.0 0.0 0.934 1.01 0.564 4.137 2.7273052873520762 5.473984396139124 5 2.7273052873520762 5.473984396139124 3.648 6.043 5.514 2.749 5.092 1.435 4.328 1.139
half 10 0.0 0.0 -2.96 -2.266 -3.259 -3.593 -2.352 -4.836 1.447 -4.477 1.761 -4.37 5.701 -5.294 5.721 -4.855 7.519 -3.479 7.795 -3.027 5 0.0 0.0 -2.96 -2.266 -3.259 -3.593 -2.352 -4.836 0.03782091670734866 -4.610165383232973 7 0.03782091670734866 -4.610165383232973 1.447 -4.477 1.761 -4.37 5.701 -5.294 5.721 -4.855 7.519 -3.479 7.795 -3.027
half 5 0.0 0.0 -1.731 -2.38 2.397 -4.717 4.394 -4.464 5.203 -5.99 3 0.0 0.0 -1.731 -2.38 0.6798819488064691 -3.7448815684013366 4 0.6798819488064691 -3.7448815684013366 2.397 -4.717 4.394 -4.464 5.203 -5.99
half 5 0.0 0.0 -0.013 2.385 -3.363 4.603 -4.957 1.803 -4.83 0.428 3 0.0 0.0 -0.013 2.385 -2.6125873584498063 4.1061596301616925 4 -2.6125873584498063 4.1061596301616925 -3.363 4.603 -4.957 1.803 -4.83 0.428
half 8 0.0 0.0 -0.112 0.773 4.617 -0.16 6.488 4.051 3.209 5.403 2.675 3.071 1.995 3.054 1.678 0.501 4 0.0 0.0 -0.112 0.773 4.617 -0.16 6.281487986802793 3.58621000129693 6 6.281487986802793 3.58621000129693 6.488 4.051 3.209 5.403 2.675 3.071 1.995 3.054 1.678 0.501
half 6 0.0 0.0 3.742 1.725 3.807 4.07 6.949 6.088 8.664 6.125 9.374 6.484 3 0.0 0.0 3.742 1.725 3.803936496509996 3.9594782202452388 5 3.803936496509996 3.9594782202452388 3.807 4.07 6.949 6.088 8.664 6.125 9.374 6.484
half 10 0.0 0.0 -0.858 -4.778 -0.304 -5.003 2.386 -7.108 5.981 -3.699 9.469 -4.131 13.902 -3.83 13.754 -4.258 16.469 -4.69 21.226 -5.484 6 0.0 0.0 -0.858 -4.778 -0.304 -5.003 2.386 -7.108 5.981 -3.699 7.052947116567588 -3.8317640924189216 6 7.052947116567588 -3.8317640924189216 9.469 -4.131 13.902 -3.83 13.754 -4.258 16.469 -4.69 21.226 -5.484
half 4 0.0 0.0 -3.134 1.979 -3.35 3.398 -4.952 4.796 2 0.0 0.0 -3.0727116607089444 1.9402987800073392 4 -3.0727116607089444 1.9402987800073392 -3.134 1.979 -3.35 3.398 -4.952 4.796
half 4 0.0 0.0 -2.186 0.002 -3.357 -2.45 -7.472 -2.785 3 0.0 0.0 -2.186 0.002 -3.1900820973050976 -2.100484459942014 3 -3.1900820973050976 -2.100484459942014 -3.357 -2.45 -7.472 -2.785
half 10 0.0 0.0 1.203 -3.269 4.473 -1.681 5.22 1.924 1.876 4.016 -2.035 5.667 -2.285 7.18 -4.769 7.169 -3.758 4.447 -4.546 3.409 5 0.0 0.0 1.203 -3.269 4.473 -1.681 5.22 1.924 2.8403038564392413 3.4127333529692305 7 2.8403038564392413 3.4127333529692305 1.876 4.016 -2.035 5.667 -2.285 7.18 -4.769 7.169 -3.758 4.447 -4.546 3.409
half 8 0.0 0.0 -1.551 -2.355 -1.821 -4.256 -5.234 -7.848 -7.68 -3.65 -8.182 -4.201 -12.172 -4.672 -12.248 -4.23 5 0.0 0.0 -1.551 -2.355 -1.821 -4.256 -5.234 -7.848 -5.328482546066938 -7.685842302375713 5 -5.328482546066938 -7.685842302375713 -7.68 -3.65 -8.182 -4.201 -12.172 -4.672 -12.248 -4.23
half 4 0.0 0.0 0.146 0.333 -0.04 2.581 0.74 2.597 3 0.0 0.0 0.146 0.333 0.035825389522862475 1.6645727115731457 3 0.035825389522862475 1.6645727115731457 -0.04 2.581 0.74 2.597
half 3 0.0 0.0 0.477 0.347 1.742 -0.387 3 0.0 0.0 0.477 0.347 0.8544014454559351 0.12801765931647716 2 0.8544014454559351 0.12801765931647716 1.742 -0.387
half 6 0.0 0.0 -0.755 -1.868 0.001 -3.586 3.298 -3.469 1.912 -7.133 -0.017 -10.76 5 0.0 0.0 -0.755 -1.868 0.001 -3.586 3.298 -3.469 3.1503595336908767 -3.8592991836627903 3 3.1503595336908767 -3.8592991836627903 1.912 -7.133 -0.017 -10.76
half 7 0.0 0.0 -0.261 1.719 -1.972 2.814 -5.219 3.416 -6.412 4.407 -7.874 4.954 -7.872 5.189 4 0.0 0.0 -0.261 1.719 -1.972 2.814 -3.387449518915343 3.076427043543898 5 -3.387449518915343 3.076427043543898 -5.219 3.416 -6.412 4.407 -7.874 4.954 -7.872 5.189
half 4 0.0 0.0 -1.268 -3.269 0.774 -3.671 4.358 -3.59 3 0.0 0.0 -1.268 -3.269 -0.20843582584714726 -3.4775919676833724 3 -0.20843582584714726 -3.4775919676833724 0.774 -3.671 4.358 -3.59
half 8 0.0 0.0 0.126 0.814 -1.029 4.274 -3.237 2.517 -4.955 -0.229 -6.787 0.245 -10.062 1.333 -12.917 -0.52 5 0.0 0.0 0.126 0.814 -1.029 4.274 -3.237 2.517 -4.481539621829032 0.527764958357088 5 -4.481539621829032 0.527764958357088 -4.955 -0.229 -6.787 0.245 -10.062 1.333 -12.917 -0.52
half 10 0.0 0.0 1.71 -2.616 5.98 -3.24 6.596 -3.88 6.683 -7.259 8.812 -10.164 9.113 -14.175 12.807 -14.322 11.775 -9.508 8.64 -6.974 7 0.0 0.0 1.71 -2.616 5.98 -3.24 6.596 -3.88 6.683 -7.259 8.812 -10.164 8.862996531185662 -10.843558427194976 5 8.862996531185662 -10.843558427194976 9.113 -14.175 12.807 -14.322 11.775 -9.508 8.64 -6.974
half 5 0.0 0.0 -1.418 -2.416 -3.45 -0.99 -3.805 3.378 -4.804 3.064 4 0.0 0.0 -1.418 -2.416 -3.45 -0.99 -3.455903711336201 -0.9173594053055633 3 -3.455903711336201 -0.9173594053055633 -3.805 3.378 -4.804 3.064
half 7 0.0 0.0 -1.742 0.108 -2.046 -0.079 -5.308 2.005 -6.682 4.077 -10.101 3.256 -11.472 7.155 5 0.0 0.0 -1.742 0.108 -2.046 -0.079 -5.308 2.005 -6.458147239386382 3.7394287336307013 4 -6.458147239386382 3.7394287336307013 -6.682 4.077 -10.101 3.256 -11.472 7.155
half 8 0.0 0.0 1.927 -0.492 4.411 0.718 4.564 0.229 4.26 -0.919 4.913 -2.523 8.732 -3.874 7.82 -6.372 6 0.0 0.0 1.927 -0.492 4.411 0.718 4.564 0.229 4.26 -0.919 4.635216022301406 -1.8406638587617992 4 4.635216022301406 -1.8406638587617992 4.913 -2.523 8.732 -3.874 7.82 -6.372
half 5 0.0 0.0 0.483 0.813 1.022 4.316 0.342 7.079 0.074 7.146 3 0.0 0.0 0.483 0.813 0.9179645527851297 3.639866100939349 4 0.9179645527851297 3.639866100939349 1.022 4.316 0.342 7.079 0.074 7.146
half 9 0.0 0.0 -0.671 -4.856 -4.086 -8.093 -3.896 -11.718 -3.668 -15.624 -7.072 -14.653 -7.827 -17.793 -10.55 -20.132 -10.676 -22.815 5 0.0 0.0 -0.671 -4.856 -4.086 -8.093 -3.896 -11.718 -3.7876111549136273 -13.574872056611277 6 -3.7876111549136273 -13.574872056611277 -3.668 -15.624 -7.072 -14.653 -7.827 -17.793 -10.55 -20.132 -10.676 -22.815
half 10 0.0 0.0 0.426 2.325 1.622 4.342 -1.865 5.446 -2.778 5.528 -7.281 7.279 -6.822 8.013 -9.103 10.344 -10.328 10.492 -12.355 8.604 6 0.0 0.0 0.426 2.325 1.622 4.342 -1.865 5.446 -2.778 5.528 -4.492723513544597 6.194773455966375 6 -4.492723513544597 6.194773455966375 -7.281 7.279 -6.822 8.013 -9.103 10.344 -10.328 10.492 -12.355 8.604
half 8 0.0 0.0 1.748 3.254 0.237 4.845 -2.682 7.497 -2.111 8.278 0.581 8.478 0.641 7.144 2.469 3.687 4 0.0 0.0 1.748 3.254 0.237 4.845 -2.3419117325237306 7.188019497996894 6 -2.3419117325237306 7.188019497996894 -2.682 7.497 -2.111 8.278 0.581 8.478 0.641 7.144 2.469 3.687
half 2 0.0 0.0 -3.214 -1.807 2 0.0 0.0 -1.607 -0.9035 2 -1.607 -0.9035 -3.214 -1.807
half 2 0.0 0.0 -0.934 0.744 2 0.0 0.0 -0.467 0.372 2 -0.467 0.372 -0.934 0.744
half 2 0.0 0.0 0.991 -1.069 2 0.0 0.0 0.4955 -0.5345 2 0.4955 -0.5345 0.991 -1.069
half 5 0.0 0.0 -3.475 -1.129 -5.165 -0.515 -5.668 -0.262 -3.891 2.041 3 0.0 0.0 -3.475 -1.129 -4.234523614781929 -0.8530547340378081 4 -4.234523614781929 -0.8530547340378081 -5.165 -0.515 -5.668 -0.262 -3.891 2.041
half 6 0.0 0.0 -2.688 0.307 -5.446 -0.206 -4.184 -3.082 -6.496 -6.002 -10.653 -7.184 4 0.0 0.0 -2.688 0.307 -5.446 -0.206 -4.305595963483803 -2.8048922416961815 4 -4.305595963483803 -2.8048922416961815 -4.184 -3.082 -6.496 -6.002 -10.653 -7.184
half 10 0.0 0.0 -1.315 -0.267 -0.854 -1.491 1.125 -3.135 2.068 -4.43 6.199 -4.423 6.681 -4.177 9.234 -0.786 9.001 1.982 11.696 2.359 6 0.0 0.0 -1.315 -0.267 -0.854 -1.491 1.125 -3.135 2.068 -4.43 5.863637788358467 -4.423568272931854 6 5.863637788358467 -4.423568272931854 6.199 -4.423 6.681 -4.177 9.234 -0.786 9.001 1.982 11.696 2.359
half 3 0.0 0.0 -3.638 2.92 -4.927 5.988 2 0.0 0.0 -3.116609292329805 2.5015115815291455 3 -3.116609292329805 2.5015115815291455 -3.638 2.92 -4.927 5.988
half 7 0.0 0.0 -0.202 0.956 -3.312 -0.932 -6.224 -0.436 -7.599 -1.721 -9.973 -2.68 -8.718 -5.888 5 0.0 0.0 -0.202 0.956 -3.312 -0.932 -6.224 -0.436 -6.340110156465373 -0.5445102189512758 4 -6.340110156465373 -0.5445102189512758 -7.599 -1.721 -9.973 -2.68 -8.718 -5.888
half 6 0.0 0.0 0.137 -0.535 -0.097 -1.533 -2.062 -4.042 -2.229 -4.365 2.544 -5.096 5 0.0 0.0 0.137 -0.535 -0.097 -1.533 -2.062 -4.042 -2.1602951601216884 -4.232115788738355 3 -2.1602951601216884 -4.232115788738355 -2.229 -4.365 2.544 -5.096
half 8 0.0 0.0 -0.593 -1.6 -1.657 -0.787 -6.137 -2.383 -6.966 -6.478 -4.016 -6.944 -3.678 -10.206 -0.21 -8.427 5 0.0 0.0 -0.593 -1.6 -1.657 -0.787 -6.137 -2.383 -6.785881141998595 -5.588269332309102 5 -6.785881141998595 -5.588269332309102 -6.966 -6.478 -4.016 -6.944 -3.678 -10.206 -0.21 -8.427
half 4 0.0 0.0 -2.51 -2.965 -4.844 -4.858 -6.162 -6.382 3 0.0 0.0 -2.51 -2.965 -2.9508641410856944 -3.3225646182841557 3 -2.9508641410856944 -3.3225646182841557 -4.844 -4.858 -6.162 -6.382
half 5 0.0 0.0 -2.055 -4.012 -4.55 -8.152 -1.674 -10.948 -1.157 -14.488 3 0.0 0.0 -2.055 -4.012 -4.097652582117492 -7.401411498984535 4 -4.097652582117492 -7.401411498984535 -4.55 -8.152 -1.674 -10.948 -1.157 -14.488
half 7 0.0 0.0 2.881 -0.244 2.939 0.016 0.959 4.458 0.329 5.066 -0.347 5.814 -1.508 3.658 4 0.0 0.0 2.881 -0.244 2.939 0.016 1.7098590794688622 2.7734969540400582 5 1.7098590794688622 2.7734969540400582 0.959 4.458 0.329 5.066 -0.347 5.814 -1.508 3.658
half 6 0.0 0.0 0.364 0.336 4.463 1.863 5.04 5.478 2.618 5.701 3.631 9.687 4 0.0 0.0 0.364 0.336 4.463 1.863 4.8835356772639225 4.497725257034798 4 4.8835356772639225 4.497725257034798 5.04 5.478 2.618 5.701 3.631 9.687
half 4 0.0 0.0 0.256 -3.404 0.541 -3.362 -0.06 -5.852 2 0.0 0.0 0.23485056974554824 -3.1227786695853363 4 0.23485056974554824 -3.1227786695853363 0.256 -3.404 0.541 -3.362 -0.06 -5.852
half 7 0.0 0.0 4.732 -0.539 4.867 0.274 2.927 0.869 2.459 -0.812 3.972 -3.382 5.147 -3.857 4 0.0 0.0 4.732 -0.539 4.867 0.274 3.7020279285410136 0.6312981353186067 5 3.7020279285410136 0.6312981353186067 2.927 0.869 2.459 -0.812 3.972 -3.382 5.147 -3.857
half 10 0.0 0.0 -1.112 -0.22 -5.122 1.334 -4.256 2.625 -3.988 3.323 -2.586 4.543 -1.25 5.314 -0.308 5.33 1.396 5.372 4.472 6.19 6 0.0 0.0 -1.112 -0.22 -5.122 1.334 -4.256 2.625 -3.988 3.323 -3.4244097390508097 3.8134280444778974 6 -3.4244097390508097 3.8134280444778974 -2.586 4.543 -1.25 5.314 -0.308 5.33 1.396 5.372 4.472 6.19
half 6 0.0 0.0 0.199 0.897 1.769 3.213 6.453 1.597 6.667 0.304 7.661 -0.204 4 0.0 0.0 0.199 0.897 1.769 3.213 3.5013043233157033 2.6153476117681094 4 3.5013043233157033 2.6153476117681094 6.453 1.597 6.667 0.304 7.661 -0.204
half 3 0.0 0.0 -0.851 0.232 -2.032 0.146 3 0.0 0.0 -0.851 0.232 -1.0016360642296023 0.2210307353736276 2 -1.0016360642296023 0.2210307353736276 -2.032 0.146
half 2 0.0 0.0 1.601 4.183 2 0.0 0.0 0.8005 2.0915 2 0.8005 2.0915 1.601 4.183
half 8 0.0 0.0 -0.623 1.192 -0.845 1.56 -3.759 2.132 -3.732 -2.611 -1.942 -4.994 -1.58 -6.526 -2.833 -6.828 5 0.0 0.0 -0.623 1.192 -0.845 1.56 -3.759 2.132 -3.7423716962662597 -0.7890386892270644 5 -3.7423716962662597 -0.7890386892270644 -3.732 -2.611 -1.942 -4.994 -1.58 -6.526 -2.833 -6.828
half 3 0.0 0.0 0.141 1.09 1.502 2.652 3 0.0 0.0 0.141 1.09 0.4604893808873345 1.45667333794711 2 0.4604893808873345 1.45667333794711 1.502 2.652
half 6 0.0 0.0 2.198 -3.275 1.144 -4.245 -1.823 -6.609 -4.163 -5.579 -4.771 -1.206 4 0.0 0.0 2.198 -3.275 1.144 -4.245 -0.9632619050768001 -5.92399128533925 4 -0.9632619050768001 -5.92399128533925 -1.823 -6.609 -4.163 -5.579 -4.771 -1.206
half 4 0.0 0.0 -1.911 -0.169 -5.422 0.795 -5.862 4.983 3 0.0 0.0 -1.911 -0.169 -4.771887441155483 0.6165014221799732 3 -4.771887441155483 0.6165014221799732 -5.422 0.795 -5.862 4.983
half 8 0.0 0.0 -0.958 0.223 -2.949 4.185 -1.601 5.182 0.074 4.504 1.712 0.396 2.649 -0.897 1.155 -4.173 6 0.0 0.0 -0.958 0.223 -2.949 4.185 -1.601 5.182 0.074 4.504 0.20706244565667709 4.170287834702301 4 0.20706244565667709 4.170287834702301 1.712 0.396 2.649 -0.897 1.155 -4.173
half 3 0.0 0.0 -0.595 -0.605 -3.75 -2.588 3 0.0 0.0 -0.595 -0.605 -1.8132827327948202 -1.3707225544000408 2 -1.8132827327948202 -1.3707225544000408 -3.75 -2.588
half 4 0.0 0.0 -0.161 0.512 -2.877 2.852 -4.527 5.119 3 0.0 0.0 -0.161 0.512 -2.3778047257934465 2.421912760808787 3 -2.3778047257934465 2.421912760808787 -2.877 2.852 -4.527 5.119
half 8 0.0 0.0 -2.244 4.219 -6.94 4.583 -8.203 4.326 -8.607 1.794 -12.42 2.979 -12.237 0.634 -14.441 -1.152 5 0.0 0.0 -2.244 4.219 -6.94 4.583 -8.203 4.326 -8.27927921659869 3.847933226663657 5 -8.27927921659869 3.847933226663657 -8.607 1.794 -12.42 2.979 -12.237 0.634 -14.441 -1.152
half 3 0.0 0.0 0.184 -3.412 0.801 -5.352 2 0.0 0.0 0.1468116959515679 -2.722399492319292 3 0.1468116959515679 -2.722399492319292 0.184 -3.412 0.801 -5.352
half 4 0.0 0.0 -1.114 -3.184 -1.947 -7.939 -4.534 -7.233 3 0.0 0.0 -1.114 -3.184 -1.470825711671829 -5.2208622557017375 3 -1.470825711671829 -5.2208622557017375 -1.947 -7.939 -4.534 -7.233
half 7 0.0 0.0 1.729 -0.299 2.304 -2.298 5.627 -3.531 5.584 -4.544 6.907 -4.972 7.293 -3.764 4 0.0 0.0 1.729 -0.299 2.304 -2.298 3.889500612286076 -2.8863004077486405 5 3.889500612286076 -2.8863004077486405 5.627 -3.531 5.584 -4.544 6.907 -4.972 7.293 -3.764
half 10 0.0 0.0 1.207 3.01 0.663 6.26 1.328 6.874 0.307 7.971 -3.779 10.447 -3.238 10.893 -5.692 12.952 -6.271 16.719 -7.507 16.186 6 0.0 0.0 1.207 3.01 0.663 6.26 1.328 6.874 0.307 7.971 -1.787250823576223 9.240056544095626 6 -1.787250823576223 9.240056544095626 -3.779 10.447 -3.238 10.893 -5.692 12.952 -6.271 16.719 -7.507 16.186
half 8 0.0 0.0 -0.567 0.309 -1.69 3.293 -2.035 3.386 -3.005 4.316 -1.041 6.162 -0.093 6.813 -1.926 10.749 6 0.0 0.0 -0.567 0.309 -1.69 3.293 -2.035 3.386 -3.005 4.316 -2.0387675478834524 5.2241797895148405 4 -2.0387675478834524 5.2241797895148405 -1.041 6.162 -0.093 6.813 -1.926 10.749
half 6 0.0 0.0 3.04 1.88 3.704 1.709 3.495 3.741 5.778 5.269 5.922 6.475 4 0.0 0.0 3.04 1.88 3.704 1.709 3.6147599410941194 2.5766354052476075 4 3.6147599410941194 2.5766354052476075 3.495 3.741 5.778 5.269 5.922 6.475
half 5 0.0 0.0 2.063 2.807 -1.641 4.015 -3.941 3.964 -3.809 0.074 3 0.0 0.0 2.063 2.807 -1.0768599880293843 3.831014812510663 4 -1.0768599880293843 3.831014812510663 -1.641 4.015 -3.941 3.964 -3.809 0.074
half 2 0.0 0.0 -0.068 -0.209 2 0.0 0.0 -0.034 -0.1045 2 -0.034 -0.1045 -0.068 -0.209
half 8 0.0 0.0 2.78 -3.399 3.114 -6.24 -1.794 -6.669 -2.432 -2.115 -3.95 -2.395 -4.261 -2.448 -5.958 -0.811 4 0.0 0.0 2.78 -3.399 3.114 -6.24 -0.11892646929839135 -6.522584648600042 6 -0.11892646929839135 -6.522584648600042 -1.794 -6.669 -2.432 -2.115 -3.95 -2.395 -4.261 -2.448 -5.958 -0.811
half 2 0.0 0.0 -0.503 -0.422 2 0.0 0.0 -0.2515 -0.211 2 -0.2515 -0.211 -0.503 -0.422
half 8 0.0 0.0 1.071 -0.403 1.353 1.393 2.803 0.597 5.394 2.673 6.899 0.16 3.405 -1.697 2.631 1.156 6 0.0 0.0 1.071 -0.403 1.353 1.393 2.803 0.597 5.394 2.673 5.883545523645945 1.855572823307469 4 5.883545523645945 1.855572823307469 6.899 0.16 3.405 -1.697 2.631 1.156
half 7 0.0 0.0 -1.374 -2.334 -1.524 -3.208 -2.264 -2.989 -5.261 -3.456 -5.713 -4.09 -7.102 -6.219 5 0.0 0.0 -1.374 -2.334 -1.524 -3.208 -2.264 -2.989 -3.245618103094581 -3.1419581762246143 4 -3.245618103094581 -3.1419581762246143 -5.261 -3.456 -5.713 -4.09 -7.102 -6.219
half 7 0.0 0.0 -0.339 1.91 -0.597 5.456 -0.225 5.741 -0.127 8.036 -0.17 10.438 -3.975 12.567 5 0.0 0.0 -0.339 1.91 -0.597 5.456 -0.225 5.741 -0.1589635603645161 7.28746560166771 4 -0.1589635603645161 7.28746560166771 -0.127 8.036 -0.17 10.438 -3.975 12.567
half 10 0.0 0.0 3.813 0.393 5.94 3.79 6.878 2.791 10.027 5.909 7.158 8.848 8.837 12.085 10.146 12.072 10.288 7.15 12.368 6.071 6 0.0 0.0 3.813 0.393 5.94 3.79 6.878 2.791 10.027 5.909 9.088507131675199 6.87039091669801 6 9.088507131675199 6.87039091669801 7.158 8.848 8.837 12.085 10.146 12.072 10.288 7.15 12.368 6.071
half 9 0.0 0.0 -2.283 4.271 -2.011 5.181 -1.452 4.758 -1.883 4.223 -2.01 0.168 -1.077 -1.022 -0.569 -3.261 -3.728 -5.082 6 0.0 0.0 -2.283 4.271 -2.011 5.181 -1.452 4.758 -1.883 4.223 -1.9507830784921032 2.058745013500169 5 -1.9507830784921032 2.058745013500169 -2.01 0.168 -1.077 -1.022 -0.569 -3.261 -3.728 -5.082
half 2 0.0 0.0 -1.378 0.463 2 0.0 0.0 -0.689 0.2315 2 -0.689 0.2315 -1.378 0.463
half 6 0.0 0.0 4.458 -0.138 4.585 0.145 7.931 0.57 8.89 0.576 12.335 1.718 4 0.0 0.0 4.458 -0.138 4.585 0.145 6.16774719204049 0.34603632893520864 4 6.16774719204049 0.34603632893520864 7.931 0.57 8.89 0.576 12.335 1.718
half 5 0.0 0.0 1.995 0.806 2.556 0.027 4.658 -1.053 5.437 -3.22 4 0.0 0.0 1.995 0.806 2.556 0.027 3.247265237521336 -0.32816957969697547 3 3.247265237521336 -0.32816957969697547 4.658 -1.053 5.437 -3.22
half 6 0.0 0.0 0.077 4.852 -1.856 6.964 -3.487 5.738 -2.577 4.466 -2.375 3.412 3 0.0 0.0 0.077 4.852 -0.8304133299094175 5.843441775876197 5 -0.8304133299094175 5.843441775876197 -1.856 6.964 -3.487 5.738 -2.577 4.466 -2.375 3.412
half 9 0.0 0.0 -1.321 2.578 -0.065 6.101 1.535 7.269 2.52 7.951 2.815 9.003 3.8 8.611 4.782 12.399 3.041 13.294 5 0.0 0.0 -1.321 2.578 -0.065 6.101 1.535 7.269 1.7831550111022318 7.440819002610885 6 1.7831550111022318 7.440819002610885 2.52 7.951 2.815 9.003 3.8 8.611 4.782 12.399 3.041 13.294
half 8 0.0 0.0 0.266 4.004 0.258 5.331 0.625 6.159 1.78 6.316 3.369 5.686 5.836 5.324 6.298 4.965 4 0.0 0.0 0.266 4.004 0.258 5.331 0.5658220818958004 6.025486876865729 6 0.5658220818958004 6.025486876865729 0.625 6.159 1.78 6.316 3.369 5.686 5.836 5.324 6.298 4.965
half 10 0.0 0.0 -3.541 0.256 -4.343 1.26 -4.698 5.659 -3.318 5.754 -5.357 9.612 -6.193 9.09 -6.433 9.3 -6.66 10.677 -8.296 11.994 5 0.0 0.0 -3.541 0.256 -4.343 1.26 -4.698 5.659 -4.050176580715943 5.703596539733322 7 -4.050176580715943 5.703596539733322 -3.318 5.754 -5.357 9.612 -6.193 9.09 -6.433 9.3 -6.66 10.677 -8.296 11.994
half 9 0.0 0.0 -0.89 -0.011 -1.079 0.558 -3.09 3.428 -4.799 6.669 -2.686 8.38 -0.028 5.484 -3.141 3.071 -4.808 2.278 6 0.0 0.0 -0.89 -0.011 -1.079 0.558 -3.09 3.428 -4.799 6.669 -3.331564615311729 7.8572545874120365 5 -3.331564615311729 7.8572545874120365 -2.686 8.38 -0.028 5.484 -3.141 3.071 -4.808 2.278
half 3 0.0 0.0 0.143 -1.673 1.258 -1.588 2 0.0 0.0 0.11911705742651116 -1.3935862732486237 3 0.11911705742651116 -1.3935862732486237 0.143 -1.673 1.258 -1.588
half 8 0.0 0.0 -0.332 -1.33 -3.376 -2.061 -4.169 -1.234 -4.812 -0.345 -7.525 1.055 -6.91 2.067 -6.668 2.153 4 0.0 0.0 -0.332 -1.33 -3.376 -2.061 -4.149626551474921 -1.254204088184413 6 -4.149626551474921 -1.254204088184413 -4.169 -1.234 -4.812 -0.345 -7.525 1.055 -6.91 2.067 -6.668 2.153
half 4 0.0 0.0 -2.938 -1.26 -6.59 0.766 -6.547 1.273 3 0.0 0.0 -2.938 -1.26 -3.5887528903268566 -0.8989853899774887 3 -3.5887528903268566 -0.8989853899774887 -6.59 0.766 -6.547 1.273
half 6 0.0 0.0 0.533 0.479 4.053 -1.601 4.24 -5.041 4.121 -5.788 6.191 -9.617 4 0.0 0.0 0.533 0.479 4.053 -1.601 4.154748092737766 -3.4727296204166462 4 4.154748092737766 -3.4727296204166462 4.24 -5.041 4.121 -5.788 6.191 -9.617
half 5 0.0 0.0 -0.33 0.378 -3.251 2.674 -7.667 1.207 -9.398 2.585 4 0.0 0.0 -0.33 0.378 -3.251 2.674 -4.507805015554762 2.2564880077403 3 -4.507805015554762 2.2564880077403 -7.667 1.207 -9.398 2.585
half 6 0.0 0.0 0.631 -0.065 1.926 -1.144 3.209 1.408 1.612 3.305 1.745 3.798 4 0.0 0.0 0.631 -0.065 1.926 -1.144 2.7180632374550107 0.4314835401287507 4 2.7180632374550107 0.4314835401287507 3.209 1.408 1.612 3.305 1.745 3.798
half 2 0.0 0.0 0.568 0.341 2 0.0 0.0 0.284 0.1705 2 0.284 0.1705 0.568 0.341
half 4 0.0 0.0 -3.129 -1.368 -5.218 0.793 -8.625 -0.924 3 0.0 0.0 -3.129 -1.368 -4.312582615784362 -0.14362372775969057 3 -4.312582615784362 -0.14362372775969057 -5.218 0.793 -8.625 -0.924
half 9 0.0 0.0 -3.82 -2.691 -3.648 -3.165 -4.885 -3.467 -7.054 0.237 -7.309 1.463 -9.531 2.779 -10.2 2.541 -8.452 -1.033 5 0.0 0.0 -3.82 -2.691 -3.648 -3.165 -4.885 -3.467 -6.493287726844625 -0.7205280128019864 6 -6.493287726844625 -0.7205280128019864 -7.054 0.237 -7.309 1.463 -9.531 2.779 -10.2 2.541 -8.452 -1.033
half 7 0.0 0.0 2.989 -3.641 4.624 -2.603 6.374 -6.783 7.371 -8.106 8.534 -7.343 8.276 -2.921 4 0.0 0.0 2.989 -3.641 4.624 -2.603 5.6592028632564455 -5.075655981949682 5 5.6592028632564455 -5.075655981949682 6.374 -6.783 7.371 -8.106 8.534 -7.343 8.276 -2.921
half 4 0.0 0.0 -2.703 3.807 -3.189 6.148 -5.276 8.748 3 0.0 0.0 -2.703 3.807 -2.8103189841446286 4.323941855725465 3 -2.8103189841446286 4.323941855725465 -3.189 6.148 -5.276 8.748
half 5 0.0 0.0 1.012 2.193 2.489 1.139 2.257 -1.255 4.469 -2.836 4 0.0 0.0 1.012 2.193 2.489 1.139 2.445865367874938 0.6938952185025944 3 2.445865367874938 0.6938952185025944 2.257 -1.255 4.469 -2.836
half 10 0.0 0.0 -0.629 0.473 -1.209 0.543 -3.217 -3.691 -1.176 -5.182 2.553 -8.353 5.013 -7.636 4.361 -6.286 8.148 -3.167 5.77 0.93 7 0.0 0.0 -0.629 0.473 -1.209 0.543 -3.217 -3.691 -1.176 -5.182 2.553 -8.353 2.6609829148592437 -8.321526930912976 5 2.6609829148592437 -8.321526930912976 5.013 -7.636 4.361 -6.286 8.148 -3.167 5.77 0.93
half 9 0.0 0.0 0.401 0.91 1.655 5.383 1.824 5.843 1.134 7.443 -2.022 8.754 -2.012 9.081 -0.477 11.868 2.683 9.706 6 0.0 0.0 0.401 0.91 1.655 5.383 1.824 5.843 1.134 7.443 -0.19712184665369814 7.995947002839986 5 -0.19712184665369814 7.995947002839986 -2.022 8.754 -2.012 9.081 -0.477 11.868 2.683 9.706
half 6 0.0 0.0 -0.239 0.487 0.661 2.002 -0.001 4.656 3.361 7.416 6.066 8.613 5 0.0 0.0 -0.239 0.487 0.661 2.002 -0.001 4.656 0.8754164664200416 5.37548526095161 3 0.8754164664200416 5.37548526095161 3.361 7.416 6.066 8.613
half 7 0.0 0.0 -1.54 3.538 -4.642 0.89 -9.223 1.039 -9.559 -0.781 -7.848 -1.911 -6.637 -1.864 4 0.0 0.0 -1.54 3.538 -4.642 0.89 -5.5212390263457785 0.9185978203286446 5 -5.5212390263457785 0.9185978203286446 -9.223 1.039 -9.559 -0.781 -7.848 -1.911 -6.637 -1.864
half 6 0.0 0.0 1.338 -3.534 1.237 -8.344 0.74 -9.006 -1.349 -8.739 -1.82 -5.931 3 0.0 0.0 1.338 -3.534 1.266483486057466 -6.939885465976124 5 1.266483486057466 -6.939885465976124 1.237 -8.344 0.74 -9.006 -1.349 -8.739 -1.82 -5.931
half 9 0.0 0.0 3.373 1.315 3.484 0.927 4.176 1.265 2.21 3.354 2.315 4.877 4.389 5.357 5.838 7.058 6.684 11.54 6 0.0 0.0 3.373 1.315 3.484 0.927 4.176 1.265 2.21 3.354 2.3058951362111033 4.744936118566764 5 2.3058951362111033 4.744936118566764 2.315 4.877 4.389 5.357 5.838 7.058 6.684 11.54
half 2 0.0 0.0 0.714 -2.259 2 0.0 0.0 0.357 -1.1295 2 0.357 -1.1295 0.714 -2.259
half 5 0.0 0.0 3.302 2.756 4.434 0.656 3.103 -2.088 2.344 -2.052 3 0.0 0.0 3.302 2.756 3.7514171061791832 1.9222756864167094 4 3.7514171061791832 1.9222756864167094 4.434 0.656 3.103 -2.088 2.344 -2.052
half 9 0.0 0.0 -1.655 -0.414 -1.774 1.155 1.476 2.999 0.884 3.687 -2.531 1.21 -1.534 0.436 -1.034 0.297 -1.028 -0.995 5 0.0 0.0 -1.655 -0.414 -1.774 1.155 1.476 2.999 1.0900888353892446 3.4474913534665537 6 1.0900888353892446 3.4474913534665537 0.884 3.687 -2.531 1.21 -1.534 0.436 -1.034 0.297 -1.028 -0.995
half 10 0.0 0.0 -0.967 1.134 0.429 2.05 -0.448 2.668 -3.302 0.723 -3.698 0.471 -6.678 -2.013 -5.977 -2.768 -5.489 -3.582 -6.947 -3.871 6 0.0 0.0 -0.967 1.134 0.429 2.05 -0.448 2.668 -3.302 0.723 -3.3559822259596634 0.6886476743893052 6 -3.3559822259596634 0.6886476743893052 -3.698 0.471 -6.678 -2.013 -5.977 -2.768 -5.489 -3.582 -6.947 -3.871
half 5 0.0 0.0 -2.14 -1.214 -3.845 0.049 -5.174 1.525 -4.658 1.854 3 0.0 0.0 -2.14 -1.214 -3.0478456017684232 -0.5415020556988163 4 -3.0478456017684232 -0.5415020556988163 -3.845 0.049 -5.174 1.525 -4.658 1.854
half 7 0.0 0.0 -0.276 -2.476 -0.044 -2.834 -2.623 -5.362 -5.201 -8.242 -5.669 -7.805 -7.27 -3.374 5 0.0 0.0 -0.276 -2.476 -0.044 -2.834 -2.623 -5.362 -3.519280517618014 -6.363275364910738 4 -3.519280517618014 -6.363275364910738 -5.201 -8.242 -5.669 -7.805 -7.27 -3.374
half 3 0.0 0.0 2.819 -2.06 6.492 -1.285 3 0.0 0.0 2.819 -2.06 2.9473745184521443 -2.0329130814591854 2 2.9473745184521443 -2.0329130814591854 6.492 -1.285
half 10 0.0 0.0 1.847 2.224 2.932 3.729 2.612 4.404 2.258 4.044 0.968 4.874 0.529 4.408 -3.337 4.126 -2.725 -0.38 -2.635 -3.469 8 0.0 0.0 1.847 2.224 2.932 3.729 2.612 4.404 2.258 4.044 0.968 4.874 0.529 4.408 -1.1373754981843147 4.2864485539348225 4 -1.1373754981843147 4.2864485539348225 -3.337 4.126 -2.725 -0.38 -2.635 -3.469
half 3 0.0 0.0 2.523 -1.365 4.287 -0.348 2 0.0 0.0 2.1569350263647933 -1.1669505790677537 3 2.1569350263647933 -1.1669505790677537 2.523 -1.365 4.287 -0.348
half 2 0.0 0.0 3.473 -0.071 2 0.0 0.0 1.7365 -0.0355 2 1.7365 -0.0355 3.473 -0.071
half 5 0.0 0.0 0.734 -1.333 3.193 -0.836 3.469 1.2 5.418 3.187 4 0.0 0.0 0.734 -1.333 3.193 -0.836 3.247234703958184 -0.4359208070331063 3 3.247234703958184 -0.4359208070331063 3.469 1.2 5.418 3.187
half 3 0.0 0.0 -4.377 -0.032 -5.777 1.677 2 0.0 0.0 -3.2930836480379875 -0.024075548717664062 3 -3.2930836480379875 -0.024075548717664062 -4.377 -0.032 -5.777 1.677
half 7 0.0 0.0 -0.975 3.413 0.07 3.847 1.794 -0.086 2.757 -0.368 7.57 -1.437 6.027 -3.906 4 0.0 0.0 -0.975 3.413 0.07 3.847 1.767882753126903 -0.026418136918857194 5 1.767882753126903 -0.026418136918857194 1.794 -0.086 2.757 -0.368 7.57 -1.437 6.027 -3.906
half 5 0.0 0.0 -0.184 -2.347 -0.097 -2.949 1.59 -2.712 1.854 -3.613 3 0.0 0.0 -0.184 -2.347 -0.11988579237476625 -2.790640838970008 4 -0.11988579237476625 -2.790640838970008 -0.097 -2.949 1.59 -2.712 1.854 -3.613
half 9 0.0 0.0 -2.835 -1.575 -1.937 -6.152 -2.888 -6.332 -3.123 -6.642 -3.868 -6.934 -1.713 -9.483 -1.197 -9.295 -0.894 -9.829 3 0.0 0.0 -2.835 -1.575 -2.0572606436508094 -5.539045694888915 8 -2.0572606436508094 -5.539045694888915 -1.937 -6.152 -2.888 -6.332 -3.123 -6.642 -3.868 -6.934 -1.713 -9.483 -1.197 -9.295 -0.894 -9.829
half 6 0.0 0.0 1.323 -1.58 1.53 -6.298 -1.128 -5.221 -1.744 -5.37 -2.157 -5.569 3 0.0 0.0 1.323 -1.58 1.4681266074942243 -4.887764899312801 5 1.4681266074942243 -4.887764899312801 1.53 -6.298 -1.128 -5.221 -1.744 -5.37 -2.157 -5.569
half 9 0.0 0.0 -3.612 -0.56 -5.167 3.744 -4.808 4.32 -4.204 8.283 -3.197 10.497 -3.855 13.019 -2.54 17.036 0.822 15.63 5 0.0 0.0 -3.612 -0.56 -5.167 3.744 -4.808 4.32 -4.204702947319933 8.278387781077987 6 -4.204702947319933 8.278387781077987 -4.204 8.283 -3.197 10.497 -3.855 13.019 -2.54 17.036 0.822 15.63
half 9 0.0 0.0 2.957 -2.723 3.62 -4.422 2.04 -4.849 -1.579 -2.591 -3.152 -4.814 -4.882 -9.354 -5.124 -9.434 -5.444 -9.64 5 0.0 0.0 2.957 -2.723 3.62 -4.422 2.04 -4.849 -0.08209919667862176 -3.5249602138435128 6 -0.08209919667862176 -3.5249602138435128 -1.579 -2.591 -3.152 -4.814 -4.882 -9.354 -5.124 -9.434 -5.444 -9.64
half 3 0.0 0.0 -4.052 -1.21 -5.902 2.338 2 0.0 0.0 -3.943026883401848 -1.1774586695252311 3 -3.943026883401848 -1.1774586695252311 -4.052 -1.21 -5.902 2.338
half 5 0.0 0.0 -0.636 -0.146 -2.314 2.743 -1.85 6.171 -4.688 7.319 4 0.0 0.0 -0.636 -0.146 -2.314 2.743 -2.144512895179198 3.9951590416502354 3 -2.144512895179198 3.9951590416502354 -1.85 6.171 -4.688 7.319
half 7 0.0 0.0 -3.533 -0.638 -6.089 -3.8 -6.451 -8.207 -4.928 -8.78 -1.456 -6.664 -0.016 -2.154 4 0.0 0.0 -3.533 -0.638 -6.089 -3.8 -6.383446126342608 -7.384596902739977 5 -6.383446126342608 -7.384596902739977 -6.451 -8.207 -4.928 -8.78 -1.456 -6.664 -0.016 -2.154
half 7 0.0 0.0 2.451 -0.873 5.459 -4.256 4.727 -4.597 3.498 -5.498 1.13 -8.608 -0.062 -6.537 4 0.0 0.0 2.451 -0.873 5.459 -4.256 4.778632441279241 -4.572947182409535 5 4.778632441279241 -4.572947182409535 4.727 -4.597 3.498 -5.498 1.13 -8.608 -0.062 -6.537
half 3 0.0 0.0 -0.884 1.443 -1.996 0.092 3 0.0 0.0 -0.884 1.443 -0.9022821891977516 1.4207884553901418 2 -0.9022821891977516 1.4207884553901418 -1.996 0.092
half 7 0.0 0.0 -1.776 2.262 -2.232 2.277 -4.647 -2.04 -3.967 -2.939 -1.42 -3.066 -1.585 -1.729 4 0.0 0.0 -1.776 2.262 -2.232 2.277 -3.852619806360873 -0.6199837283891876 5 -3.852619806360873 -0.6199837283891876 -4.647 -2.04 -3.967 -2.939 -1.42 -3.066 -1.585 -1.729
half 5 0.0 0.0 -0.333 -0.048 0.045 -2.366 -2.722 -6.49 -1.807 -7.533 4 0.0 0.0 -0.333 -0.048 0.045 -2.366 -0.9770171284647334 -3.889237671770351 3 -0.9770171284647334 -3.889237671770351 -2.722 -6.49 -1.807 -7.533
half 8 0.0 0.0 -3.381 3.126 -3.241 6.009 -1.753 5.621 -1.534 5.537 -0.645 6.343 -4.501 8.542 -7.565 6.682 5 0.0 0.0 -3.381 3.126 -3.241 6.009 -1.753 5.621 -1.5527094039653422 5.544176209740131 5 -1.5527094039653422 5.544176209740131 -1.534 5.537 -0.645 6.343 -4.501 8.542 -7.565 6.682
half 5 0.0 0.0 4.661 0.116 8.169 -2.653 9.085 -1.453 11.425 -1.305 3 0.0 0.0 4.661 0.116 6.097842068841812 -1.0181549853543266 4 6.097842068841812 -1.0181549853543266 8.169 -2.653 9.085 -1.453 11.425 -1.305
half 3 0.0 0.0 -1.467 0.115 -2.516 -0.341 2 0.0 0.0 -1.3036636000896866 0.10219585140444033 3 -1.3036636000896866 0.10219585140444033 -1.467 0.115 -2.516 -0.341
half 3 0.0 0.0 2.176 -1.442 3.719 -3.981 3 0.0 0.0 2.176 -1.442 2.2696522410313484 -1.5961043681001899 2 2.2696522410313484 -1.5961043681001899 3.719 -3.981
half 8 0.0 0.0 2.187 4.319 2.659 4.503 4.878 1.123 4.523 0.21 4.156 -0.408 4.903 -1.296 5.754 -4.137 4 0.0 0.0 2.187 4.319 2.659 4.503 3.899316270320078 2.613739525154636 6 3.899316270320078 2.613739525154636 4.878 1.123 4.523 0.21 4.156 -0.408 4.903 -1.296 5.754 -4.137
half 10 0.0 0.0 -4.406 2.246 -7.04 5.769 -10.138 5.179 -10.76 10.063 -10.707 10.699 -10.614 12.086 -11.635 15.513 -10.123 18.471 -12.289 18.692 5 0.0 0.0 -4.406 2.246 -7.04 5.769 -10.138 5.179 -10.360915591827112 6.929353296597451 7 -10.360915591827112 6.929353296597451 -10.76 10.063 -10.707 10.699 -10.614 12.086 -11.635 15.513 -10.123 18.471 -12.289 18.692
half 3 0.0 0.0 -2.132 3.027 -2.75 2.822 2 0.0 0.0 -1.2534668753617586 1.779664273789889 3 -1.2534668753617586 1.779664273789889 -2.132 3.027 -2.75 2.822
half 7 0.0 0.0 -1.517 -4.598 -2.045 -4.599 -2.738 -2.737 -4.775 -0.585 -4.259 3.706 -4.993 4.132 5 0.0 0.0 -1.517 -4.598 -2.045 -4.599 -2.738 -2.737 -3.0051368430271013 -2.4547817937190373 4 -3.0051368430271013 -2.4547817937190373 -4.775 -0.585 -4.259 3.706 -4.993 4.132
half 8 0.0 0.0 -0.032 0.969 1.038 4.665 1.487 4.783 4.365 3.579 5.565 -0.614 7.046 -1.357 7.456 -2.218 5 0.0 0.0 -0.032 0.969 1.038 4.665 1.487 4.783 3.7056989195001844 3.8548160183883873 5 3.7056989195001844 3.8548160183883873 4.365 3.579 5.565 -0.614 7.046 -1.357 7.456 -2.218
half 5 0.0 0.0 1.406 -2.039 0.106 -5.571 -4.343 -5.233 -7.139 -2.828 4 0.0 0.0 1.406 -2.039 0.106 -5.571 -0.8459829563084074 -5.498675828448586 3 -0.8459829563084074 -5.498675828448586 -4.343 -5.233 -7.139 -2.828
half 9 0.0 0.0 2.469 -0.847 2.471 -1.077 1.388 -4.62 -2.907 -5.262 -3.911 -6.45 -4.429 -8.218 -3.583 -9.956 -3.0 -12.094 5 0.0 0.0 2.469 -0.847 2.471 -1.077 1.388 -4.62 -1.2548474688584648 -5.015042625147179 6 -1.2548474688584648 -5.015042625147179 -2.907 -5.262 -3.911 -6.45 -4.429 -8.218 -3.583 -9.956 -3.0 -12.094
half 7 0.0 0.0 -1.977 2.687 -5.92 1.327 -5.168 -3.29 -3.097 -3.452 -3.031 -0.372 -5.554 -1.004 4 0.0 0.0 -1.977 2.687 -5.92 1.327 -5.523737070119752 -1.105906844756789 5 -5.523737070119752 -1.105906844756789 -5.168 -3.29 -3.097 -3.452 -3.031 -0.372 -5.554 -1.004
at 5 0.0 0.0 -4.486 -1.732 -3.501 -3.59 0.132 -0.921 0.94 -1.294 1.0 0.94 -1.294
at 2 0.0 0.0 0.786 0.465 0.0 0.0 0.0
at 4 0.0 0.0 1.477 2.868 -0.471 6.632 -1.554 8.349 0.8607753098401532 -0.848814653196743 7.230991467718197
at 5 0.0 0.0 0.208 -0.599 0.919 -2.093 4.007 -4.665 6.335 -4.806 1.0005 6.335 -4.806
at 2 0.0 0.0 0.284 -3.99 0.11463975999233789 0.032557691837823956 -0.4574126423694282
at 7 0.0 0.0 -2.526 -0.404 -2.24 4.39 -5.223 7.078 -4.769 7.907 -2.972 5.538 -0.246 4.626 1.0 -0.246 4.626
at 3 0.0 0.0 0.156 3.625 3.876 2.681 0.5 0.2575573872793281 3.5992284479592245
at 8 0.0 0.0 -2.602 1.444 -5.893 1.372 -6.313 4.679 -7.103 7.516 -9.133 7.543 -11.066 7.333 -13.744 10.787 1.0005 -13.744 10.787
at 3 0.0 0.0 -1.088 1.415 -2.376 3.715 0.07412424311830845 -0.19975157502396648 0.2597872046497358
at 4 0.0 0.0 1.795 2.103 1.415 2.745 -0.118 6.962 0.5 1.2482601156265285 3.2036706408368754
at 4 0.0 0.0 1.894 1.394 2.731 1.587 3.668 -0.536 0.0 0.0 0.0
at 7 0.0 0.0 -2.827 -1.749 -3.34 -0.638 -5.07 1.228 -8.929 2.89 -11.501 -1.293 -14.923 -3.396 0.0 0.0 0.0
at 6 0.0 0.0 0.592 0.492 1.363 0.625 1.568 0.395 -0.776 -2.599 -2.339 -3.761 1.0 -2.339 -3.761
at 7 0.0 0.0 -1.623 -0.694 -1.817 -1.829 -3.093 -2.788 -5.794 -2.068 -5.997 -2.525 -6.584 -4.485 0.8897772779207621 -6.272382133285376 -3.4445042269835384
at 3 0.0 0.0 1.088 -3.379 4.896 -5.223 1.0005 4.896 -5.223
at 4 0.0 0.0 1.525 -0.511 4.904 1.35 5.571 -1.524 0.939944881713614 5.4567335289812435 -1.0316434217272796
at 2 0.0 0.0 -3.966 2.01 1.0005 -3.966 2.01
at 5 0.0 0.0 1.082 4.489 3.105 7.259 7.46 7.681 8.148 8.125 1.0 8.148 8.125
at 4 0.0 0.0 -0.591 0.218 -1.118 0.452 -1.424 -0.479 0.5 -1.014475798875888 0.40603289741358206
at 7 0.0 0.0 -1.058 -1.787 -4.398 0.778 -4.65 0.681 -3.376 -2.558 -3.441 -4.459 -2.988 -6.988 0.5 -4.394892640763011 0.0324185741219728
at 7 0.0 0.0 -2.055 3.223 -2.352 3.312 -3.263 4.13 0.19 7.31 2.653 7.832 2.646 8.386 1.0 2.646 8.386
at 6 0.0 0.0 -1.076 -3.631 3.551 -3.948 7.678 -3.518 10.715 -1.148 12.415 -5.79 0.5 5.798942977183527 -3.7137825344829376
at 2 0.0 0.0 -4.046 1.17 1.0005 -4.046 1.17
at 2 0.0 0.0 1.94 -3.06 1.0 1.94 -3.06
at 2 0.0 0.0 0.462 -0.14 1.0 0.462 -0.14
at 7 0.0 0.0 -1.743 -0.421 -1.777 -0.201 -2.128 -0.334 -5.266 -1.42 -8.583 -0.603 -9.138 0.391 1.0005 -9.138 0.391
at 4 0.0 0.0 0.866 -1.753 -2.263 -4.156 -1.135 -6.069 0.5 -0.8038082643388819 -3.0353743238115474
at 5 0.0 0.0 -2.329 -1.404 -6.151 1.367 -6.314 0.852 -6.502 -0.733 0.5 -4.003931704931624 -0.18965260220682123
at 7 0.0 0.0 1.295 -0.326 3.309 -2.698 3.634 -3.341 6.206 -5.054 9.363 -3.941 13.356 -2.755 0.5 5.8959975559813955 -4.847532586856971
at 2 0.0 0.0 2.226 -3.055 0.6271193073231925 1.3959675781014267 -1.9158494838723532
at 6 0.0 0.0 -0.294 0.083 -0.773 -0.184 3.066 -3.149 4.226 -0.959 4.792 -1.3 0.0 0.0 0.0
at 7 0.0 0.0 4.44 0.398 5.665 0.179 7.606 1.344 4.388 3.689 4.502 4.934 8.671 4.358 1.0005 8.671 4.358
at 7 0.0 0.0 -3.17 0.014 -3.611 2.043 -3.297 2.059 -3.251 1.813 -0.883 2.114 1.331 2.153 0.5 -3.602468849189178 2.003748968264947
at 3 0.0 0.0 0.447 -3.381 -0.344 -6.468 0.5 0.43234056972953394 -3.2701196113099646
at 4 0.0 0.0 0.009 -0.549 4.453 -2.232 4.489 -2.439 0.5 2.0725021299696533 -1.3304748165479134
at 5 0.0 0.0 0.025 1.642 -2.102 0.891 -2.271 -3.196 -5.34 -6.114 0.5 -2.1934598934730363 -1.3208141102029534
at 4 0.0 0.0 2.927 -2.663 1.691 -4.831 0.912 -5.19 1.0 0.912 -5.19
at 5 0.0 0.0 0.84 -4.474 -0.277 -5.386 -4.063 -5.891 -4.48 -4.077 0.5 -0.15563772942685106 -5.286911019908047
at 7 0.0 0.0 -2.711 0.742 -3.012 1.643 -4.661 2.047 -5.4 3.909 -5.05 4.019 -0.964 2.624 0.5 -4.887742716389408 2.6183057346645158
at 7 0.0 0.0 2.737 -2.009 4.832 -2.224 6.163 -1.665 5.61 2.349 6.52 2.505 7.416 2.648 0.5 5.673297178972336 -1.8706678264120693
at 4 0.0 0.0 -0.764 -3.485 -4.385 -4.98 -7.848 -4.04 0.5 -2.583996771003733 -4.2364209258907986
at 6 0.0 0.0 0.419 3.192 -1.89 3.443 -2.89 5.698 -2.346 8.269 -1.768 10.065 0.5 -2.18176415673589 4.100928173439431
at 2 0.0 0.0 -0.127 1.12 1.0005 -0.127 1.12
at 8 0.0 0.0 0.141 1.954 -0.249 2.105 1.805 4.394 1.754 4.958 2.031 5.867 -1.251 9.215 -2.4 11.045 1.0 -2.4 11.045
at 4 0.0 0.0 0.08 0.484 1.713 1.191 2.16 0.871 0.5803882488082651 1.1316672646167982 0.939314608747138
at 8 0.0 0.0 2.796 3.696 0.377 6.718 -1.545 6.494 -1.881 9.252 -1.358 9.27 0.258 7.138 3.542 3.745 0.8063655057893007 0.695232461538805 6.686255255176259
at 8 0.0 0.0 2.049 0.346 6.155 -0.924 9.0 -3.435 7.854 -6.086 8.171 -8.355 9.992 -8.075 14.426 -6.805 1.0005 14.426 -6.805
at 2 0.0 0.0 -2.152 -2.106 1.0 -2.152 -2.106
at 8 0.0 0.0 -1.248 -1.005 -0.947 -1.18 -3.84 -4.162 -7.432 -4.554 -7.115 -3.56 -8.126 -3.035 -7.961 -2.811 0.0 0.0 0.0
at 8 0.0 0.0 0.876 -0.123 3.132 -3.734 2.885 -4.014 4.141 -4.512 4.246 -5.415 5.649 -6.627 9.239 -9.226 0.5 4.15995554482728 -4.675017685514613
at 2 0.0 0.0 1.102 2.181 0.5 0.551 1.0905
at 8 0.0 0.0 0.545 -0.385 4.957 -0.252 4.716 1.035 3.494 3.226 0.473 3.023 -0.12 3.437 -4.143 6.165 0.0 0.0 0.0
at 7 0.0 0.0 0.541 -1.017 -2.354 -1.897 -3.113 -2.906 -2.599 -6.066 -3.826 -6.796 -4.371 -10.29 0.5 -2.8942386713566983 -4.250914004888781
at 2 0.0 0.0 1.928 0.318 0.0 0.0 0.0
at 5 0.0 0.0 -1.924 3.97 -3.97 1.53 -6.094 0.723 -6.491 0.536 0.9557326935362951 -6.077713335246702 0.7291880124557025
at 3 0.0 0.0 -0.022 0.275 1.288 5.013 0.5 0.5962406173933229 2.5110488894729492
at 2 0.0 0.0 0.393 -0.139 0.0 0.0 0.0
at 4 0.0 0.0 2.06 0.219 2.397 -0.365 1.869 -1.277 1.0005 1.869 -1.277
at 6 0.0 0.0 0.704 -1.624 3.257 0.259 4.044 2.638 6.266 2.978 8.668 1.956 0.0 0.0 0.0
at 4 0.0 0.0 -0.669 0.333 -2.18 1.359 0.296 5.47 0.0 0.0 0.0
at 3 0.0 0.0 -1.922 -3.089 -0.134 -4.837 1.0005 -0.134 -4.837
at 4 0.0 0.0 -3.877 1.279 -4.891 1.957 -6.207 1.113 0.0 0.0 0.0
at 5 0.0 0.0 -1.762 0.296 -2.073 -4.585 -0.074 -5.294 -0.513 -9.017 1.0 -0.513 -9.017
at 6 0.0 0.0 -2.204 -3.459 1.232 -5.048 3.088 -7.664 2.735 -10.315 2.288 -10.683 1.0005 2.288 -10.683
at 7 0.0 0.0 -2.183 -0.866 -3.734 1.432 -4.329 1.762 -7.875 0.146 -9.759 2.589 -10.672 1.933 0.5 -5.3776668072234495 1.2840965706505656
at 5 0.0 0.0 -1.474 -1.378 -3.907 -3.734 -0.614 -5.913 1.642 -5.274 1.0005 1.642 -5.274
at 3 0.0 0.0 -0.25 -2.937 -0.274 -3.665 0.7583433489661638 -0.23643496560053126 -2.777637975875041
at 7 0.0 0.0 -1.264 -0.415 -1.409 2.174 -3.227 1.963 -3.391 3.189 -3.406 3.465 -2.264 6.597 0.5 -2.776716548402983 2.015260620619896
at 5 0.0 0.0 0.317 -1.403 4.559 -2.568 7.476 -3.618 7.892 -4.141 0.5 3.561465756267312 -2.2940425756839744
at 4 0.0 0.0 3.663 1.665 4.595 -1.827 3.143 -5.97 0.5 4.17624424202339 -0.2580138338472955
at 3 0.0 0.0 0.266 -2.326 0.118 -7.153 1.0 0.118 -7.153
at 8 0.0 0.0 1.418 -0.092 4.17 -0.136 4.978 0.897 7.444 -2.064 6.261 -3.913 3.551 -8.088 -0.639 -6.912 0.0 0.0 0.0
at 4 0.0 0.0 3.634 -2.444 3.872 -2.228 3.6 -1.847 0.5 2.1445750975469227 -1.44230642223574
at 3 0.0 0.0 0.269 -0.151 1.758 -0.092 1.0005 1.758 -0.092
at 4 0.0 0.0 -3.609 2.706 -5.363 1.329 -3.708 -0.882 0.5 -3.798147403547871 2.5575074260630455
at 4 0.0 0.0 4.016 0.258 5.245 -0.543 3.266 -2.941 1.0 3.266 -2.941
at 5 0.0 0.0 1.609 -1.087 2.244 1.892 2.897 1.56 5.152 0.892 1.0005 5.152 0.892
at 2 0.0 0.0 1.704 0.119 1.0 1.704 0.119
at 3 0.0 0.0 -2.458 -0.155 -2.092 0.907 1.0005 -2.092 0.907
at 2 0.0 0.0 -2.484 -2.189 0.0 0.0 0.0
at 2 0.0 0.0 -1.658 -2.281 0.36686924816556 -0.6082692134584984 -0.8368287550656424
at 2 0.0 0.0 -2.022 -3.698 1.0005 -2.022 -3.698
at 6 0.0 0.0 0.696 0.549 2.305 -2.58 2.883 -2.624 4.998 -5.621 4.687 -9.033 1.0005 4.687 -9.033
at 6 0.0 0.0 -0.534 3.073 -4.347 5.057 -3.774 6.613 0.077 9.252 -0.634 10.944 0.5 -4.218346974744869 5.406361443799275
at 6 0.0 0.0 0.895 -2.664 0.698 -3.184 2.317 -4.759 4.661 -5.738 5.617 -5.624 1.0 5.617 -5.624
at 4 0.0 0.0 1.83 1.666 3.418 2.856 4.494 3.444 1.0 4.494 3.444
at 5 0.0 0.0 -1.642 -0.735 -1.915 0.876 -0.35 2.885 -3.586 5.481 0.7431279454259079 -1.5566570258254662 3.8530103952542984
at 5 0.0 0.0 -3.372 0.534 -2.81 4.779 -6.843 4.564 -5.498 1.148 0.0 0.0 0.0
at 8 0.0 0.0 1.467 -1.895 -0.024 -3.094 1.107 -5.024 2.582 -3.787 6.969 -5.796 7.992 -3.956 4.949 -0.686 0.8857918781745968 6.4948744617590854 -2.3471927341282317
at 7 0.0 0.0 -0.773 -0.06 -2.003 -2.891 -4.265 -6.517 -4.214 -7.603 -7.17 -7.822 -9.121 -8.544 0.0 0.0 0.0
at 2 0.0 0.0 0.527 1.352 0.5 0.2635 0.676
at 7 0.0 0.0 0.954 4.827 1.594 4.889 0.584 8.488 -2.529 9.382 -4.517 10.599 -8.707 8.617 1.0005 -8.707 8.617
at 7 0.0 0.0 0.376 1.66 -0.642 4.371 -3.264 5.493 -4.637 3.258 -6.67 0.872 -2.807 -1.145 0.5 -3.96166826513222 4.3573200491110615
at 7 0.0 0.0 -1.073 -0.94 -1.751 0.767 -3.174 -0.638 -3.46 0.127 -4.329 2.212 -3.436 6.355 0.0 0.0 0.0
at 3 0.0 0.0 -1.164 0.299 -1.374 -1.751 1.0 -1.374 -1.751
at 7 0.0 0.0 -0.57 2.268 -2.171 3.455 -5.108 5.006 -7.021 2.035 -5.82 -1.324 -3.253 -4.967 0.9734475222775991 -3.5468100655644 -4.550034644000347
at 4 0.0 0.0 0.224 0.247 1.859 0.132 1.659 1.984 1.0005 1.659 1.984
at 5 0.0 0.0 -0.038 0.984 -3.079 4.069 -3.829 5.036 -1.726 8.13 0.6891736452935586 -3.5224518974430383 5.487003247413809
at 5 0.0 0.0 0.807 -4.235 0.584 -7.712 1.661 -7.606 0.761 -3.816 1.0 0.761 -3.816
at 3 0.0 0.0 -0.148 1.153 3.149 1.267 0.0 0.0 0.0
at 6 0.0 0.0 2.89 2.446 3.246 4.082 6.399 5.55 8.749 6.979 11.483 7.184 0.5 4.836823282055895 4.822668752952126
at 3 0.0 0.0 -1.411 -0.189 -1.32 -2.255 0.5 -1.3968219449193708 -0.5108885911712089
at 4 0.0 0.0 -1.542 1.501 -3.075 4.714 -2.401 5.299 0.0 0.0 0.0
at 8 0.0 0.0 0.162 0.274 0.141 2.397 0.326 3.409 2.387 5.69 4.101 5.338 5.776 4.612 7.775 7.469 0.0 0.0 0.0
at 8 0.0 0.0 1.538 -4.145 0.488 -6.81 3.575 -9.915 4.988 -10.097 7.715 -7.846 4.5 -4.27 0.233 -2.153 0.43082432758205835 3.3086480722774243 -9.647094999812568
at 4 0.0 0.0 4.173 -1.191 4.87 0.576 4.418 1.393 0.0 0.0 0.0
at 4 0.0 0.0 1.329 -3.227 1.153 -5.76 1.809 -6.587 0.0 0.0 0.0
at 8 0.0 0.0 -0.76 -2.424 -4.493 -3.605 -5.088 -3.377 -7.613 0.641 -6.089 4.124 -3.009 3.781 -0.677 3.026 0.351019703331123 -5.271763892059862 -3.0845788838429598
at 8 0.0 0.0 -0.073 0.253 -1.524 1.979 -3.226 -0.985 -6.992 -0.747 -7.423 -1.89 -5.151 -2.681 -0.875 -2.28 0.0 0.0 0.0
at 4 0.0 0.0 0.055 -3.485 -3.519 -5.109 -5.758 -6.736 0.5 -1.4052878735848733 -4.148544349944554
at 6 0.0 0.0 4.431 -1.63 6.221 -0.661 5.326 0.82 4.3 4.396 2.223 7.705 0.6065810945059542 4.9709397514048375 2.0575199307761216
at 6 0.0 0.0 0.879 -2.482 -0.01 -3.494 -0.788 -3.831 -3.862 -5.999 -3.92 -7.383 1.0005 -3.92 -7.383
at 7 0.0 0.0 -2.287 -1.483 -1.949 -2.044 0.443 -0.45 1.33 0.981 5.079 1.14 5.361 0.858 0.6928668790874932 1.767565519910307 0.999557726771336
at 3 0.0 0.0 0.069 1.069 3.744 2.197 1.0 3.744 2.197
at 8 0.0 0.0 -0.246 0.128 -3.926 -0.257 -3.801 1.666 -0.441 2.646 -0.4 5.371 -0.881 5.759 -2.188 2.207 0.0 0.0 0.0
at 7 0.0 0.0 -0.578 2.671 -0.536 5.035 -2.518 6.586 -4.918 3.515 -5.629 3.295 -5.437 2.835 0.5 -1.5439682143792135 5.8237783554501314
at 7 0.0 0.0 0.31 -1.084 -0.332 -1.291 -0.935 2.715 -1.646 2.602 -3.643 0.921 -5.66 -0.236 0.0 0.0 0.0
at 2 0.0 0.0 0.526 -4.278 0.5849479004274185 0.30768259562482214 -2.502407118028496
at 3 0.0 0.0 0.97 -3.65 -3.209 -5.492 0.6318845531356355 -0.3984848593949246 -4.253194331420304
at 3 0.0 0.0 2.164 3.583 6.396 2.456 0.0 0.0 0.0
at 2 0.0 0.0 0.463 1.179 0.5 0.2315 0.5895
at 6 0.0 0.0 -0.387 -1.972 0.747 -1.819 0.866 -1.619 0.214 1.319 2.411 2.103 1.0005 2.411 2.103
at 8 0.0 0.0 -1.76 -0.084 -1.315 4.621 -0.699 6.32 3.475 7.742 3.589 7.198 5.098 7.851 6.183 11.6 1.0005 6.183 11.6
at 2 0.0 0.0 2.586 -2.705 0.5 1.293 -1.3525
at 4 0.0 0.0 1.793 -0.516 2.709 0.318 1.461 2.098 1.0 1.461 2.098
at 3 0.0 0.0 -4.852 0.487 -6.219 3.466 1.0005 -6.219 3.466
at 3 0.0 0.0 0.234 0.034 1.335 2.93 0.5 0.7424857653517106 1.371488443649913
at 8 0.0 0.0 -2.677 0.215 -4.643 -1.961 -8.833 -2.573 -10.691 -1.404 -12.916 -4.512 -11.183 -6.363 -11.153 -10.737 0.0 0.0 0.0
at 3 0.0 0.0 -2.471 3.406 -3.256 7.643 0.0 0.0 0.0
at 8 0.0 0.0 -1.092 1.377 -1.256 3.294 -5.623 3.029 -9.972 4.986 -11.364 5.167 -15.095 3.299 -19.411 4.929 0.0 0.0 0.0
at 5 0.0 0.0 1.066 0.816 3.337 4.044 6.217 4.507 6.948 4.071 1.0 6.948 4.071
at 2 0.0 0.0 -0.281 1.798 1.0 -0.281 1.798
at 6 0.0 0.0 -3.145 -1.004 -6.014 1.576 -6.302 1.236 -7.973 4.698 -12.373 2.847 1.0005 -12.373 2.847
at 6 0.0 0.0 2.543 0.062 2.18 3.976 5.89 5.04 7.105 6.438 10.449 5.686 0.8648391050339294 8.390042059541958 6.1490192497680765
at 2 0.0 0.0 -0.438 -4.013 0.7124041980200837 -0.31203303873279664 -2.858878046654596
at 8 0.0 0.0 -1.049 4.421 -2.862 8.267 0.188 9.347 1.233 9.723 1.414 9.6 -0.931 6.703 -1.976 6.447 1.0005 -1.976 6.447
at 4 0.0 0.0 -3.618 -1.729 -7.311 -1.225 -9.92 -0.902 1.0 -9.92 -0.902
at 8 0.0 0.0 0.413 1.709 0.999 6.072 -0.167 8.238 -3.299 11.574 -4.84 9.544 -6.563 9.339 -8.478 13.075 1.0005 -8.478 13.075
at 3 0.0 0.0 -0.914 2.291 -1.659 3.863 1.0 -1.659 3.863
at 8 0.0 0.0 -1.505 3.085 -2.925 3.672 -2.948 4.582 -1.794 4.311 -1.678 8.997 0.014 8.644 4.076 8.893 0.5 -1.751673529869126 6.020843439942032
at 7 0.0 0.0 -1.238 3.663 -2.371 3.711 -1.846 6.898 -0.69 9.841 -0.764 10.352 -1.496 10.785 0.722025278557338 -1.4869911023693139 7.811981994573624
at 5 0.0 0.0 -1.263 -0.305 -2.896 -1.081 -3.315 -0.772 -5.773 2.078 0.4141340988430938 -2.854229202361367 -1.0611505578888063
at 3 0.0 0.0 -0.83 -3.135 -4.572 -5.672 1.0 -4.572 -5.672
at 5 0.0 0.0 -2.814 -2.775 -3.503 -5.615 -2.797 -5.481 0.078 -6.571 1.0 0.078 -6.571
at 2 0.0 0.0 0.23 0.817 0.3089975931684996 0.07106944642875491 0.25245103361866417
at 2 0.0 0.0 3.698 1.385 1.0 3.698 1.385
at 7 0.0 0.0 -1.525 4.32 -1.024 5.946 0.094 5.53 -1.017 3.808 -1.688 2.852 -0.875 1.425 1.0 -0.875 1.425
at 3 0.0 0.0 -1.059 -2.373 -0.151 -6.27 1.0005 -0.151 -6.27
at 3 0.0 0.0 0.295 -0.538 2.459 0.203 1.0005 2.459 0.203
at 6 0.0 0.0 0.207 2.621 2.027 3.736 1.054 6.544 -2.069 6.634 -5.473 9.584 1.0005 -5.473 9.584
at 8 0.0 0.0 1.76 -1.963 -1.336 -5.813 -1.678 -5.764 -4.851 -1.964 -4.157 -0.436 -1.339 -0.828 2.581 -3.021 0.5 -3.614679173365383 -3.4446237444725947
at 3 0.0 0.0 0.155 4.111 -1.41 3.857 1.0 -1.41 3.857
at 6 0.0 0.0 -0.311 -0.53 -1.344 -1.583 -4.756 -4.758 -2.846 -6.36 -0.247 -3.99 1.0 -0.247 -3.99
at 3 0.0 0.0 -2.711 0.935 -5.618 -0.574 0.13014573650214378 -0.755800492708734 0.26066892684716575
at 5 0.0 0.0 3.059 -3.819 3.993 -5.843 5.426 -10.076 4.591 -10.652 0.3692745433233555 2.9101062321294577 -3.6331139916647266
at 8 0.0 0.0 1.693 0.648 2.291 0.989 5.595 4.502 8.86 6.891 9.056 6.988 8.025 9.147 8.287 10.498 1.0005 8.287 10.498
at 2 0.0 0.0 -0.159 -0.493 1.0005 -0.159 -0.493
at 3 0.0 0.0 -0.171 -0.273 0.741 -1.616 1.0005 0.741 -1.616
at 6 0.0 0.0 -3.801 0.517 -4.884 0.656 -4.882 1.326 -5.902 3.246 -2.339 5.569 1.0005 -2.339 5.569
at 5 0.0 0.0 -1.245 0.313 -1.941 -0.347 -1.795 -0.679 -3.143 -2.196 0.09440987869305284 -0.4243822272673982 0.10669207801983584
at 3 0.0 0.0 -0.158 -0.554 -2.071 -0.554 0.08242057366680611 -0.0562655834258828 -0.1972856532780954
at 6 0.0 0.0 0.116 -4.885 2.066 -7.975 3.068 -9.84 0.647 -11.629 -3.042 -13.415 1.0 -3.042 -13.415
at 5 0.0 0.0 -2.304 -0.299 -4.475 -2.301 -6.296 -1.091 -6.656 -1.064 0.5 -3.471852020213636 -1.3759413839095807
at 2 0.0 0.0 -0.046 -0.274 0.5 -0.023 -0.137
at 6 0.0 0.0 0.198 -0.395 0.752 -0.26 1.978 0.89 4.885 3.532 3.773 4.126 0.5 2.901526872738711 1.7293388365241398
at 5 0.0 0.0 -1.128 1.894 -1.375 1.768 -0.519 0.946 -0.798 0.626 0.21222055224851355 -0.44447027895444985 0.7463002733508227
at 3 0.0 0.0 -3.636 -1.298 -3.39 -1.975 0.7883347345946258 -3.401174745532104 -1.214170742491934
at 2 0.0 0.0 -1.079 -0.48 1.0 -1.079 -0.48
at 4 0.0 0.0 -2.395 3.646 -3.52 4.837 0.209 6.878 0.0 0.0 0.0
at 3 0.0 0.0 -3.155 -3.161 -0.619 -4.991 0.5 -2.6821274408007807 -2.6872281585962816
at 6 0.0 0.0 0.014 0.741 -1.318 4.393 -1.514 8.432 -1.402 8.782 0.096 8.629 0.5 -1.3492283318579317 5.036526695786664
at 2 0.0 0.0 -0.138 -3.159 1.0 -0.138 -3.159
at 3 0.0 0.0 -1.347 -4.119 -4.148 -2.839 1.0 -4.148 -2.839
at 8 0.0 0.0 -0.278 -0.788 -4.029 0.343 -7.916 -2.321 -8.626 -0.66 -9.426 -1.265 -9.507 -3.322 -9.745 -3.296 1.0005 -9.745 -3.296
at 4 0.0 0.0 3.687 2.889 5.225 5.388 1.538 6.136 1.0005 1.538 6.136
at 7 0.0 0.0 0.095 4.383 -1.419 4.781 -3.266 6.529 -3.594 6.657 -4.085 8.353 -6.984 9.642 1.0005 -6.984 9.642
at 8 0.0 0.0 -3.098 -2.729 -2.835 -4.574 0.685 -4.833 0.636 -5.108 2.289 -5.271 5.484 -5.448 5.269 -4.863 1.0005 5.269 -4.863
at 3 0.0 0.0 3.404 0.635 8.064 -0.964 1.0005 8.064 -0.964
at 2 0.0 0.0 -1.699 3.648 0.5 -0.8495 1.824
at 8 0.0 0.0 -0.753 3.627 -0.998 5.129 -1.374 5.079 -5.475 2.734 -5.749 3.468 -7.544 6.376 -9.558 6.616 1.0005 -9.558 6.616
at 3 0.0 0.0 -0.09 0.41 0.911 0.459 1.0005 0.911 0.459
at 3 0.0 0.0 -2.491 -2.586 -3.219 -2.046 0.3547253374742335 -1.1066818655092026 -1.1488877174655951
at 8 0.0 0.0 3.298 0.744 3.778 2.321 2.225 3.195 -0.095 6.543 0.136 6.585 -0.629 7.71 -3.521 6.293 1.0005 -3.521 6.293
at 3 0.0 0.0 0.779 1.103 -1.407 3.478 0.5 0.14324552799133783 1.7937213499636655
at 8 0.0 0.0 0.098 3.952 -0.21 6.102 -2.292 7.3 -2.495 7.083 -5.571 6.379 -9.998 5.232 -12.164 9.398 0.0 0.0 0.0
at 5 0.0 0.0 0.768 4.909 -0.413 5.235 -4.347 4.947 -4.591 6.034 0.5 0.13418774893653507 5.083955794959094
at 7 0.0 0.0 -0.16 0.745 -2.302 2.229 -4.692 -0.939 -5.161 -2.197 -3.901 -6.46 -6.348 -6.343 0.0 0.0 0.0
at 5 0.0 0.0 -1.714 0.056 -1.08 -1.582 -0.943 -2.772 -0.812 -2.995 0.0 0.0 0.0
at 3 0.0 0.0 -2.755 -2.659 -6.201 -4.403 1.0005 -6.201 -4.403
at 6 0.0 0.0 1.344 -0.294 2.102 4.162 -0.106 7.617 1.336 7.986 -0.131 10.011 1.0005 -0.131 10.011
at 4 0.0 0.0 3.978 -1.415 4.793 -3.575 7.486 -5.867 0.0 0.0 0.0
at 6 0.0 0.0 4.822 -0.463 5.663 0.755 2.611 4.554 3.019 5.094 6.202 6.095 0.5 4.860628330472612 1.7537581823507686
at 6 0.0 0.0 0.974 -1.403 3.587 -3.589 7.193 -1.456 9.058 -1.405 10.725 1.605 0.5 5.472507072300813 -2.4736958998287206
at 2 0.0 0.0 -0.077 -4.126 1.0005 -0.077 -4.126
at 5 0.0 0.0 1.448 1.49 0.281 4.095 -0.174 3.608 -3.374 3.085 1.0 -3.374 3.085
at 6 0.0 0.0 -2.946 2.836 -3.737 5.295 -7.384 6.073 -7.833 5.947 -8.061 6.073 0.0 0.0 0.0
at 5 0.0 0.0 0.54 2.618 0.95 2.491 3.958 0.765 5.935 1.249 0.0 0.0 0.0
at 6 0.0 0.0 0.772 3.916 1.454 4.861 -2.414 7.437 -4.563 9.383 -4.562 11.159 0.0 0.0 0.0
at 6 0.0 0.0 -0.165 -2.185 2.186 -6.331 3.426 -11.008 5.348 -10.114 7.164 -10.285 0.5 2.4198441219564786 -7.213007224508428
at 2 0.0 0.0 -0.869 0.834 0.5 -0.4345 0.417
place 8 0.0 0.0 0.909 -0.373 2.756 -0.758 1.015 0.541 0.167 -0.376 -1.747 -2.18 -1.711 -2.628 -0.138 -5.31 0.07997021945259863 -2.893377812672803 10.505052924473949
place 3 0.0 0.0 0.005 1.106 -1.071 -1.494 0.0 0.0 0.0
place 3 0.0 0.0 -0.341 -0.413 -0.631 -3.137 0.0 0.0 0.0
place 5 0.0 0.0 2.65 -2.45 0.051 -4.616 1.501 -5.628 4.94 -7.636 0.0 0.0 0.0
place 6 0.0 0.0 -0.86 -4.479 -4.15 -5.112 -4.351 -4.984 -6.896 -4.508 -7.781 -4.478 -4.15 -5.112 7.911157450515447
place 3 0.0 0.0 1.686 0.37 2.498 1.599 3.448525588565577 1.13614141754248 3.199140673012781
place 5 0.0 0.0 -3.062 0.814 -7.445 1.37 -7.504 -2.974 -8.542 -5.195 -4.069420908047494 -2.48662440589416 3.7523936161696736
place 2 0.0 0.0 4.216 0.571 0.0 0.0 0.0
place 2 0.0 0.0 -4.449 1.116 -1.9519680918558544 -1.4442929142707372 1.541907407940398
place 6 0.0 0.0 -3.698 -0.67 -3.779 -1.334 -2.496 2.596 0.041 3.307 2.862 5.278 -2.496 2.596 8.561252095805791
place 6 0.0 0.0 -0.535 4.233 -1.046 6.582 -1.172 8.508 -3.631 9.035 -2.802 11.601 -1.046 6.582 6.6706136688363245
place 6 0.0 0.0 -1.314 -1.765 -3.559 2.04 -2.783 -2.363 -7.628 -2.613 -10.256 -4.1 -3.559 2.04 6.618337545197987
place 2 0.0 0.0 -0.566 -0.184 0.0 0.0 0.0
place 8 0.0 0.0 0.123 -0.237 -2.12 -1.442 -0.206 -1.893 0.383 -2.861 0.73 -2.277 -0.857 -0.363 -2.926 -2.788 -0.912317322422707 -3.6683649044928313 5.912735254053125
place 4 0.0 0.0 0.547 -0.082 -2.421 2.775 -1.916 2.656 -2.421 2.775 4.672756870608401
place 3 0.0 0.0 4.622 1.23 4.999 1.89 0.0 0.0 0.0
place 8 0.0 0.0 -2.77 0.263 -2.881 -1.867 1.153 -3.501 4.603 -2.74 -0.044 -2.194 1.162 1.967 1.607 -0.685 4.097584593112124 -2.116379308249523 13.375384258046296
place 5 0.0 0.0 -0.498 1.291 -3.651 -0.26 -3.647 -1.983 -1.952 -1.25 3.9625458133462548 2.1501862823930926 0.5799886142194629
place 7 0.0 0.0 0.812 1.229 -0.436 -1.524 -0.222 -4.143 -4.542 -4.419 -7.895 -5.439 -7.591 -8.528 -4.542 -4.419 11.452221721483301
place 5 0.0 0.0 0.527 -2.802 -0.967 -2.432 -1.408 -2.186 -3.52 -3.56 0.0 0.0 0.0
place 6 0.0 0.0 1.993 1.185 1.779 -1.804 0.086 -0.45 4.274 0.789 0.165 1.447 -1.9675303786499243 1.4461774167071306 16.011961995796213
place 5 0.0 0.0 0.076 -0.257 0.382 -0.321 1.956 -1.378 -2.468 -0.513 4.622747055127068 -2.0235706137738054 2.476599044128985
place 5 0.0 0.0 -2.049 -3.087 -0.733 -1.89 -0.818 -2.412 0.761 -2.312 -0.733 -1.89 5.484078061489714
place 6 0.0 0.0 -0.256 0.497 -0.248 1.568 0.15 -0.937 0.011 -1.201 0.551 -0.843 2.8053257684407304 4.668802808642104 1.6300871203510257
place 5 0.0 0.0 -0.392 -1.217 2.965 -0.698 2.001 1.522 6.013 2.766 -0.392 -1.217 1.2785745969633528
place 8 0.0 0.0 1.101 -2.69 2.395 -5.926 6.177 -7.399 7.871 -7.8 12.17 -5.435 12.286 -4.581 9.493 -2.467 1.1329507067064188 -4.589923642719809 4.682569152407581
place 5 0.0 0.0 1.819 -0.258 -1.373 -2.833 -2.046 -1.809 -0.062 -3.05 -2.046 -1.809 7.163721921647964
place 5 0.0 0.0 2.879 -3.674 5.428 -0.691 4.428 -2.703 6.211 -6.51 -2.4368184715149175 0.3746474728182303 0.0
place 2 0.0 0.0 0.065 -0.391 4.784265851458674 2.600809877856144 0.0
place 3 0.0 0.0 1.945 1.338 4.115 -0.51 3.659440520930513 -0.37816946934518647 4.778734794764093
place 3 0.0 0.0 -1.971 0.911 -0.584 3.35 -3.1656467895137617 -1.4469726310605138 2.1713502711446626
place 5 0.0 0.0 0.213 0.894 -0.482 3.586 -2.936 3.486 -2.602 3.36 -3.769779665648395 -4.803281226488814 0.0
place 6 0.0 0.0 0.071 -0.433 -1.778 0.106 -1.67 1.168 -2.715 3.922 -5.873 0.599 1.9891213560700107 4.247066789293553 5.012873359774952
place 3 0.0 0.0 0.497 0.241 4.449 -0.481 -3.459910141601589 -0.8368093737691087 0.0
place 2 0.0 0.0 -0.97 0.635 -0.97 0.635 1.1593640498135174
place 3 0.0 0.0 0.681 -2.119 -1.416 -2.704 -1.416 -2.704 4.402810824963408
place 7 0.0 0.0 -4.735 0.22 -5.059 0.247 -5.31 -0.18 -8.69 0.887 -8.622 1.241 -10.464 1.323 -0.02320337084038826 1.0756899542637193 0.07310376514885683
place 4 0.0 0.0 -3.072 3.907 -2.669 5.644 -2.419 6.077 -2.669 5.644 6.753230985455177
place 4 0.0 0.0 -0.211 -0.461 -1.997 -3.364 0.479 -2.01 -0.211 -0.461 0.5069930965999438
place 4 0.0 0.0 -1.81 3.061 1.181 2.555 4.685 5.261 1.181 2.555 6.589595449443946
place 6 0.0 0.0 0.861 2.883 1.026 1.68 1.156 5.53 1.606 5.27 1.188 8.507 4.777112738086744 2.475686802106095 5.1449071574875855
place 4 0.0 0.0 3.003 2.448 -1.362 3.873 -3.542 2.051 -1.362 3.873 8.466081507449239
place 8 0.0 0.0 0.95 -0.957 2.56 -2.685 3.181 1.582 6.603 -0.108 3.737 -3.462 3.517 -1.564 1.94 1.411 1.4659369642224167 4.705182870401746 21.52833354632416
place 7 0.0 0.0 -0.514 -0.46 3.773 -0.198 3.466 0.745 3.81 0.479 3.473 -0.891 3.523 -2.562 3.578463316786376 -1.4969175958468082 8.430980685298767
place 2 0.0 0.0 -3.252 -1.82 -3.252 -1.82 3.7266478234466964
place 8 0.0 0.0 -0.451 -4.209 2.543 -7.201 5.585 -9.739 4.009 -10.669 5.148 -9.501 3.983 -10.143 4.987 -5.941 0.23205766598028976 -1.1818440564400587 1.1503935439208055
place 4 0.0 0.0 2.412 -1.261 1.017 2.217 1.366 2.014 4.341567792909464 -2.539554784333651 2.7217393335879905
place 6 0.0 0.0 1.044 -2.127 1.667 -2.552 1.349 -3.678 2.821 -3.522 0.257 -7.455 -2.142983973256399 2.725196118998668 0.0
place 7 0.0 0.0 -0.953 -1.694 -1.536 -1.901 -0.04 -3.028 -1.769 -0.89 -4.677 -1.4 -4.19 -2.438 4.058347927501272 -0.15123134574259645 0.0
place 8 0.0 0.0 -1.42 -0.19 1.012 -2.692 3.045 -1.261 -0.28 -2.372 1.98 -2.811 2.476 -3.714 -0.849 -4.136 1.6258615274812174 -0.9577260715633873 8.65787990518674
place 3 0.0 0.0 -0.311 -0.971 0.556 -0.87 0.556 -0.87 1.8924522378951831
place 8 0.0 0.0 1.927 2.921 5.267 2.578 6.844 4.806 6.645 6.447 4.96 5.86 3.465 3.978 0.658 8.031 5.267 2.578 6.856933019459002
place 2 0.0 0.0 0.813 2.854 0.0 0.0 0.0
place 2 0.0 0.0 1.944 0.252 1.944 0.252 1.9602652881689253
place 6 0.0 0.0 -0.567 3.8 0.947 8.501 -0.065 7.802 1.61 10.542 1.682 10.35 1.61 10.542 13.222211310502583
place 3 0.0 0.0 1.106 -3.392 0.132 -4.898 0.132 -4.898 5.361277845005445
place 6 0.0 0.0 0.328 -0.052 0.029 -0.088 -1.175 -1.639 -0.693 2.862 1.151 2.297 3.83432215159967 4.499071013992872 9.052077267053056
place 6 0.0 0.0 -2.051 -2.49 -1.874 -1.614 2.516 -1.533 1.917 0.772 -2.341 2.009 4.651491873015294 2.325437398767132 10.891951624732972
place 7 0.0 0.0 2.251 4.199 2.063 5.773 4.365 1.936 -0.01 2.319 0.943 4.907 -2.002 4.448 2.063 5.773 6.349492672087975
place 3 0.0 0.0 -3.314 3.47 -0.083 1.163 -0.083 1.163 8.768369945002766
place 3 0.0 0.0 -0.656 -0.946 2.741 -1.49 0.0 0.0 0.0
place 7 0.0 0.0 2.051 -0.078 -0.214 -2.163 1.492 -2.336 2.702 -0.411 -1.786 -0.993 -1.309 -2.718 -0.214 -2.163 5.13102937811311
place 4 0.0 0.0 1.984 1.748 -0.892 0.46 0.006 1.612 -0.892 0.46 5.795434664274119
place 2 0.0 0.0 0.105 -0.276 -2.441362676260783 4.43373674015597 0.0
place 7 0.0 0.0 -0.111 -4.224 1.418 -6.093 1.636 -4.572 5.455 -3.731 5.739 -5.186 4.907 -5.767 -3.899761470273544 -4.713271414606064 4.225458200006243
place 8 0.0 0.0 1.672 -0.761 0.24 -1.4 -0.068 -0.975 -3.127 -0.962 -3.356 -0.459 -8.223 -0.78 -9.836 0.532 -9.836 0.532 14.498496665689649
place 6 0.0 0.0 2.424 -2.027 3.003 -3.647 2.766 -3.215 1.244 -3.227 3.356 -3.984 0.0 0.0 0.0
place 8 0.0 0.0 0.667 -0.258 -0.508 0.611 -0.878 4.076 -0.364 3.52 -3.295 4.576 -5.506 3.46 -7.645 6.587 -3.5942445681261748 2.8644003134348868 10.572300086185392
place 5 0.0 0.0 -1.265 0.229 0.05 2.331 -1.491 6.65 2.463 4.418 0.05 2.331 3.7650018458189747
place 2 0.0 0.0 -2.922 0.407 -2.922 0.407 2.9502089756490135
place 7 0.0 0.0 0.599 0.352 0.807 -2.451 5.528 -3.825 6.018 -3.312 7.251 -2.587 5.219 -1.311 0.807 -2.451 3.505476596629276
place 6 0.0 0.0 -4.285 -2.396 -7.957 0.136 -5.737 4.475 -10.145 6.279 -7.023 8.493 4.833866647184955 -1.87057162298905 0.0
place 7 0.0 0.0 -1.26 0.328 -1.545 3.186 -0.171 2.18 -0.409 2.229 2.989 5.176 4.866 4.579 0.0 0.0 0.0
place 6 0.0 0.0 -0.199 -1.984 -3.788 -3.258 0.176 -3.063 2.842 -0.279 2.605 -0.311 -0.199 -1.984 1.9939551148408532
place 7 0.0 0.0 0.417 -0.353 0.639 -0.72 4.492 -3.783 4.972 -2.564 2.94 -1.253 6.519 -1.129 6.519 -1.129 13.206880380718472
place 8 0.0 0.0 1.267 -3.693 2.451 -2.903 6.83 -3.869 10.607 -5.31 9.426 -5.396 11.211 -1.676 12.654 2.355 2.3707058596719497 3.1620914306362664 0.0
place 6 0.0 0.0 -4.143 -1.708 -3.989 -2.634 0.844 -3.897 -0.012 -5.208 0.918 -5.879 4.3158576184717585 -1.581581207370517 10.415284303208338
place 6 0.0 0.0 1.09 1.223 4.479 2.157 5.652 -1.437 4.222 -2.732 4.51 -2.83 4.51 -2.83 11.167611862874285
place 3 0.0 0.0 4.254 -0.986 4.768 2.066 4.768 2.066 7.461753443439662
place 3 0.0 0.0 -0.263 -1.37 -4.274 -3.175 -4.274 -3.175 5.793441170592343
place 3 0.0 0.0 -3.122 -3.329 1.21 -4.074 -2.5255117060226717 -0.4706158207024478 2.0708913034602983
place 5 0.0 0.0 2.202 1.905 2.267 1.564 1.642 0.315 -1.703 3.516 1.3327944554251614 -3.3267456761280223 0.0
place 7 0.0 0.0 -1.543 -0.088 0.498 2.486 -0.09 -0.452 1.182 2.093 2.637 2.681 6.633 2.425 6.633 2.425 16.2454452724315
place 2 0.0 0.0 -0.195 1.06 0.0 0.0 0.0
place 6 0.0 0.0 0.156 0.963 0.389 0.266 -0.813 0.409 -0.517 -0.706 1.417 -0.306 -0.813 0.409 2.920943641817557
place 8 0.0 0.0 -3.734 -1.929 -2.097 -4.967 -2.187 -2.135 -2.317 1.312 -1.635 3.107 -0.95 3.464 0.19 3.33 -2.317 1.312 13.936685042603937
place 8 0.0 0.0 -2.592 -0.732 -1.87 -2.462 0.29 -3.858 0.294 -6.578 2.932 -9.829 3.236 -10.129 0.948 -8.713 3.56673602060793 -4.915827740637031 8.202490257960745
place 2 0.0 0.0 0.24 0.355 2.548058842394491 -0.3373222148433648 0.42851487722131654
place 2 0.0 0.0 -3.031 -2.312 -3.031 -2.312 3.81212604723401
place 4 0.0 0.0 0.266 0.112 0.15 2.9 3.426 -0.139 2.2518716975469344 -0.6390212375572757 7.02682562824702
place 5 0.0 0.0 -0.393 -0.232 -0.118 -0.491 -0.489 1.311 -0.354 4.909 -4.886971825496168 -0.5754069652762395 0.4563693679466228
place 7 0.0 0.0 -0.043 2.652 0.272 7.035 0.033 6.898 -0.728 6.56 1.483 3.883 -0.55 0.365 0.033 6.898 7.322134701910179
place 5 0.0 0.0 -1.817 3.191 -2.113 3.11 -2.337 3.612 -2.576 1.163 -3.8337165257210373 -1.1931530673794932 6.989278758248485
place 3 0.0 0.0 2.811 0.412 2.538 -1.276 2.811 0.412 2.8410323827791895
place 2 0.0 0.0 2.365 2.389 2.365 2.389 3.361628474415339
place 2 0.0 0.0 0.874 -0.618 0.874 -0.618 1.0704204781299729
place 6 0.0 0.0 -0.604 -2.588 1.34 -3.769 1.764 -4.425 2.291 -6.46 2.722 -7.84 -0.604 -2.588 2.6575477418101072
place 3 0.0 0.0 -2.733 0.146 -2.504 0.247 -2.733 0.146 2.7368969655432775
place 5 0.0 0.0 -0.108 -0.405 0.038 -0.548 2.715 1.036 4.03 1.673 4.4722638776437496 -2.8114392278752875 3.2871285308321516
place 5 0.0 0.0 1.188 2.266 2.069 1.623 1.774 1.965 3.783 5.178 -4.719309718928497 3.0265778291472305 0.4892196289935388
place 8 0.0 0.0 -2.921 2.222 -2.544 2.369 -0.814 2.943 0.192 5.224 3.091 1.639 2.974 1.401 2.826 0.731 2.88225997488074 2.653739705509085 12.080635738258902
place 8 0.0 0.0 1.275 0.432 0.797 4.855 1.404 4.369 -0.918 6.984 -1.998 7.595 -4.101 6.594 -5.009 6.014 3.394930896158952 -0.6777539917944688 1.3461979794963295
place 6 0.0 0.0 -0.651 1.002 -0.719 0.467 -1.542 1.14 -0.414 3.066 2.552 4.114 2.552 4.114 8.175061127836475
place 2 0.0 0.0 1.032 -2.538 2.3268233235087887 -1.5763820274275373 2.336723346377879
place 5 0.0 0.0 4.432 -0.464 1.914 -2.154 0.492 -6.559 -1.662 -9.709 0.9916182217500076 3.1579686023206825 0.6574075803681378
place 5 0.0 0.0 3.132 1.457 2.247 -2.659 -0.265 -5.243 -0.318 -9.918 -2.1918174866428464 4.363851066217631 0.0
place 5 0.0 0.0 -2.636 -1.413 -2.835 0.667 -5.805 3.499 -7.166 6.166 2.7511011009658564 1.9326289069723277 0.0
place 2 0.0 0.0 -1.301 -1.445 -1.301 -1.445 1.9443831926860506
place 6 0.0 0.0 0.635 0.362 1.747 0.746 5.717 1.428 3.064 -1.629 4.346 -5.462 3.064 -1.629 9.983199441726207
place 6 0.0 0.0 1.044 -1.964 -0.36 -3.947 -1.031 -3.654 -0.987 -4.16 -1.629 -4.486 -0.36 -3.947 4.653950343409867
place 4 0.0 0.0 3.638 -2.744 4.185 -3.209 8.286 -4.121 0.0 0.0 0.0
place 5 0.0 0.0 2.87 -3.995 2.533 -5.238 5.205 -2.253 3.66 -5.406 4.313302447371727 3.50047262117139 0.0
place 4 0.0 0.0 -1.985 -1.002 -2.327 -2.357 -1.977 -2.0 0.9905543343322298 -3.5013181621464984 4.121005057745023
place 5 0.0 0.0 1.63 -1.843 3.015 -3.672 1.905 -0.409 1.266 -4.023 3.015 -3.672 4.754620594029305
place 4 0.0 0.0 2.403 1.358 4.068 2.385 6.647 0.085 0.0 0.0 0.0
place 8 0.0 0.0 -1.486 2.826 1.695 3.961 3.067 6.157 3.123 2.088 2.792 1.728 2.897 0.807 3.87 -2.583 3.87 -2.583 18.17192882517289
place 2 0.0 0.0 -1.468 0.509 0.0 0.0 0.0
place 3 0.0 0.0 -4.022 1.126 -7.421 1.849 -3.9022119029049094 -3.369355256046248 2.849369154920105
place 4 0.0 0.0 0.942 -0.121 0.244 -0.395 2.61 -2.391 3.395048620442706 -3.018504122328045 4.79506881079772
place 8 0.0 0.0 2.534 -1.72 2.84 -1.935 2.826 -4.146 0.907 -4.246 2.094 -3.098 -1.838 -0.206 1.077 1.768 2.879873759430561 3.9270221778922636 17.622069001891834
place 5 0.0 0.0 4.533 -0.332 0.942 2.505 0.837 2.005 0.194 6.473 0.837 2.005 9.632492876813531
place 5 0.0 0.0 -1.801 4.293 -5.306 3.406 -7.404 0.595 -7.5 1.601 -7.404 0.595 11.778578459929081
place 3 0.0 0.0 4.07 0.408 7.735 -2.586 2.8903257079719955 2.8626807931445093 3.161451825851525
place 8 0.0 0.0 1.339 -4.225 -1.242 -7.258 -3.256 -8.592 -3.175 -10.253 0.722 -10.059 4.036 -11.819 3.32 -12.064 3.917375432603235 2.739038122973392 0.0
place 7 0.0 0.0 0.743 -0.562 4.543 -0.595 4.442 0.429 6.634 3.868 4.97 -0.099 7.126 2.72 -4.645737910123144 1.3241196175542918 0.0
place 7 0.0 0.0 -0.561 -3.985 0.684 -6.729 3.825 -4.749 0.138 -1.744 -3.917 -2.147 -3.051 -2.568 -3.051 -2.568 20.54486951621535
place 4 0.0 0.0 1.035 -3.217 1.761 -3.302 4.191 1.017 1.035 -3.217 3.379395508075372
place 3 0.0 0.0 -0.906 2.416 -0.868 5.034 1.9010635834675949 -2.2442984950955367 0.0
place 8 0.0 0.0 2.866 1.266 -0.531 3.087 -2.259 3.486 -1.318 3.589 1.027 4.422 1.436 1.679 1.626 1.806 -2.259 3.486 8.76093299177267
place 8 0.0 0.0 -2.223 -0.66 -0.656 -3.887 -0.219 -4.288 -0.034 -3.405 2.827 -5.29 0.613 -7.604 0.829 -7.299 0.0 0.0 0.0
place 5 0.0 0.0 -1.839 -3.31 -3.514 -4.74 -3.549 -1.589 0.163 -3.813 -4.481877768178119 3.76763433726115 9.140143058824831
place 7 0.0 0.0 -1.121 0.887 -3.983 4.224 0.721 3.32 5.521 3.69 8.464 5.636 7.768 4.956 -3.626270330053074 -1.7379867075937963 1.429478926042633
place 3 0.0 0.0 -1.84 4.196 -2.311 6.428 -2.311 6.428 6.862858799385541
place 6 0.0 0.0 3.611 0.281 3.6 1.62 6.971 4.348 3.946 8.056 5.764 9.527 3.6 1.62 4.960962077998818
place 3 0.0 0.0 -1.591 0.377 -1.739 0.882 -1.739 0.882 2.1612970132878493
place 8 0.0 0.0 0.39 -2.105 3.44 -4.505 6.07 -2.604 6.902 -2.326 8.907 1.741 9.351 -2.454 8.736 -2.447 6.902 -2.326 10.144187323271884
place 5 0.0 0.0 2.073 -1.52 1.664 -1.794 2.152 2.296 2.249 5.258 3.302341194905072 -1.0223042126054915 2.570550330182235
place 8 0.0 0.0 1.384 -2.908 3.513 0.513 0.214 1.357 4.563 1.573 4.64 0.809 2.572 -0.469 3.446 -2.863 3.513 0.513 7.249923908725697
place 2 0.0 0.0 -1.158 1.862 -3.4242068018806036 0.7058180129473008 2.1927170360080663
place 2 0.0 0.0 1.958 -1.907 3.6907770288109916 -4.921113990636149 2.7332056270979685
place 4 0.0 0.0 0.785 0.684 -3.538 -1.627 -6.657 1.991 -3.538 -1.627 5.943135597359589
place 5 0.0 0.0 1.382 0.995 -0.007 -0.915 -2.882 3.021 -3.571 2.994 -3.7609236766428977 0.7938518113947133 7.658730883015018
place 4 0.0 0.0 -1.686 1.08 1.775 3.444 -1.592 5.787 -1.592 5.787 10.295542234225543
place 2 0.0 0.0 0.927 4.292 3.9417351581535485 2.4826715059205657 3.25887530588082
place 4 0.0 0.0 -0.352 0.618 -4.24 0.09 -7.39 -3.372 0.8099291517221543 -3.2038417448132916 0.0
place 4 0.0 0.0 -0.601 -0.102 1.79 -0.613 3.452 0.403 1.79 -0.613 3.0545894237872933
place 6 0.0 0.0 -0.358 0.217 -3.768 2.247 -4.114 1.854 -0.044 3.296 -2.85 0.989 -2.214844722869379 -2.8755148790948395 0.4035228129275327
place 6 0.0 0.0 -0.297 0.045 -0.08 2.881 2.131 5.415 2.038 5.602 0.875 5.832 3.7809778225506108 -3.0606659040047077 0.0
place 3 0.0 0.0 -0.159 -0.712 -0.985 -0.611 -0.159 -0.712 0.7295375247374188
place 5 0.0 0.0 1.496 0.082 1.913 -0.21 -0.569 -0.743 -3.814 1.361 1.7775742634834204 1.3185751993459718 1.498245640741197
place 4 0.0 0.0 -0.401 1.004 0.773 0.704 -0.822 1.939 -0.401 1.004 1.0811184023963332
place 7 0.0 0.0 0.738 3.45 1.226 -0.085 3.564 0.593 2.78 -0.833 -0.796 2.182 -1.225 2.048 3.564 0.593 9.530898689068003
place 4 0.0 0.0 -0.949 -0.289 -1.495 3.642 -1.038 4.076 0.63479652410419 3.0492252967087587 5.591008707119482
place 2 0.0 0.0 -1.816 1.966 -1.816 1.966 2.6763803914989364
place 6 0.0 0.0 4.37 -0.662 2.536 -0.981 3.921 -0.154 3.497 3.885 0.775 3.269 3.921 -0.154 7.894513448270897
place 5 0.0 0.0 0.28 0.033 1.027 0.178 4.422 -3.084 6.227 -2.056 0.0 0.0 0.0
place 8 0.0 0.0 -0.807 3.02 -4.18 3.352 -1.671 0.951 -0.745 -0.911 -3.72 2.397 1.166 3.055 2.431 2.314 2.258691753362929 3.3171132206496097 22.257000466558544
place 3 0.0 0.0 -2.04 -2.742 -1.668 -0.074 -2.04 -2.742 3.4176254914779647
place 5 0.0 0.0 -0.46 0.609 -0.448 1.369 -4.28 -1.644 -8.405 -2.29 -0.448 1.369 1.5232991596465149
place 7 0.0 0.0 2.29 -1.195 3.045 3.352 4.416 1.994 2.804 0.893 3.79 -1.201 3.872 -1.57 4.01262383521942 1.3850675617317245 9.798554415963086
place 4 0.0 0.0 -0.845 -1.611 -0.62 1.254 0.099 -0.523 2.9937159838973653 -3.94486503056147 6.609930388400636
place 6 0.0 0.0 0.346 -0.23 2.6 3.748 4.633 0.53 -0.151 0.57 2.847 3.839 4.633 0.53 8.794060486047455
place 3 0.0 0.0 0.591 -0.074 -3.686 -1.326 -1.3364678490798223 4.880570568492393 0.0
place 2 0.0 0.0 -2.554 0.621 -1.3924779427543452 -1.675188770436601 0.9572681525631084
place 4 0.0 0.0 -2.685 -0.797 -4.25 -4.127 -6.254 -2.331 -1.7424074135951773 -3.1918491200499366 4.56729067122246
place 6 0.0 0.0 2.256 -2.977 4.294 -6.336 5.463 -6.925 7.071 -8.448 6.738 -13.116 2.2246407575751537 0.6689483654673021 0.8104767432858847
place 8 0.0 0.0 -0.696 -3.973 -2.414 -6.014 -3.757 -6.439 -5.297 -2.577 -5.972 -2.464 -7.938 -4.67 -7.221 -1.399 -2.783767378743993 -0.57791209611268 1.0495956101313983
place 6 0.0 0.0 -2.82 1.719 -4.681 4.302 -1.941 5.729 -2.97 6.955 1.596 8.211 2.902552159336275 -4.572419260327724 0.0
place 2 0.0 0.0 2.139 -3.296 2.2560732546540514 2.825879622876803 0.0
place 4 0.0 0.0 -2.757 0.352 -4.181 2.971 -7.356 5.673 -2.757 0.352 2.779379966827134
place 5 0.0 0.0 0.833 3.469 -1.207 0.702 -0.906 4.24 1.962 2.566 -0.906 4.24 10.556107811627022
place 4 0.0 0.0 4.361 -0.012 6.228 -2.747 1.524 -1.315 -1.4424093915541358 4.181453604238271 0.0
place 4 0.0 0.0 1.029 -1.263 2.217 -0.328 3.835 -1.189 1.029 -1.263 1.629113255731473
place 6 0.0 0.0 0.416 1.224 -4.26 1.13 -5.804 0.463 -4.859 -2.057 -3.035 -4.122 -3.7289966169905284 -3.64027431186275 12.277706072856784
place 3 0.0 0.0 3.408 -0.3 1.918 -1.744 1.918 -1.744 5.496085007177195
place 4 0.0 0.0 -0.298 -1.822 2.204 -1.845 -0.764 0.506 -2.6919955455751565 3.41349357074316 8.134635575632899
place 8 0.0 0.0 0.898 2.623 0.345 3.536 1.897 -0.756 2.153 -0.135 7.029 -0.019 11.568 -0.305 11.428 3.731 -0.08863006101033477 -4.6938026057337705 8.403862222675766
place 6 0.0 0.0 4.382 -1.59 5.255 -2.134 6.117 -3.53 7.798 -6.554 7.327 -6.126 7.327 -6.126 11.427092353416882
place 3 0.0 0.0 3.846 3.033 1.194 5.208 0.0 0.0 0.0
place 4 0.0 0.0 -1.84 0.741 -4.893 -0.382 -4.872 0.827 -0.2842863868950438 -4.792517051956667 0.0
place 2 0.0 0.0 -0.879 1.573 0.8112669797819692 -2.0844582609670947 0.0
place 5 0.0 0.0 -0.561 1.438 -0.615 -2.234 -1.244 -1.823 -2.882 -3.676 0.761817375524819 2.7694870581889006 1.543555959465027
place 5 0.0 0.0 1.338 -2.955 1.622 -2.779 -0.033 -5.447 0.157 -6.178 1.5809333177270135 -2.644349752727316 3.5779184636054584
place 2 0.0 0.0 -1.523 -0.969 -1.523 -0.969 1.8051288042685485
place 2 0.0 0.0 2.729 3.56 2.729 3.56 4.4856483366398665
place 4 0.0 0.0 0.005 4.681 1.582 7.328 2.104 7.065 -1.0865938947225984 4.597252546490301 4.596089281647935
place 5 0.0 0.0 -4.29 0.339 -5.429 1.1 -3.899 -0.707 -5.953 -1.845 0.0 0.0 0.0
place 8 0.0 0.0 1.075 2.828 2.955 6.512 3.988 4.574 0.412 2.387 0.551 2.0 -1.654 3.367 1.811 5.134 -3.01688460070166 0.9897827890482542 16.46058948715092
place 7 0.0 0.0 0.685 0.8 0.165 1.589 2.98 2.117 -1.447 3.684 -0.83 0.724 -1.697 0.454 -1.0202343619541154 -4.58930911708859 0.0
place 5 0.0 0.0 -4.276 1.532 -4.651 -1.483 -0.507 -3.092 -0.231 -6.405 0.0 0.0 0.0
place 3 0.0 0.0 -1.284 3.624 2.894 5.9 0.0 0.0 0.0
place 2 0.0 0.0 -1.087 -1.228 -1.087 -1.228 1.6399856706691067
place 8 0.0 0.0 -4.056 1.07 -2.653 2.944 -4.294 -0.075 -5.609 3.947 -3.697 6.424 -6.515 6.416 -4.13 4.132 -2.653 2.944 6.535763779698604
place 2 0.0 0.0 2.091 -2.018 0.0 0.0 0.0
place 4 0.0 0.0 1.148 3.473 0.986 3.239 2.194 0.439 1.148 3.473 3.657818065459243
place 5 0.0 0.0 1.413 -0.896 -1.257 -1.041 -1.934 -0.459 -0.748 -2.824 -1.934 -0.459 5.239848891703077
place 2 0.0 0.0 -0.656 -1.676 -1.2968752881351775 2.551257191322909 0.0
place 5 0.0 0.0 -1.861 -0.871 -0.081 -2.692 0.238 -0.998 0.237 2.557 -3.4291079075897413 -3.389039598001241 2.7592960841139345
place 6 0.0 0.0 1.7 3.163 2.136 4.729 -0.167 1.532 -3.517 0.591 -3.472 1.08 -0.5674745203173579 2.4433661217471583 8.651191246281671
place 3 0.0 0.0 -0.598 2.426 -4.417 2.218 3.7733333524115125 -3.9216782343375534 0.0
once 2 0.0 0.0 0.997 0.478 0.0 0.0 -2.482 -2.178 1
once 6 0.0 0.0 0.972 0.396 -3.195 0.85 -1.054 -1.933 2.943 -3.653 1.884 -1.752 -3.195 0.85 -6.892 -0.605 1
once 2 0.0 0.0 1.461 1.796 3.723684280384589 0.8845773726584341 2.116 -3.505 0
once 2 0.0 0.0 1.977 1.983 0.0 0.0 -3.405 2.462 1
once 2 0.0 0.0 2.695 -2.259 2.695 -2.259 2.068 -1.391 1
once 2 0.0 0.0 -3.986 -1.628 0.0 0.0 -2.816 -2.114 1
once 6 0.0 0.0 3.775 2.8 2.693 3.264 1.941 0.511 5.185 -0.914 4.223 0.236 4.223 0.236 3.064 -0.213 2
once 5 0.0 0.0 1.155 -1.123 1.351 -0.764 2.203 -1.461 2.199 -2.919 0.0 0.0 -2.075 5.828 1
once 2 0.0 0.0 -2.693 -1.307 0.0 0.0 1.667 -1.243 1
once 3 0.0 0.0 -0.337 0.206 0.414 -1.961 0.0 0.0 -1.112 2.503 1
once 4 0.0 0.0 -0.829 -0.75 -0.115 -4.668 2.458 -4.255 -0.829 -0.75 -1.855 -6.344 1
once 3 0.0 0.0 0.686 -4.868 1.318 -1.884 -4.820025025173625 -2.1083890992898837 -4.249 -2.748 0
once 5 0.0 0.0 -1.346 0.929 0.231 4.672 -0.366 4.635 -2.281 2.299 0.231 4.672 2.303 6.929 1
once 3 0.0 0.0 -1.377 -3.992 -0.726 -3.78 -1.377 -3.992 -2.322 -6.776 1
once 3 0.0 0.0 -2.227 0.852 -4.552 -0.576 0.0 0.0 2.958 -2.966 1
once 6 0.0 0.0 3.803 -0.229 4.283 1.853 2.649 -1.811 -0.975 -4.221 -1.072 -4.846 3.803 -0.229 1.242 5.769 2
once 4 0.0 0.0 -2.913 2.528 -4.795 4.623 -3.53 4.874 -3.53 4.874 -4.555 3.999 2
once 4 0.0 0.0 0.282 -0.289 -1.707 -3.233 -4.755 0.088 1.0840319881653748 3.5795718099893783 5.117 4.816 0
once 6 0.0 0.0 -4.115 -0.21 -4.474 -0.417 -3.772 -1.56 -5.27 -3.459 -3.069 -5.442 0.0 0.0 0.385 4.082 1
once 5 0.0 0.0 -0.643 -0.546 -0.237 2.672 -2.185 3.287 -4.701 0.755 -4.701 0.755 -1.385 -1.52 1
once 2 0.0 0.0 1.767 2.555 1.767 2.555 5.954 -0.13 1
once 2 0.0 0.0 -0.812 2.819 -0.812 2.819 0.158 1.535 1
once 2 0.0 0.0 -1.724 1.518 -1.724 1.518 -3.971 5.247 1
once 6 0.0 0.0 3.114 -2.011 -0.902 -4.563 0.854 -2.768 4.763 -1.682 0.702 -4.583 -0.902 -4.563 0.655 -8.767 1
once 2 0.0 0.0 -0.346 -0.067 -0.346 -0.067 0.242 1.54 1
once 3 0.0 0.0 0.506 -1.696 1.004 2.319 0.506 -1.696 4.86 -1.98 1
once 4 0.0 0.0 -2.988 -1.752 -1.21 0.369 -1.528 3.071 -1.528 3.071 -6.445 -0.481 1
once 4 0.0 0.0 0.375 0.764 2.7 1.215 2.561 3.432 0.0 0.0 -3.406 3.304 1
once 5 0.0 0.0 2.575 -3.574 1.837 -5.181 -1.124 -7.673 -5.01 -6.325 -1.124 -7.673 -1.294 -12.073 1
once 5 0.0 0.0 -2.489 3.104 -1.585 3.311 -2.015 2.973 -1.271 4.394 1.170471784108063 -2.5204425578525393 6.523 3.227 0
once 2 0.0 0.0 -1.478 -3.881 -1.478 -3.881 3.837 -4.765 1
once 5 0.0 0.0 -0.48 -1.833 -2.313 0.971 -4.198 2.088 -4.704 2.541 -4.704 2.541 -8.236 8.049 1
once 3 0.0 0.0 -0.293 -2.928 -1.843 -0.648 -0.293 -2.928 3.275 2.891 1
once 2 0.0 0.0 -0.565 2.574 0.0 0.0 -4.552 -0.263 1
once 5 0.0 0.0 -4.351 -0.897 -4.515 1.254 -7.109 0.726 -6.597 4.244 -2.712684354292667 0.29198442439512107 -6.546 5.001 0
once 5 0.0 0.0 1.023 3.587 -0.103 3.758 2.409 7.17 4.106 7.434 0.0 0.0 1.844 4.033 1
once 3 0.0 0.0 -2.521 1.404 -3.311 1.303 -3.311 1.303 -0.93 -0.214 1
once 5 0.0 0.0 -2.196 0.124 1.66 2.559 2.594 6.786 5.84 4.312 0.0 0.0 5.129 -4.897 1
once 5 0.0 0.0 3.727 -0.802 -0.178 1.966 -3.827 -0.646 -5.855 -0.162 3.727 -0.802 7.733 -5.038 1
once 6 0.0 0.0 -0.257 0.511 3.153 3.044 3.849 5.188 7.825 5.504 11.137 2.673 1.6910052728793215 0.93502605418211 -3.252 0.924 1
once 3 0.0 0.0 0.379 -0.195 -2.123 -1.919 -2.123 -1.919 -6.19 0.218 1
once 6 0.0 0.0 -0.246 0.693 0.922 -0.996 0.088 -1.082 0.066 -1.962 -1.875 0.699 -0.246 0.693 -4.683 2.339 1
once 2 0.0 0.0 -0.277 -0.163 -2.2284106650030546 3.5679079921558703 -1.753 2.947 0
once 6 0.0 0.0 -2.324 -0.199 -6.228 -1.921 -10.118 -0.85 -11.673 -4.766 -8.226 -4.045 -2.324 -0.199 1.058 -3.19 1
once 6 0.0 0.0 -2.559 0.963 -1.863 1.286 -2.54 4.13 -3.854 5.373 -2.32 4.79 2.8212958734485474 -3.884429456000481 1.318 -5.752 0
once 3 0.0 0.0 -4.454 2.086 -5.043 -0.782 -5.043 -0.782 -0.451 4.037 2
once 5 0.0 0.0 1.688 -1.601 1.339 -5.543 -1.512 -9.064 -1.246 -4.331 0.2688682322476774 1.1143128840642156 -2.407 6.949 0
once 4 0.0 0.0 -1.282 -1.751 -1.369 -5.337 -1.883 -4.575 0.0 0.0 0.173 -2.812 1
once 5 0.0 0.0 1.456 4.493 -2.431 3.312 -1.789 0.868 -4.927 4.683 1.456 4.493 -0.699 0.304 1
once 3 0.0 0.0 2.438 -1.441 1.294 -1.687 1.294 -1.687 1.054 0.223 2
once 5 0.0 0.0 -0.346 1.068 3.128 0.611 3.084 -0.947 0.826 1.614 0.826 1.614 2.318 7.167 1
once 3 0.0 0.0 1.057 -2.536 4.227 0.544 -4.755679030403765 -0.7549042427395092 -6.59 -4.858 0
once 4 0.0 0.0 -0.982 -0.127 0.655 -2.256 0.671 -1.928 4.14040611321264 -1.7923649806411834 3.146 -2.056 0
once 6 0.0 0.0 0.547 2.767 -1.078 3.178 -2.776 5.78 -3.175 7.059 -1.582 6.149 0.0 0.0 2.651 0.221 1
once 2 0.0 0.0 -3.351 -2.369 0.403152571230585 3.1073795440386203 -5.456 6.905 0
once 5 0.0 0.0 2.013 -1.52 3.163 -0.784 6.652 -4.339 4.926 -8.137 3.163 -0.784 2.255 -6.484 1
once 2 0.0 0.0 1.378 -2.428 0.0 0.0 -2.002 -1.12 1
once 3 0.0 0.0 0.786 -0.829 0.578 3.211 0.578 3.211 3.035 1.786 1
once 5 0.0 0.0 -3.253 3.69 -3.574 5.207 -4.241 2.112 -2.59 -1.426 -4.241 2.112 -9.161 5.179 1
once 2 0.0 0.0 -0.52 -4.501 2.1923592126471636 -0.9720265495809031 -1.309 -6.585 0
once 5 0.0 0.0 -0.403 -4.717 1.004 -6.713 1.437 -6.349 2.466 -1.868 2.466 -1.868 8.062 -0.595 1
once 5 0.0 0.0 -3.186 0.373 -0.31 2.375 2.21 1.827 -1.324 1.384 -1.324 1.384 -1.894 3.258 2
once 6 0.0 0.0 0.712 -1.179 -0.949 0.379 -3.075 -2.347 -0.4 -3.976 -1.624 -5.562 -0.949 0.379 -5.415 -0.395 1
once 3 0.0 0.0 0.395 0.079 1.084 1.617 0.0 0.0 0.625 -0.906 1
once 6 0.0 0.0 -0.54 -1.626 -0.722 0.829 2.451 2.276 1.229 1.964 0.898 3.852 3.1637579377328944 -3.9036338665703783 0.627 -2.593 0
once 3 0.0 0.0 -0.457 -2.48 -4.366 -3.564 -0.457 -2.48 3.87 -5.576 1
once 3 0.0 0.0 0.683 1.135 0.8 2.72 0.5045136211137731 -3.773284289363694 4.952 -3.397 0
once 4 0.0 0.0 -4.148 1.246 -7.116 1.516 -4.966 -2.205 -4.966 -2.205 -7.508 0.198 1
once 2 0.0 0.0 -1.46 1.328 -1.46 1.328 -6.519 1.607 1
once 3 0.0 0.0 -1.407 0.305 -0.974 1.729 -1.407 0.305 -6.256 -5.309 1
once 5 0.0 0.0 -3.096 -2.319 -5.971 -4.018 -2.765 -3.581 -3.924 -6.023 -2.765 -3.581 -1.127 -8.11 1
once 4 0.0 0.0 -0.582 4.866 1.042 5.429 -1.664 3.472 0.0 0.0 4.535 -2.171 1
once 6 0.0 0.0 -0.177 1.554 -2.633 1.014 -2.81 -1.915 -6.262 -0.73 -3.915 -0.225 -3.511833599751286 1.2707602522336927 -3.294 2.69 0
once 2 0.0 0.0 3.744 -0.155 -0.8228952885800886 0.2944745787312648 0.447 -5.325 0
once 3 0.0 0.0 -0.784 0.488 -4.098 2.362 -1.0208893253857143 0.47331441292471155 0.733 0.906 1
once 2 0.0 0.0 1.895 -3.275 0.0 0.0 1.962 -5.081 1
once 3 0.0 0.0 1.514 0.118 -0.456 1.034 0.0 0.0 -2.753 -5.19 1
once 5 0.0 0.0 4.209 1.793 0.585 3.803 -0.163 1.978 3.941 0.927 -0.5343762566381125 -4.416829851076689 -5.897 1.059 0
once 5 0.0 0.0 1.255 0.722 0.124 0.375 -1.165 -0.591 -3.382 -0.264 0.124 0.375 1.098 2.366 1
once 3 0.0 0.0 0.255 -0.273 1.406 -0.087 1.406 -0.087 3.951 3.032 1
once 3 0.0 0.0 -1.668 -3.2 -2.128 -0.061 4.143937112164783 -4.815951709642665 6.728 -8.494 0
once 6 0.0 0.0 -1.654 -1.779 -3.051 -1.921 -7.737 -3.335 -5.989 -3.715 -6.759 -6.316 -3.051 -1.921 -3.572 -5.244 1
once 2 0.0 0.0 0.673 4.416 0.0 0.0 -1.806 -5.161 1
once 3 0.0 0.0 0.516 0.577 3.66 4.048 -2.679704007406075 -0.6760137928908918 -8.468 1.889 0
once 6 0.0 0.0 -2.239 -4.343 -1.406 -3.661 -0.927 -2.762 -0.908 -6.538 0.132 -3.251 -1.406 -3.661 -1.62 -7.445 1
once 5 0.0 0.0 -4.757 1.256 -4.46 -3.38 -6.513 -5.884 -5.934 -2.676 -5.934 -2.676 -3.079 -5.547 2
once 4 0.0 0.0 -3.686 -2.164 -2.996 -2.536 -3.91 -5.286 0.0 0.0 0.968 0.791 1
once 3 0.0 0.0 2.041 0.742 2.681 -0.856 2.681 -0.856 3.915 3.984 1
once 5 0.0 0.0 -0.554 -0.211 1.669 1.868 1.435 2.004 3.396 5.915 3.396 5.915 7.916 8.333 1
once 6 0.0 0.0 2.031 -1.87 -0.415 -2.626 -1.476 -3.584 -0.33 -4.011 -2.115 -7.491 0.0 0.0 -2.939 -4.902 1
once 6 0.0 0.0 3.038 -3.411 1.13 -4.958 2.643 -4.941 3.119 -6.652 1.88 -11.212 1.13 -4.958 4.656 -3.916 1
once 6 0.0 0.0 1.846 4.366 2.082 3.581 2.943 4.68 4.284 5.868 0.25 6.11 0.0 0.0 -1.1 2.902 1
once 4 0.0 0.0 1.339 0.743 1.816 0.989 -0.68 3.873 -0.68 3.873 -1.137 3.935 1
once 3 0.0 0.0 -1.534 -1.118 -0.793 -3.906 -1.534 -1.118 -2.143 -4.075 1
once 4 0.0 0.0 -0.962 -2.414 3.328 -0.529 3.561 -0.711 -0.962 -2.414 1.733 -7.23 1
once 5 0.0 0.0 -4.125 -2.282 -1.072 -4.008 -5.21 -3.973 -6.102 -3.443 3.2951895472803 -0.8366456954327237 8.33 -5.043 0
once 3 0.0 0.0 2.427 -3.229 3.446 -3.776 -1.718915782367012 -1.0397347035004612 0.401 -4.538 0
once 3 0.0 0.0 0.132 -0.977 1.387 -0.046 0.0 0.0 5.459 -5.855 2
once 4 0.0 0.0 -0.879 -1.802 2.268 -3.247 3.39 1.607 0.0 0.0 -0.44 -1.755 1
once 4 0.0 0.0 1.545 -4.261 4.075 -4.813 3.667 -3.363 1.545 -4.261 3.496 -8.304 1
once 4 0.0 0.0 0.508 0.205 0.786 -0.307 -1.951 -0.772 -1.951 -0.772 -2.957 -2.898 1
once 3 0.0 0.0 0.507 -2.774 2.676 -3.665 0.0 0.0 4.652 1.593 1
once 4 0.0 0.0 -0.247 0.081 -4.045 0.151 -5.73 -1.963 -4.045 0.151 -4.563 4.006 1
once 6 0.0 0.0 -4.888 -0.692 -3.469 -3.463 -4.535 -3.721 -7.458 -4.93 -8.883 -1.7 -4.888 -0.692 -6.812 -0.536 1
once 4 0.0 0.0 0.635 -1.821 0.927 -1.076 1.702 -4.234 -3.940580976020734 -0.5742492856536625 -1.131 -6.414 0
once 3 0.0 0.0 3.106 -0.832 2.064 -1.202 3.106 -0.832 5.589 -5.767 1
once 6 0.0 0.0 4.4 0.799 1.974 2.766 -2.143 0.054 -6.806 -0.4 -8.097 -1.542 1.974 2.766 4.564 -2.218 2
once 3 0.0 0.0 -3.566 -2.121 -1.086 -4.61 0.0 0.0 4.041 0.738 1
once 2 0.0 0.0 -1.998 -3.901 1.6162265567475496 2.270786474431672 6.759 -1.092 0
once 3 0.0 0.0 -2.988 -1.572 -2.999 -2.479 0.0 0.0 1.437 -2.438 1
once 2 0.0 0.0 2.747 0.348 2.747 0.348 1.109 -5.134 1
once 5 0.0 0.0 0.407 -0.108 -1.727 -0.952 0.935 1.121 2.135 1.183 0.407 -0.108 -2.042 -4.847 1
once 3 0.0 0.0 0.598 0.949 2.522 0.392 -0.9628002119603014 1.7165633335203783 5.022 -2.035 1
once 3 0.0 0.0 -1.73 -1.135 -4.318 2.602 0.0 0.0 -4.038 5.117 1
once 5 0.0 0.0 -3.432 0.464 -2.496 -2.659 -2.592 -3.4 -2.808 -4.217 0.0 0.0 -0.039 -4.54 1
once 3 0.0 0.0 -1.067 -0.386 -6.036 -0.942 -1.067 -0.386 -4.986 0.394 1
once 5 0.0 0.0 -2.197 -0.62 1.547 -2.999 0.171 -7.215 0.41 -7.039 3.008068754477879 0.39134085225938975 2.308 -0.47 0
once 3 0.0 0.0 0.843 -0.211 1.198 -1.839 -4.6633175680895445 0.5268745296774613 -8.228 2.103 0
once 5 0.0 0.0 2.18 -0.883 4.859 0.791 4.81 1.284 4.544 1.765 -0.4196958775256645 -4.198766892910245 -3.874 -0.434 0
once 5 0.0 0.0 -0.585 -1.379 0.053 -1.058 0.102 -1.431 0.343 -2.466 -0.585 -1.379 -1.516 1.458 1
once 2 0.0 0.0 4.206 -1.664 4.243487337501572 -1.2261388041222663 9.467 -4.097 0
once 2 0.0 0.0 -2.755 0.402 -3.6880173998535657 2.0085332629764867 -3.672 -0.03 0
once 5 0.0 0.0 -3.365 -3.558 -5.702 -2.254 -6.144 -1.179 -6.724 -0.353 0.0 0.0 1.766 -0.025 1
once 6 0.0 0.0 -0.251 1.116 -0.697 4.955 1.545 4.747 4.795 7.161 5.106 7.232 0.0 0.0 -5.181 -5.342 1
once 5 0.0 0.0 0.078 0.76 4.5 2.727 4.35 6.233 5.011 6.466 3.2608997824130626 3.1047646907699225 7.059 8.136 1
once 5 0.0 0.0 -2.049 -0.232 0.371 -1.689 0.137 -1.608 1.028 -1.564 0.371 -1.689 1.126 -0.347 2
once 6 0.0 0.0 -0.558 1.588 -1.021 2.11 -1.122 0.447 -2.131 0.087 -7.017 0.984 -1.021 2.11 -1.38 3.171 1
once 5 0.0 0.0 -0.715 -3.964 1.117 -7.957 0.057 -8.411 -3.586 -6.904 1.117 -7.957 -1.789 -3.758 1
once 6 0.0 0.0 0.157 1.116 0.237 -3.77 -0.409 -4.128 -1.279 -5.158 0.978 -6.683 -0.409 -4.128 3.204 -3.764 1
once 4 0.0 0.0 -3.325 -2.562 -4.207 -0.655 -4.579 3.997 -4.207 -0.655 0.938 -6.171 2
once 2 0.0 0.0 -0.748 0.781 -0.748 0.781 4.921 0.813 1
once 3 0.0 0.0 -1.126 -3.862 -2.654 -4.85 0.0 0.0 2.185 -0.117 1
once 3 0.0 0.0 0.171 0.257 -1.898 0.371 -1.898 0.371 -5.498 0.095 1
once 5 0.0 0.0 -3.857 -0.943 -4.301 -3.99 -1.687 -4.368 1.272 -2.23 -4.364417617162522 2.322725600294757 -8.493 5.597 0
once 6 0.0 0.0 -2.723 2.263 -2.145 0.99 -4.053 1.545 -6.692 1.65 -7.939 2.788 0.0 0.0 -0.8 5.975 1
once 5 0.0 0.0 -1.243 -1.629 0.761 -0.177 -0.566 -4.916 0.164 -8.085 -1.243 -1.629 -1.828 4.222 1
once 4 0.0 0.0 1.966 -1.051 6.149 -3.785 3.322 -5.991 0.0 0.0 0.843 -2.262 1
once 6 0.0 0.0 -0.885 0.481 3.684 -0.915 2.279 2.846 0.042 4.117 -0.463 3.047 3.684 -0.915 4.935 -3.303 1
once 3 0.0 0.0 -2.781 -1.05 -0.152 -3.091 -0.152 -3.091 1.665 -0.561 1
once 5 0.0 0.0 2.457 0.363 2.566 -0.986 3.729 -3.457 3.991 -3.12 3.729 -3.457 8.472 -3.513 1
once 6 0.0 0.0 -1.088 -0.646 -2.476 -4.652 -2.892 -4.597 -6.613 -5.197 -7.176 -5.72 -6.613 -5.197 -0.695 -7.036 1
once 5 0.0 0.0 -1.134 1.694 -1.963 3.534 -1.601 3.768 0.894 7.622 1.609990561581478 3.4788913602811693 7.458 6.36 0
once 6 0.0 0.0 -2.606 1.799 -5.554 1.714 -4.147 3.957 -4.836 4.568 -7.269 4.193 1.7584540968024367 -2.023690163030478 2.351 -6.321 0
once 2 0.0 0.0 0.683 2.28 0.0 0.0 5.97 4.713 1
once 4 0.0 0.0 -1.507 1.454 1.025 1.329 0.822 6.144 0.0 0.0 2.625 -0.96 1
once 4 0.0 0.0 -1.334 4.355 -1.68 -0.268 -3.282 -0.134 3.662914249840316 1.3293267468868866 -2.319 0.48 2
once 5 0.0 0.0 -4.094 -1.861 -1.787 0.191 -3.087 -0.397 -1.278 2.82 4.78743607972576 -3.724622618289307 3.188 -6.319 0
once 6 0.0 0.0 -0.329 2.363 -1.746 3.377 -2.873 3.07 1.1 5.576 2.229 2.109 -0.329 2.363 -2.682 3.313 2
once 2 0.0 0.0 -0.884 -3.937 -0.884 -3.937 0.315 -0.808 1
once 6 0.0 0.0 1.283 -1.2 0.475 -1.252 -1.282 -4.249 2.504 -1.742 -0.822 -1.358 1.283 -1.2 4.488 -6.21 2
once 4 0.0 0.0 -0.698 -3.876 1.147 -1.177 4.917 -2.534 4.917 -2.534 7.353 3.159 1
once 3 0.0 0.0 -0.239 -0.889 -2.475 2.136 -2.475 2.136 -4.941 7.111 1
once 4 0.0 0.0 1.844 -1.13 2.704 -0.354 4.768 -2.216 2.704 -0.354 1.886 1.963 1
once 5 0.0 0.0 -3.079 -1.139 -4.926 -0.842 -3.313 1.166 -5.193 0.385 -2.7984938393477163 3.2540328190739203 2.038 -0.499 0
once 2 0.0 0.0 2.587 3.167 -2.7487003291760956 0.46443256238718345 -8.277 5.983 0
once 2 0.0 0.0 -2.555 1.179 0.0 0.0 3.719 3.729 1
once 5 0.0 0.0 -1.772 -0.706 -0.918 -0.731 0.792 0.653 0.789 -3.677 -0.918 -0.731 -2.726 4.67 2
once 5 0.0 0.0 -2.073 4.467 -2.331 4.592 -1.198 6.243 -3.745 3.52 -1.198 6.243 -3.095 7.167 1
once 3 0.0 0.0 1.087 0.052 4.227 -1.47 1.087 0.052 6.421 -0.157 1
once 2 0.0 0.0 -0.334 -2.608 0.0 0.0 -5.237 -3.844 1
once 4 0.0 0.0 -2.51 0.598 -2.282 -0.925 2.406 -0.461 -2.282 -0.925 -2.028 -2.551 1
once 2 0.0 0.0 -0.657 1.327 0.0 0.0 -1.323 -5.325 1
once 3 0.0 0.0 0.83 2.055 2.895 -0.709 2.895 -0.709 -0.888 -1.973 1
once 4 0.0 0.0 -0.577 -1.3 -2.006 -1.732 -3.501 -5.265 0.0 0.0 -4.774 0.45 1
once 4 0.0 0.0 -2.018 -4.325 -4.325 -1.459 -3.427 -2.247 -4.87432821362574 -1.2302001173643182 -2.15 -4.297 0
once 2 0.0 0.0 -1.415 -0.125 -1.415 -0.125 3.545 5.388 1
once 2 0.0 0.0 -2.111 3.921 0.0 0.0 4.92 -3.932 1
once 6 0.0 0.0 -0.474 2.287 -1.831 -2.348 2.648 -2.443 3.105 -2.013 6.287 -1.112 2.648 -2.443 2.312 0.956 1
once 5 0.0 0.0 0.342 -0.181 -0.109 -0.37 3.4 -0.636 4.089 -1.167 0.0 0.0 -2.549 -4.303 1
once 2 0.0 0.0 1.228 2.021 0.0 0.0 -3.893 -3.447 1
once 6 0.0 0.0 -0.669 3.314 0.158 1.645 1.189 6.05 3.381 8.424 3.746 8.826 0.158 1.645 0.558 0.229 1
once 5 0.0 0.0 2.32 -0.832 0.674 -4.049 -2.123 -2.754 -6.9 -1.795 0.0 0.0 -5.642 -0.169 1
once 2 0.0 0.0 -3.1 -1.727 -0.917736956817043 2.8154685199478235 -5.107 2.769 0
once 6 0.0 0.0 -2.845 1.177 -2.748 1.384 -2.908 3.277 -4.673 -0.481 -3.113 -1.926 -2.908 3.277 -1.897 0.259 2
once 6 0.0 0.0 -0.136 -0.851 3.884 -1.52 6.526 1.885 6.554 1.111 6.915 1.908 6.554 1.111 5.674 4.29 2
once 2 0.0 0.0 1.636 3.838 0.0 0.0 0.398 0.979 1
once 3 0.0 0.0 1.836 2.207 1.353 6.301 1.353 6.301 0.364 11.763 1
once 6 0.0 0.0 2.721 4.048 7.197 1.991 6.765 -0.681 6.856 -1.961 7.686 0.528 -0.7969496165107817 3.7198270054662306 0.146 4.286 0
once 6 0.0 0.0 -3.509 2.141 -4.928 0.474 -3.904 0.482 -7.13 -0.905 -8.953 -1.137 0.0 0.0 -1.513 0.427 1
once 2 0.0 0.0 2.67 2.041 2.67 2.041 -2.598 3.741 1
once 4 0.0 0.0 1.939 2.586 1.599 2.911 3.09 1.907 3.09 1.907 6.764 7.665 1
once 3 0.0 0.0 -2.854 -0.829 -4.498 0.573 -0.1215672213801966 4.383627333455994 -5.007 -0.252 1
once 4 0.0 0.0 1.424 1.883 4.053 -0.832 3.234 -0.614 3.234 -0.614 2.033 0.919 1
once 2 0.0 0.0 2.657 0.185 1.1015523938345169 1.6874883794561786 -2.038 6.284 0
once 5 0.0 0.0 0.266 4.431 4.356 3.173 6.325 0.606 6.259 0.294 6.259 0.294 10.63 -0.225 1
once 6 0.0 0.0 -4.548 0.137 -5.367 1.876 -2.133 -1.287 -2.813 -1.974 -4.396 -0.304 -4.396 -0.304 -8.614 -0.618 1
once 3 0.0 0.0 2.295 -0.166 4.62 -2.83 4.62 -2.83 2.426 -5.26 1
once 3 0.0 0.0 0.863 1.353 3.054 0.932 0.863 1.353 5.555 0.816 1
once 3 0.0 0.0 2.338 -0.98 3.047 -4.557 2.338 -0.98 -1.23 -1.165 1
once 4 0.0 0.0 3.748 -0.484 4.65 0.86 3.36 0.988 3.36 0.988 5.551 4.636 1
once 6 0.0 0.0 -0.936 -4.31 2.127 -0.556 2.086 -0.082 6.92 0.951 10.665 -1.964 2.086 -0.082 3.153 -5.048 1
once 4 0.0 0.0 1.449 4.57 2.144 3.736 3.3 1.739 -4.777811846095038 -4.3661287550007195 -2.096 0.546 0
once 2 0.0 0.0 -1.305 -1.168 -0.9254782549700682 -4.440989030505248 -3.681 -8.217 0
once 4 0.0 0.0 -0.022 -0.848 1.139 -0.584 4.498 -1.648 4.498 -1.648 8.439 3.984 1
once 3 0.0 0.0 -2.389 -1.43 -3.665 -3.855 -0.4709921711252143 3.5859565510865323 1.331 4.44 0
once 2 0.0 0.0 0.978 2.99 2.1977889764766765 2.0426698784403996 1.257 7.508 0
once 2 0.0 0.0 -2.11 -3.627 -2.11 -3.627 -6.048 -7.349 1
once 5 0.0 0.0 2.212 1.632 0.315 3.472 -2.799 4.387 -5.985 4.114 -2.799 4.387 -5.195 4.608 1
once 5 0.0 0.0 1.754 0.103 2.521 1.07 0.822 -2.492 -0.45 -5.518 2.2774801077237603 -2.308804382608919 5.831 0.826 0
once 6 0.0 0.0 -0.887 -0.096 -0.456 1.195 -2.87 2.558 -1.52 0.321 -2.067 0.209 -2.87 2.558 1.888 -2.092 2
once 4 0.0 0.0 2.583 -3.327 3.359 -7.016 3.265 -6.806 -3.1877511887549526 -2.106357961157129 -0.617 -0.335 0
once 2 0.0 0.0 2.704 -2.578 0.0 0.0 -0.121 -2.54 1
once 6 0.0 0.0 1.234 -0.729 -0.108 0.774 -0.26 0.467 -4.433 -1.841 -7.313 -4.471 -4.433 -1.841 -10.38 -6.011 1
once 5 0.0 0.0 4.737 -0.409 7.411 -0.721 6.1 -3.106 5.633 -4.771 0.2480381356335446 -3.940002001737585 -2.372 -4.421 0
once 5 0.0 0.0 -0.75 -2.435 -1.114 -2.176 -0.387 -2.166 -0.21 -2.576 -0.387 -2.166 5.147 -0.952 1
once 5 0.0 0.0 -0.817 -2.986 1.044 -1.664 -0.167 -0.462 0.09 -4.476 -0.817 -2.986 -3.261 2.07 1
once 4 0.0 0.0 1.035 1.351 0.653 -0.788 0.001 -1.665 0.001 -1.665 0.825 -1.828 1
once 3 0.0 0.0 0.881 2.611 2.807 5.516 -2.569296933560109 -1.8179375251734422 -4.345 3.905 0
once 5 0.0 0.0 0.275 -2.712 -2.944 -0.617 -1.508 3.833 -0.784 7.807 -1.508 3.833 -3.726 0.495 1
once 2 0.0 0.0 0.158 -0.408 1.2319802994252793 3.5390498432259996 2.476 3.02 0
once 3 0.0 0.0 0.581 -0.262 0.008 2.04 0.0 0.0 -3.512 -5.502 1
once 5 0.0 0.0 2.945 -1.584 2.907 -0.891 5.553 -1.415 7.756 0.048 2.945 -1.584 3.759 -7.414 1
once 2 0.0 0.0 -0.111 -1.587 0.0 0.0 1.487 -2.834 1
once 6 0.0 0.0 4.588 -1.891 4.492 -1.407 4.793 -2.014 2.251 -3.881 1.829 -3.683 2.251 -3.881 8.194 -3.346 1
once 3 0.0 0.0 -0.732 -1.219 -1.001 -1.654 0.0 0.0 -2.122 -0.705 1
once 3 0.0 0.0 1.264 -0.795 3.062 0.707 1.264 -0.795 -3.561 -0.169 1
once 5 0.0 0.0 -3.846 1.648 0.424 3.645 0.815 3.718 -1.889 0.751 -1.889 0.751 -2.175 2.434 2
once 6 0.0 0.0 -3.052 0.035 -4.384 2.286 -2.476 1.714 -3.015 -0.217 -2.876 -4.808 -3.015 -0.217 2.308 0.51 2
once 4 0.0 0.0 0.025 0.873 0.842 2.715 2.971 6.792 0.025 0.873 -2.09 4.143 1
once 6 0.0 0.0 4.24 -1.757 4.249 -2.082 6.169 -2.715 8.114 -5.2 8.853 -5.577 4.24 -1.757 6.733 -6.662 2
once 2 0.0 0.0 0.774 -0.998 0.0 0.0 2.483 -0.287 1
once 5 0.0 0.0 -0.844 0.249 0.315 -2.415 0.289 -4.91 -4.139 -6.108 -3.504114210055902 -2.6549174030769143 -3.861 -0.524 0
once 4 0.0 0.0 0.025 -0.256 -0.505 -0.533 -2.172 -2.436 0.0 0.0 2.237 4.01 1
once 2 0.0 0.0 4.795 0.131 0.0 0.0 1.549 -4.888 1
once 6 0.0 0.0 1.403 1.1 1.44 1.384 -2.701 -1.033 -3.336 2.029 -2.742 1.69 -2.701 -1.033 1.761 -5.109 1
once 3 0.0 0.0 2.616 0.502 3.282 1.42 0.0 0.0 5.066 0.687 1
once 4 0.0 0.0 -2.285 -2.28 -4.189 -3.396 -5.688 -3.405 -2.285 -2.28 0.401 -1.797 1
once 3 0.0 0.0 -3.661 -3.038 -0.626 -2.07 0.2821715656863937 0.01760932633225032 4.373 2.545 0
once 5 0.0 0.0 -0.379 0.157 0.897 0.245 4.222 1.125 3.881 0.82 -0.379 0.157 0.738 -4.936 1
once 2 0.0 0.0 -1.233 -2.704 2.4319799271766254 0.8274752941211272 3.015 -3.344 0
once 3 0.0 0.0 -0.63 3.169 3.156 2.193 -0.63 3.169 2.51 2.388 1
once 4 0.0 0.0 2.174 3.932 3.344 3.203 3.85 3.403 3.344 3.203 -1.63 7.413 1
once 3 0.0 0.0 -3.75 0.033 1.056 -0.729 -2.282044796539102 -1.5016119300823139 3.047 -3.319 0
once 3 0.0 0.0 0.267 -0.02 3.226 0.576 3.226 0.576 0.38 1.571 1
once 2 0.0 0.0 -0.994 0.921 0.0 0.0 4.96 -2.999 1
once 6 0.0 0.0 2.367 3.906 2.023 4.124 -2.021 6.964 -4.064 10.275 -3.311 11.86 0.0 0.0 -4.246 -2.721 1
once 4 0.0 0.0 0.015 -4.266 0.398 -5.821 -3.256 -6.857 0.015 -4.266 -4.427 -5.484 1
once 3 0.0 0.0 -1.119 2.236 0.592 0.417 -1.119 2.236 4.057 -2.489 1
once 3 0.0 0.0 0.294 0.772 -3.462 0.082 -3.462 0.082 0.651 -3.181 1
once 2 0.0 0.0 -2.597 -2.937 0.0 0.0 -4.044 -1.12 1
once 6 0.0 0.0 -0.227 -3.121 -0.291 -3.511 -0.878 -8.164 -2.348 -10.043 -0.929 -13.726 -0.227 -3.121 5.181 -2.335 1
once 6 0.0 0.0 2.74 -1.75 -0.274 -4.32 -2.062 -4.793 0.301 -2.576 1.889 -2.397 -2.062 -4.793 2.479 -6.045 1
once 5 0.0 0.0 0.256 1.093 1.643 -0.866 2.936 -2.296 0.426 -4.73 0.426 -4.73 -1.531 0.295 1
once 5 0.0 0.0 0.967 0.456 5.347 1.633 10.001 0.019 12.253 1.741 12.253 1.741 12.171 2.987 1
once 3 0.0 0.0 3.323 0.845 4.479 3.603 2.1380190901704887 -4.569837379279425 -3.762 -1.053 0
once 3 0.0 0.0 0.096 0.899 -1.226 0.115 0.096 0.899 -3.136 2.997 1
once 5 0.0 0.0 0.399 0.323 1.535 2.865 1.505 3.233 -0.522 3.358 3.8138201823744318 1.644794051228736 3.511 0.039 0
once 6 0.0 0.0 -1.542 -2.7 -0.882 -4.13 0.842 -1.843 -0.029 -1.274 1.033 -2.276 1.033 -2.276 4.926 2.464 1
once 6 0.0 0.0 0.801 1.307 3.461 -1.304 1.564 2.219 4.31 2.478 3.428 1.47 4.31 2.478 -1.005 -1.114 2
once 2 0.0 0.0 -3.751 -3.264 3.2077897565549733 3.3839348735923043 2.531 -0.791 0
once 5 0.0 0.0 -0.393 -0.984 -0.284 -0.301 3.767 -1.37 2.793 -1.8 3.767 -1.37 5.17 -1.754 1
once 5 0.0 0.0 -3.266 -3.119 -2.478 -7.396 -3.721 -8.007 -3.502 -7.988 -3.502 -7.988 -3.931 -5.862 2
once 5 0.0 0.0 -2.245 0.792 -3.728 1.636 -3.821 -0.908 -1.035 -3.328 -1.035 -3.328 -0.069 -1.848 1
once 4 0.0 0.0 1.952 -0.725 2.021 -0.924 1.075 -3.367 2.4412807523263114 -0.5796368232404392 5.237 3.699 0
once 4 0.0 0.0 -4.043 -0.23 -3.175 -1.673 -3.282 1.005 -3.282 1.005 -3.674 -3.17 2
once 6 0.0 0.0 1.105 -0.073 1.328 1.951 5.318 1.25 5.396 0.148 6.337 -3.578 -3.2245412373252256 1.3623561254194865 -1.207 6.393 0
once 4 0.0 0.0 3.481 -0.467 7.241 0.998 5.496 3.016 5.496 3.016 3.643 1.924 1
once 3 0.0 0.0 -0.028 -4.697 -0.38 -3.304 -0.028 -4.697 1.212 -2.684 1
once 5 0.0 0.0 0.65 2.071 -2.503 4.394 -3.576 4.6 -4.088 3.497 0.0 0.0 0.074 -5.14 1
once 5 0.0 0.0 3.539 2.768 -0.084 1.532 1.34 5.706 2.02 3.829 3.539 2.768 6.43 8.363 1
once 3 0.0 0.0 -3.696 -3.165 -3.542 1.195 -3.3540691516161134 1.5411309386295553 1.299 5.24 0
once 3 0.0 0.0 0.366 -0.416 -3.093 1.788 0.0 0.0 5.376 -5.112 1
once 3 0.0 0.0 2.212 0.871 -2.48 0.849 -0.34543079887690986 4.335786454825577 -5.168 6.879 0
once 4 0.0 0.0 3.81 -3.124 3.316 -0.966 0.116 0.14 0.0 0.0 2.511 -3.383 1
once 5 0.0 0.0 0.648 -0.628 -0.487 -4.326 -2.628 -8.467 -3.917 -7.58 0.648 -0.628 -3.959 -3.957 1
once 3 0.0 0.0 0.416 1.835 -0.411 3.577 -0.411 3.577 3.08 0.052 1
once 6 0.0 0.0 2.32 0.427 3.725 4.326 4.188 6.487 -0.043 5.391 0.902 9.577 4.188 6.487 -1.498 4.661 1
once 5 0.0 0.0 -1.243 -0.861 -3.409 2.828 0.686 0.738 2.195 5.401 0.686 0.738 2.745 -3.65 1
once 3 0.0 0.0 2.876 -1.958 3.172 -2.346 0.0 0.0 0.454 -3.459 1
once 2 0.0 0.0 -4.885 0.054 2.1712578267699527 3.355077594170446 -1.468 7.505 0
once 2 0.0 0.0 -1.261 -4.233 0.018617905922393874 -0.002183090609325866 1.891 -3.731 0
once 3 0.0 0.0 -2.88 0.589 0.491 -0.815 -2.88 0.589 -1.269 3.979 1
once 6 0.0 0.0 0.131 0.653 2.027 1.862 3.308 -1.041 3.325 -4.246 -0.621 -7.041 0.131 0.653 1.332 5.078 1
once 3 0.0 0.0 3.222 2.226 1.707 -1.053 0.034631320322925596 2.9926480444213865 0.331 -1.491 1
once 3 0.0 0.0 -3.811 2.75 -7.698 1.8 -4.002436826260113 -2.8714705957859255 -7.856 -7.618 0
once 6 0.0 0.0 -0.301 1.667 -0.393 1.996 1.33 5.402 4.331 2.43 4.874 1.221 4.874 1.221 9.993 6.632 1
once 2 0.0 0.0 0.37 0.625 0.37 0.625 3.557 -4.161 1
once 3 0.0 0.0 -0.5 0.011 -3.56 -2.277 0.0 0.0 4.925 2.944 1
once 3 0.0 0.0 2.467 -4.341 2.963 -6.088 -1.472618626136839 0.3624470451320434 -5.631 2.417 0
once 3 0.0 0.0 0.902 -0.004 3.719 0.025 3.719 0.025 1.206 5.748 1
once 5 0.0 0.0 3.406 -1.799 4.655 -6.304 4.196 -6.79 5.442 -8.731 3.406 -1.799 8.951 -3.788 1
once 2 0.0 0.0 1.718 1.168 -0.6637438898203785 -3.541601061448455 0.446 -7.092 0
once 5 0.0 0.0 -1.826 3.076 -5.017 2.026 -5.992 1.562 -6.016 -2.023 0.0 0.0 1.674 -4.053 1
once 3 0.0 0.0 -2.526 -1.009 -3.67 -1.731 0.0 0.0 4.482 3.8 1
once 3 0.0 0.0 0.417 1.909 -0.388 3.852 0.0 0.0 -1.489 -5.002 1
once 2 0.0 0.0 2.197 -3.87 4.388587021579733 -3.3299136707596166 8.679 1.36 0
once 3 0.0 0.0 -3.23 1.185 -3.611 1.064 -3.611 1.064 -8.164 -1.451 1
once 5 0.0 0.0 3.181 -0.277 2.943 -0.4 3.021 2.675 6.968 0.417 6.968 0.417 12.66 0.938 1
once 5 0.0 0.0 -0.43 0.797 -0.854 0.365 -0.654 0.174 1.941 1.944 0.13688196740391945 2.7070693556441814 0.224 -0.342 1
once 3 0.0 0.0 1.068 0.084 2.672 -2.35 1.068 0.084 -2.327 -5.426 1
once 2 0.0 0.0 -2.217 -1.411 -2.217 -1.411 1.524 -2.496 1
once 4 0.0 0.0 4.068 1.223 4.141 2.25 5.792 6.739 5.792 6.739 5.629 4.348 1
once 2 0.0 0.0 1.117 2.122 -2.087713627067491 4.643114507406201 -5.714 7.73 0
once 3 0.0 0.0 -3.74 2.063 -3.721 0.608 0.0 0.0 -3.803 -3.364 1
once 3 0.0 0.0 -4.528 1.62 -4.804 1.229 -4.804 1.229 -4.801 6.905 1
once 3 0.0 0.0 2.641 -3.246 3.181 -2.176 2.641 -3.246 5.917 -5.906 1
once 4 0.0 0.0 -0.579 -1.913 -0.01 -2.138 -0.393 -1.903 -0.393 -1.903 0.017 1.896 2
once 2 0.0 0.0 0.278 -0.48 0.0 0.0 0.586 -3.07 1
once 2 0.0 0.0 0.275 -3.518 0.275 -3.518 4.406 -8.833 1
once 3 0.0 0.0 -3.291 -2.168 -3.771 -4.614 -3.771 -4.614 -7.388 -0.542 1
start 10 3.597 0.101 5.337 5.85 -0.034 4.198 -3.656 5.866 -4.26 0.54 -9.396 -5.887 -0.642 -1.847 1.208 -5.579 3.525 -3.383 3.597 0.101 1.0 0
start 13 1.722 0.038 4.07 1.809 1.832 2.002 0.389 1.46 -0.891 2.628 -3.205 1.647 -2.088 -0.078 -1.786 -1.411 -1.56 -1.756 -0.413 -3.806 1.09 -2.594 1.911 -0.667 1.722 0.038 3.0 6
start 8 4.881 1.405 4.457 4.189 -0.9 1.606 -2.893 2.129 -5.952 -2.678 -2.678 -5.182 0.57 -1.25 4.881 1.405 2.0 0
start 10 5.003 0.005 0.681 0.706 0.694 1.464 -3.444 3.892 -2.669 0.555 -2.687 -0.524 -0.352 -1.417 0.85 -2.097 3.657 -2.672 5.003 0.005 3.0 5
start 8 1.57 -0.005 0.838 0.961 -0.286 0.745 -0.3 0.206 -1.234 -0.312 -0.171 -0.629 1.471 -1.071 1.57 -0.005 1.0 0
start 8 1.541 -0.334 1.477 1.904 0.022 0.565 -1.736 1.057 -2.179 -0.465 -0.337 -1.075 1.782 -1.374 1.541 -0.334 2.0 -1
start 4 8.88 1.498 -5.982 6.166 -8.281 -7.924 8.88 1.498 0.5 0
start 12 6.771 1.079 11.162 3.214 7.531 10.694 -4.303 9.552 -2.041 1.781 -5.994 3.704 -3.749 -1.865 -1.487 -1.808 -1.674 -8.256 4.969 -7.774 4.835 -2.66 6.771 1.079 5.0 1
start 9 1.971 0.051 6.417 4.0 1.892 7.048 -3.191 2.701 -5.118 0.035 -4.759 -5.858 -0.324 -1.342 6.416 -4.146 1.971 0.051 2.0 0
start 7 4.145 1.182 2.743 5.571 -0.665 0.813 -4.164 0.533 -2.185 -5.463 1.088 -4.584 4.145 1.182 3.0 3
start 11 6.237 1.37 1.483 0.761 2.086 2.96 -3.353 6.803 -1.01 1.205 -1.39 0.075 -3.995 -1.562 -3.278 -5.709 3.103 -7.96 2.01 -1.108 6.237 1.37 5.0 6
start 4 0.368 -0.051 -0.363 1.339 -0.327 -1.024 0.368 -0.051 1.0 -1
start 9 2.955 -0.493 3.807 6.298 1.278 5.856 -7.555 5.4 -1.838 0.048 -4.777 -5.621 -0.896 -4.089 1.687 -2.158 2.955 -0.493 2.0 0
start 11 4.786 -0.954 5.237 4.871 1.302 2.691 -0.035 2.088 -2.81 1.833 -4.416 -0.813 -5.657 -2.058 -1.375 -2.038 0.11 -2.988 1.119 -1.422 4.786 -0.954 1.0 0
start 6 8.847 -1.693 0.823 2.201 -7.363 6.0 -6.635 -7.383 0.882 -4.696 8.847 -1.693 3.0 0
start 6 4.524 1.081 2.181 5.048 -8.133 3.352 -5.334 -2.12 1.32 -2.621 4.524 1.081 5.0 0
start 12 3.109 -0.195 1.381 0.668 1.755 2.951 -0.438 1.138 -2.569 1.935 -1.716 0.346 -1.329 -0.436 -0.466 -0.984 0.088 -2.482 1.275 -2.793 0.756 -0.777 3.109 -0.195 1.0 2
start 6 7.886 0.787 5.357 8.8 -5.892 4.637 -7.048 -5.274 1.966 -5.572 7.886 0.787 3.0 0
start 5 10.059 -2.741 -0.359 3.948 -5.194 -0.968 0.268 -4.802 10.059 -2.741 2.0 0
start 13 8.814 1.063 4.302 2.764 5.984 5.7 -0.917 4.115 -4.118 4.389 -4.551 1.182 -4.375 0.808 -3.596 -3.057 -2.699 -4.748 -0.087 -8.905 2.93 -10.013 6.614 -6.868 8.814 1.063 0.5 0
start 9 1.091 -0.057 1.311 1.048 1.473 6.953 -2.451 1.788 -2.492 -0.265 -1.662 -2.811 -0.652 -2.202 3.753 -6.606 1.091 -0.057 5.0 -1
start 11 3.266 -0.005 3.874 2.217 2.408 6.463 -0.571 7.575 -1.812 1.122 -5.573 0.621 -8.466 -4.765 -4.065 -7.89 1.242 -2.652 7.043 -9.362 3.266 -0.005 0.5 0
start 12 8.902 2.417 1.851 1.466 2.46 4.152 1.032 9.553 -0.839 1.147 -8.519 1.988 -7.884 -3.71 -6.811 -6.645 -1.629 -7.012 4.547 -8.374 8.105 -3.776 8.902 2.417 1.0 0
start 11 1.578 -0.35 2.145 1.656 0.746 9.354 -3.076 7.716 -6.551 6.435 -6.62 0.942 -1.669 -1.096 -0.104 -5.834 0.704 -6.445 1.908 -1.136 1.578 -0.35 3.0 0
start 11 6.991 1.667 2.936 2.043 2.077 8.278 -2.634 4.01 -2.124 0.928 -7.281 0.727 -7.767 -5.24 -1.129 -6.769 1.777 -7.601 5.856 -5.026 6.991 1.667 1.0 0
start 10 5.599 0.378 8.352 4.765 1.187 8.524 -9.493 9.964 -5.336 2.805 -6.405 -2.269 -1.638 -2.809 -0.462 -12.116 6.723 -5.955 5.599 0.378 0.5 0
start 9 1.985 -0.567 1.76 1.061 0.5 1.796 -0.732 0.829 -2.186 0.655 -1.686 -1.2 -0.506 -3.273 0.334 -0.365 1.985 -0.567 5.0 -1
start 6 6.923 -0.82 1.343 3.788 -6.561 3.946 -0.991 -0.591 1.506 -6.71 6.923 -0.82 1.0 0
start 12 7.169 0.014 4.449 1.67 1.526 4.431 -2.865 6.302 -4.134 5.176 -5.718 3.412 -1.759 -0.203 -2.926 -3.676 -0.328 -3.444 0.674 -1.292 1.032 -0.506 7.169 0.014 2.0 1
start 7 6.653 -0.761 3.145 6.423 -1.727 5.279 -7.154 0.26 -2.937 -3.751 1.23 -5.127 6.653 -0.761 3.0 0
start 4 1.33 0.245 -2.242 3.294 -2.381 -5.291 1.33 0.245 5.0 -1
start 11 9.676 -0.494 6.456 6.359 3.202 6.74 -1.999 2.934 -6.528 6.027 -2.144 0.363 -2.322 -1.381 -3.558 -6.743 2.123 -6.045 2.238 -1.289 9.676 -0.494 3.0 0
start 8 4.242 0.116 6.515 7.83 -3.214 9.914 -3.469 0.561 -11.098 -3.098 -0.763 -8.978 6.952 -4.942 4.242 0.116 2.0 0
start 4 1.107 0.306 -2.092 2.98 -0.869 -1.368 1.107 0.306 5.0 -1
start 10 2.712 0.836 1.327 0.75 -0.407 9.155 -1.827 5.654 -3.403 1.194 -4.873 -2.004 -5.238 -8.555 0.951 -2.37 4.091 -3.092 2.712 0.836 3.0 3
start 12 3.37 0.386 5.66 1.83 1.965 2.646 -0.228 2.925 -2.079 2.595 -3.983 0.012 -3.662 -0.022 -2.135 -2.609 -0.82 -5.841 2.533 -3.344 5.192 -1.575 3.37 0.386 2.0 2
start 9 2.624 -0.581 4.579 3.175 0.418 7.832 -6.886 4.828 -5.693 1.165 -0.864 -1.247 -2.711 -9.155 3.839 -6.603 2.624 -0.581 5.0 0
start 13 3.492 -0.219 1.258 0.335 1.058 3.649 0.256 1.388 -1.409 5.352 -1.731 0.879 -4.722 1.216 -0.647 -0.669 -0.835 -1.039 1.425 -4.86 0.833 -1.042 1.645 -1.405 3.492 -0.219 5.0 -1
start 7 0.412 0.126 0.343 0.87 -0.526 0.869 -0.781 -0.026 -0.204 -0.207 0.142 -0.263 0.412 0.126 3.0 -1
start 10 4.534 -0.507 1.133 1.177 -0.558 5.487 -1.881 3.043 -1.425 0.971 -1.603 -0.289 -0.662 -1.083 0.175 -4.08 1.532 -1.644 4.534 -0.507 3.0 -1
start 6 4.88 0.377 0.687 2.258 -9.884 5.551 -5.502 -2.188 3.35 -13.991 4.88 0.377 1.0 0
start 11 2.249 0.462 4.068 2.953 0.133 5.305 -0.598 2.487 -3.11 4.098 -3.381 -0.161 -5.014 -2.147 -0.82 -6.152 3.528 -7.957 6.953 -2.591 2.249 0.462 5.0 6
start 6 2.722 0.121 1.322 8.725 -7.607 9.165 -11.479 -8.218 1.988 -2.879 2.722 0.121 3.0 0
start 12 1.1 0.298 0.231 0.24 0.417 1.136 -0.282 1.895 -0.288 0.34 -1.806 0.31 -0.864 -0.031 -0.39 -0.507 -0.346 -1.432 0.306 -1.446 1.136 -1.208 1.1 0.298 3.0 -1
start 7 9.062 0.031 0.612 1.415 -3.314 3.592 -3.015 0.221 -3.986 -3.738 2.938 -2.992 9.062 0.031 0.5 0
start 9 1.117 0.299 1.172 1.439 0.369 3.433 -1.791 2.396 -0.89 -0.002 -0.968 -0.816 0.17 -1.053 1.34 -1.3 1.117 0.299 0.5 0
start 7 5.902 -1.744 1.775 4.874 -3.31 9.832 -9.178 1.526 -1.8 -6.376 0.753 -1.881 5.902 -1.744 0.5 0
start 9 2.457 -0.194 0.641 0.664 1.338 5.341 -0.896 1.324 -4.915 -0.78 -2.836 -2.871 -1.154 -5.69 1.893 -2.49 2.457 -0.194 5.0 -1
start 13 10.245 0.014 7.978 7.866 5.398 8.335 -3.355 11.619 -2.601 3.214 -4.765 3.553 -12.968 2.196 -5.668 -5.613 -1.29 -3.781 0.487 -4.11 1.595 -1.574 5.954 -2.019 10.245 0.014 3.0 0
start 6 4.719 0.452 0.158 1.217 -5.426 3.717 -4.406 -3.563 1.681 -3.714 4.719 0.452 5.0 3
start 4 4.146 -0.301 -4.61 4.66 -2.132 -2.073 4.146 -0.301 0.5 0
start 5 8.521 -0.726 0.204 7.922 -9.659 -1.987 1.057 -10.84 8.521 -0.726 0.5 0
start 10 2.184 -0.38 9.336 6.25 -0.257 12.573 -3.053 8.364 -4.29 1.246 -11.284 -5.611 -1.226 -1.34 -0.369 -4.916 2.903 -3.168 2.184 -0.38 2.0 0
start 7 4.792 1.202 0.934 1.435 -2.638 3.305 -6.073 0.761 -2.893 -3.63 0.375 -1.168 4.792 1.202 3.0 1
start 5 7.587 -1.766 -1.511 5.802 -3.142 0.155 1.125 -3.873 7.587 -1.766 2.0 0
start 7 3.018 -0.463 2.842 5.671 -5.681 6.855 -6.126 -0.818 -2.054 -2.251 1.504 -2.141 3.018 -0.463 0.5 0
start 6 5.074 1.101 0.519 3.969 -4.365 1.789 -1.589 -0.889 3.254 -5.446 5.074 1.101 5.0 0
start 7 3.477 0.231 1.12 3.43 -2.126 2.152 -4.386 -0.939 -2.064 -5.178 3.68 -3.902 3.477 0.231 3.0 0
start 5 1.193 0.205 0.263 0.862 -2.477 -0.246 -0.251 -2.355 1.193 0.205 0.5 0
start 6 10.261 1.203 2.435 5.229 -6.216 3.053 -6.593 -6.106 1.876 -2.924 10.261 1.203 5.0 1
start 7 7.443 -1.362 1.614 5.148 -1.708 3.02 -6.23 -0.346 -3.315 -3.775 1.507 -1.413 7.443 -1.362 3.0 0
start 7 1.275 0.073 1.255 2.997 -1.725 2.992 -2.076 0.542 -1.096 -2.421 0.486 -1.009 1.275 0.073 1.0 0
start 10 1.581 -0.128 1.381 2.088 -0.214 3.991 -1.136 1.192 -3.246 0.246 -1.651 -0.46 -1.261 -4.38 -0.147 -1.333 0.851 -0.36 1.581 -0.128 1.0 0
start 5 4.793 -0.002 0.091 1.418 -5.864 -0.053 0.111 -3.289 4.793 -0.002 1.0 0
start 9 6.593 0.808 5.094 8.345 -0.225 5.651 -3.946 3.688 -10.588 -0.396 -2.47 -3.936 0.127 -1.998 2.359 -2.405 6.593 0.808 2.0 0
start 5 1.032 0.109 -0.956 3.506 -2.561 0.013 0.098 -0.775 1.032 0.109 5.0 -1
start 8 2.313 -0.642 1.274 1.289 -0.077 6.311 -7.549 2.396 -4.08 -3.123 0.452 -6.699 5.686 -4.081 2.313 -0.642 2.0 0
start 9 1.591 0.143 0.937 1.315 0.016 0.982 -1.192 0.682 -1.021 0.175 -1.029 -0.833 0.361 -1.634 0.755 -0.455 1.591 0.143 1.0 0
start 11 5.179 -0.834 1.561 1.494 1.234 2.461 -0.418 1.381 -4.255 3.555 -5.197 0.476 -3.181 -1.693 -0.632 -1.35 1.918 -3.767 4.764 -2.691 5.179 -0.834 1.0 0
start 4 1.448 -0.425 -1.73 3.729 -1.517 -3.434 1.448 -0.425 3.0 -1
start 12 2.689 -0.449 1.4 0.68 0.886 2.603 -0.982 2.283 -1.129 0.982 -3.026 0.98 -0.843 -0.422 -1.304 -1.852 -0.295 -1.854 0.325 -0.545 1.134 -1.307 2.689 -0.449 1.0 0
start 8 1.088 0.333 1.363 1.513 -0.503 1.364 -1.655 1.04 -3.123 -1.131 -0.69 -3.574 1.827 -2.472 1.088 0.333 0.5 0
start 5 3.29 -0.386 -0.511 2.729 -1.083 0.092 -0.285 -1.182 3.29 -0.386 2.0 0
start 9 3.688 0.155 6.925 4.618 0.652 4.484 -5.145 2.927 -4.019 0.52 -2.987 -3.349 -1.126 -4.829 4.62 -2.875 3.688 0.155 5.0 2
start 5 2.162 -0.089 -0.177 0.801 -3.985 -0.962 -0.209 -0.695 2.162 -0.089 5.0 -1
start 12 2.019 -0.354 2.449 1.781 1.643 1.975 -0.131 2.076 -0.899 1.588 -1.461 0.68 -1.608 -0.933 -0.833 -0.778 0.204 -1.634 1.308 -2.592 0.461 -0.483 2.019 -0.354 3.0 -1
start 11 1.57 -0.379 3.055 2.994 1.43 3.496 -0.872 5.435 -5.382 4.307 -5.758 0.516 -5.605 -5.26 -0.191 -2.802 3.641 -6.205 3.409 -1.773 1.57 -0.379 0.5 0
start 6 0.713 -0.199 0.779 4.212 -2.143 0.877 -1.87 -1.566 0.029 -1.186 0.713 -0.199 2.0 2
start 7 3.413 -0.473 0.879 0.988 -1.212 1.673 -2.242 -0.407 -3.656 -5.384 0.549 -1.157 3.413 -0.473 0.5 0
start 4 1.686 -0.371 -1.445 1.935 -0.921 -2.866 1.686 -0.371 2.0 1
start 13 6.799 0.209 8.013 6.562 3.015 9.096 -1.366 4.595 -4.282 8.257 -4.139 1.651 -10.225 2.932 -10.914 -4.785 -5.154 -4.874 0.289 -2.839 2.506 -8.819 7.286 -2.925 6.799 0.209 1.0 0
start 10 3.339 0.297 4.806 3.893 2.447 5.166 -2.325 2.39 -4.08 2.756 -3.377 -1.558 -0.288 -1.083 0.693 -1.411 1.09 -0.658 3.339 0.297 1.0 0
start 4 10.197 -0.782 -8.67 9.506 -0.787 -1.914 10.197 -0.782 1.0 0
start 8 4.925 -1.085 2.08 1.416 -0.227 3.266 -3.391 1.753 -2.784 -2.311 -0.198 -1.298 1.922 -3.596 4.925 -1.085 5.0 -1
start 6 5.029 0.912 0.294 0.987 -2.779 2.097 -1.755 -2.147 2.714 -4.391 5.029 0.912 3.0 0
start 6 4.344 -0.088 1.895 3.342 -3.62 2.66 -4.588 -1.832 0.958 -2.323 4.344 -0.088 2.0 0
start 9 12.711 -2.2 3.528 4.407 -2.39 11.27 -2.755 3.721 -8.748 1.11 -2.423 -1.924 -1.829 -13.698 2.139 -3.036 12.711 -2.2 2.0 0
start 10 0.597 0.109 0.393 0.315 0.043 1.274 -0.961 1.336 -0.524 0.389 -1.361 -0.347 -0.446 -0.64 -0.085 -1.686 1.059 -0.587 0.597 0.109 1.0 0
start 7 10.026 -2.195 0.705 2.949 -2.839 2.696 -3.691 -0.56 -1.464 -6.08 3.747 -6.813 10.026 -2.195 0.5 0
start 12 2.785 -0.124 2.265 0.879 0.711 2.43 -0.176 2.062 -0.775 0.536 -0.601 0.018 -2.705 -1.102 -0.533 -0.628 -0.127 -0.472 1.17 -3.106 0.775 -0.619 2.785 -0.124 1.0 1
start 4 4.401 -0.404 -2.816 2.997 -3.333 -6.177 4.401 -0.404 0.5 0
start 12 0.378 -0.085 1.54 0.83 0.439 0.698 -0.267 1.79 -0.358 0.44 -0.64 0.352 -0.905 -0.438 -0.27 -0.233 -0.017 -1.905 0.306 -1.176 0.99 -1.027 0.378 -0.085 5.0 -1
start 10 1.67 -0.368 0.789 1.082 0.326 1.098 -0.4 0.539 -2.266 0.234 -1.732 -1.14 -0.54 -1.274 -0.102 -2.696 1.665 -1.303 1.67 -0.368 2.0 0
start 5 3.432 0.138 0.4 1.338 -1.595 0.014 0.189 -0.677 3.432 0.138 2.0 -1
start 9 2.692 0.795 3.681 2.707 -0.061 2.285 -0.974 0.978 -4.353 0.715 -1.964 -2.058 0.325 -1.073 3.096 -4.169 2.692 0.795 2.0 1
start 13 1.243 0.065 5.542 3.763 0.6 1.277 0.21 1.912 -3.781 5.178 -1.503 0.403 -6.113 -0.592 -2.479 -2.105 -2.517 -4.744 1.581 -6.196 1.266 -2.365 5.342 -1.314 1.243 0.065 5.0 -1
start 10 11.899 -0.846 2.222 2.389 0.292 5.184 -0.901 3.208 -2.412 1.387 -2.175 -0.589 -4.593 -11.61 3.691 -8.485 4.371 -6.084 11.899 -0.846 3.0 0
start 5 8.131 -2.312 -0.634 6.855 -2.166 -0.502 0.539 -2.109 8.131 -2.312 3.0 0
start 6 0.62 0.071 0.049 1.165 -0.732 0.351 -1.216 -0.634 1.01 -2.902 0.62 0.071 1.0 2
start 12 7.796 -1.426 2.602 1.45 1.427 3.365 -0.82 5.876 -3.251 4.704 -6.855 0.847 -5.99 -0.629 -5.331 -4.24 -1.967 -4.906 1.797 -2.018 7.03 -2.979 7.796 -1.426 3.0 1
start 8 4.699 -0.706 4.323 5.371 -4.12 10.568 -9.11 4.167 -3.556 -2.759 0.159 -5.451 5.57 -4.326 4.699 -0.706 5.0 0
start 10 3.483 -0.597 3.649 3.949 -0.595 7.322 -1.28 1.241 -1.232 0.592 -7.072 -1.313 -0.59 -1.768 0.372 -3.005 2.749 -2.606 3.483 -0.597 0.5 0
start 11 9.342 2.749 5.281 5.255 0.153 2.692 -3.57 9.493 -9.226 10.683 -14.46 2.672 -2.208 -0.999 -0.502 -6.138 0.422 -2.269 11.697 -6.24 9.342 2.749 5.0 0
start 12 5.472 0.632 4.648 5.104 2.666 5.753 -0.384 9.508 -4.396 5.992 -6.702 1.96 -6.531 -3.543 -7.531 -8.024 0.186 -3.576 2.871 -10.95 3.461 -1.492 5.472 0.632 2.0 0
start 9 3.565 1.071 1.973 1.893 -0.17 0.853 -2.325 1.462 -3.258 0.637 -1.579 -1.751 -0.59 -3.128 2.147 -3.202 3.565 1.071 0.5 0
start 5 6.172 0.682 0.373 1.907 -4.088 -1.213 -0.788 -2.951 6.172 0.682 1.0 0
start 12 1.8 -0.31 5.999 3.54 1.425 3.832 0.053 2.189 -3.279 3.045 -5.595 2.808 -5.116 -2.961 -2.159 -1.834 0.453 -7.933 1.23 -1.954 1.89 -1.682 1.8 -0.31 3.0 2
start 8 6.244 -1.307 3.501 2.577 -0.663 7.624 -6.462 4.353 -3.982 -0.901 -0.681 -3.199 2.855 -3.566 6.244 -1.307 0.5 0
start 6 6.986 1.54 1.644 6.608 -2.445 3.036 -5.41 -2.764 2.5 -6.345 6.986 1.54 5.0 0
start 6 7.103 0.65 1.055 3.033 -4.213 3.023 -6.318 -3.506 3.561 -6.035 7.103 0.65 2.0 0
start 10 12.472 3.234 2.7 1.958 1.464 12.895 -4.303 11.022 -6.553 0.832 -3.593 -1.583 -2.553 -4.366 0.07 -3.12 6.111 -4.798 12.472 3.234 2.0 0
start 6 3.361 -0.001 1.893 8.398 -4.251 2.883 -2.576 -1.707 5.368 -7.852 3.361 -0.001 0.5 0
start 7 4.233 -0.71 1.2 4.76 -2.04 4.196 -2.392 0.034 -1.806 -1.916 1.774 -3.962 4.233 -0.71 3.0 0
start 7 8.121 2.217 1.677 1.971 -3.774 3.744 -2.148 0.267 -2.506 -3.758 1.675 -4.002 8.121 2.217 0.5 0
start 6 6.21 -0.848 2.056 4.353 -1.754 0.6 -5.401 -2.485 0.627 -1.085 6.21 -0.848 5.0 -1
start 10 5.742 1.595 6.096 5.462 3.565 7.641 -0.694 1.334 -1.167 0.595 -3.902 -2.342 -4.633 -6.179 0.312 -1.742 1.599 -0.719 5.742 1.595 5.0 -1
start 7 7.268 1.56 3.378 14.254 -3.602 7.33 -10.691 0.492 -3.518 -7.225 1.671 -3.288 7.268 1.56 5.0 0
start 5 3.076 -0.865 0.461 6.393 -4.67 1.007 0.313 -2.623 3.076 -0.865 5.0 2
start 8 1.184 0.132 3.005 6.694 -0.42 7.966 -6.227 4.828 -7.192 -1.374 -1.982 -5.457 3.635 -7.393 1.184 0.132 2.0 0
start 11 6.781 0.26 4.779 5.806 0.733 1.555 -0.448 1.826 -5.099 3.53 -2.91 0.607 -5.543 -5.659 -2.522 -5.379 2.494 -6.296 3.954 -2.24 6.781 0.26 5.0 7
start 11 1.873 0.364 3.602 1.945 2.07 3.909 -0.937 4.008 -3.841 1.877 -4.965 -0.348 -2.793 -1.677 -1.884 -6.062 1.171 -6.158 3.431 -2.907 1.873 0.364 0.5 0
start 10 1.994 -0.084 2.113 1.161 -0.097 2.23 -1.695 3.385 -1.612 0.158 -1.195 -0.518 -1.581 -3.426 0.488 -4.274 1.136 -0.875 1.994 -0.084 2.0 1
start 10 10.131 1.89 7.847 7.211 -0.037 7.338 -2.873 5.607 -2.579 1.74 -6.154 -1.778 -2.346 -3.599 -0.107 -10.225 2.195 -2.039 10.131 1.89 5.0 0
start 5 6.235 -1.552 -0.902 3.199 -11.229 2.166 -1.72 -7.94 6.235 -1.552 0.5 0
start 7 13.58 -3.282 2.962 7.494 -3.652 4.904 -8.504 0.416 -1.261 -2.01 6.846 -8.738 13.58 -3.282 3.0 0
start 11 5.758 -1.418 3.116 1.966 3.2 6.683 -2.119 9.07 -3.87 1.944 -3.961 -0.446 -3.768 -3.24 -0.197 -3.87 0.826 -1.951 5.448 -5.022 5.758 -1.418 5.0 1
start 11 4.868 1.414 2.145 0.998 0.663 6.645 -2.554 3.781 -1.451 1.841 -6.229 -0.51 -5.138 -3.857 -3.098 -7.184 0.464 -6.324 3.414 -4.227 4.868 1.414 2.0 1
start 10 9.73 1.426 2.896 1.301 1.266 5.901 -2.678 5.227 -5.246 1.793 -4.681 -1.33 -2.707 -6.102 -0.709 -6.717 4.829 -5.995 9.73 1.426 1.0 0
start 12 5.259 1.084 5.307 1.548 8.421 10.808 -1.979 4.597 -6.236 11.256 -4.293 2.14 -4.512 -0.298 -4.581 -4.091 -1.708 -5.055 4.543 -6.286 2.083 -1.606 5.259 1.084 5.0 5
start 13 1.133 -0.094 1.459 0.643 1.908 6.875 -1.117 4.244 -3.244 4.123 -5.529 5.821 -4.555 -0.875 -7.434 -3.512 -1.302 -2.313 0.514 -4.845 0.888 -2.914 1.517 -1.416 1.133 -0.094 0.5 0
start 6 4.652 1.319 0.477 2.869 -2.919 3.764 -8.288 -2.913 3.198 -6.023 4.652 1.319 0.5 0
start 9 5.113 0.577 2.252 1.523 -0.324 1.155 -1.657 2.118 -1.698 0.099 -3.675 -3.794 1.063 -4.475 3.094 -4.7 5.113 0.577 2.0 0
start 10 2.558 -0.07 0.637 0.283 0.572 1.51 -0.483 0.936 -3.185 0.51 -0.754 -0.068 -0.219 -0.469 0.178 -1.158 2.532 -1.964 2.558 -0.07 5.0 -1
start 8 4.099 -0.014 1.831 1.666 -1.596 2.786 -1.454 0.278 -5.748 -3.146 -1.01 -2.55 2.431 -4.812 4.099 -0.014 0.5 0
start 7 3.349 0.54 1.069 2.836 -2.563 3.603 -6.063 1.699 -2.107 -4.087 3.738 -7.175 3.349 0.54 3.0 0
start 10 0.826 0.237 0.168 0.241 -0.014 0.441 -1.005 1.092 -0.254 0.118 -1.545 -0.457 -0.394 -0.772 0.346 -0.946 0.453 -0.676 0.826 0.237 5.0 -1
start 8 1.711 0.02 0.882 1.063 -0.16 0.704 -2.649 0.896 -2.48 -1.258 -0.192 -1.356 1.069 -2.419 1.711 0.02 2.0 2
start 6 5.546 0.74 1.454 2.352 -4.295 2.984 -6.018 -2.725 0.472 -2.281 5.546 0.74 0.5 0
start 10 8.737 2.129 9.187 9.511 1.343 5.173 -3.985 11.538 -10.239 2.648 -2.957 -1.872 -2.806 -9.955 0.737 -1.826 9.812 -4.874 8.737 2.129 0.5 0
start 9 4.916 0.492 1.929 2.013 0.47 2.48 -4.381 6.255 -3.822 0.759 -1.971 -1.519 -0.92 -6.165 2.922 -1.744 4.916 0.492 2.0 0
start 7 3.935 -0.637 0.278 1.112 -2.811 2.929 -4.861 1.19 -1.078 -2.341 0.246 -0.713 3.935 -0.637 3.0 1
start 5 4.961 1.003 0.404 4.649 -7.628 -0.971 -0.978 -3.823 4.961 1.003 0.5 0
start 12 9.584 0.235 9.804 2.933 2.067 10.118 -0.833 7.638 -2.21 2.702 -11.704 7.166 -11.929 -1.458 -5.869 -5.281 -0.911 -9.606 4.818 -8.708 10.798 -7.052 9.584 0.235 5.0 0
start 4 10.121 0.722 -5.19 7.903 -3.374 -6.477 10.121 0.722 3.0 0
start 4 2.063 -0.477 -0.537 0.99 -1.27 -1.265 2.063 -0.477 5.0 -1
start 6 7.733 -0.476 3.536 8.83 -2.713 2.543 -5.544 -3.504 2.04 -3.056 7.733 -0.476 1.0 0
start 4 4.003 0.57 -0.347 1.271 -0.451 -1.452 4.003 0.57 3.0 -1
start 4 7.454 -0.023 -4.256 5.092 -2.115 -5.755 7.454 -0.023 2.0 0
start 11 11.817 0.64 1.587 2.042 2.545 5.428 -2.14 9.872 -6.167 6.202 -3.523 -0.511 -9.312 -3.377 -4.861 -7.819 0.873 -10.209 3.782 -4.811 11.817 0.64 0.5 0
start 9 3.489 1.068 0.925 0.535 -0.315 1.407 -2.188 2.75 -1.021 0.098 -3.21 -2.963 -0.305 -1.847 3.514 -3.278 3.489 1.068 5.0 -1
start 6 4.939 0.065 1.917 3.534 -4.193 3.24 -3.493 -3.057 0.164 -1.395 4.939 0.065 0.5 0
start 11 9.947 -1.091 3.974 3.111 1.321 6.118 -3.416 7.895 -4.471 1.76 -10.88 -0.183 -3.639 -4.416 -2.436 -5.05 2.983 -6.098 8.232 -4.104 9.947 -1.091 1.0 0
start 13 3.917 0.941 5.655 1.911 1.892 4.213 0.282 2.284 -0.895 1.589 -2.259 0.595 -7.043 -0.364 -0.984 -0.42 -1.277 -3.074 1.209 -6.077 2.543 -4.469 1.333 -0.533 3.917 0.941 1.0 0
start 4 6.198 -1.537 -3.739 3.71 -1.334 -3.517 6.198 -1.537 1.0 0
start 6 2.524 0.303 0.786 6.038 -7.502 3.058 -2.312 -1.867 0.558 -3.096 2.524 0.303 2.0 0
start 13 5.835 0.679 9.576 3.623 7.317 7.997 -2.658 10.454 -8.769 9.692 -12.138 4.006 -3.86 -0.597 -10.795 -5.697 -7.009 -11.353 0.998 -7.025 3.864 -9.744 10.08 -8.167 5.835 0.679 2.0 0
start 6 1.164 -0.091 0.38 0.55 -0.739 0.433 -0.422 -0.167 1.105 -1.573 1.164 -0.091 0.5 0
start 9 7.291 -0.619 3.485 2.516 0.102 9.589 -6.475 6.691 -7.444 -0.2 -9.096 -5.507 1.459 -10.216 6.023 -7.655 7.291 -0.619 2.0 0
start 5 0.913 -0.165 0.395 3.363 -1.967 0.336 0.367 -1.971 0.913 -0.165 1.0 0
start 10 5.233 -0.997 2.082 2.125 -0.022 2.036 -1.128 1.39 -2.565 1.726 -2.369 -1.495 -0.956 -3.018 -0.124 -1.853 3.135 -2.258 5.233 -0.997 3.0 0
start 10 5.884 0.254 3.117 2.316 2.009 11.69 -7.332 8.073 -12.501 3.143 -9.323 -3.668 -1.742 -3.763 1.881 -5.917 2.804 -3.714 5.884 0.254 5.0 1
start 13 0.989 0.141 2.922 1.0 3.757 3.539 0.543 1.813 -1.951 3.519 -1.415 1.121 -3.477 0.668 -3.976 -3.768 -1.304 -2.279 -0.004 -1.829 0.823 -2.054 4.299 -4.503 0.989 0.141 2.0 5
start 4 2.978 -0.861 -3.741 6.726 -3.073 -3.731 2.978 -0.861 5.0 -1
start 6 2.203 -0.371 0.493 1.942 -7.216 6.053 -7.387 -6.286 1.382 -5.644 2.203 -0.371 2.0 0
start 13 1.472 -0.077 1.173 1.101 1.77 5.945 0.921 5.763 -4.286 4.645 -6.605 1.605 -1.557 0.393 -2.15 -1.622 -0.498 -1.094 -0.418 -4.656 2.322 -2.915 6.236 -1.851 1.472 -0.077 5.0 -1
start 12 7.329 1.536 5.726 2.175 3.246 5.915 -0.021 6.878 -7.029 8.068 -9.733 5.217 -6.75 -2.686 -3.639 -6.212 -0.436 -4.812 2.085 -5.803 7.698 -7.34 7.329 1.536 5.0 1
start 5 5.026 0.409 -0.573 5.995 -1.16 -0.254 0.678 -3.58 5.026 0.409 1.0 0
start 8 12.168 -0.639 3.398 7.353 0.007 4.329 -2.598 2.236 -3.435 -1.11 -2.119 -5.679 5.579 -9.526 12.168 -0.639 1.0 0
start 4 3.086 -0.266 -1.556 2.649 -1.722 -2.699 3.086 -0.266 5.0 -1
start 4 1.945 -0.332 -5.556 6.25 -2.468 -3.229 1.945 -0.332 3.0 2
start 13 1.458 0.261 1.612 0.794 0.444 0.639 -0.153 1.252 -0.248 0.419 -0.656 0.428 -1.327 -0.205 -0.757 -0.467 -0.609 -1.431 0.278 -1.529 0.698 -0.974 0.674 -0.702 1.458 0.261 5.0 -1
start 6 9.669 -1.606 1.451 7.727 -8.343 3.062 -7.326 -3.72 2.714 -8.348 9.669 -1.606 5.0 0
start 9 7.532 0.444 6.458 4.002 -1.187 5.467 -2.491 3.359 -4.064 -0.003 -1.244 -1.302 -0.113 -2.09 0.819 -1.332 7.532 0.444 3.0 0
start 7 4.145 0.771 7.901 8.628 -0.635 2.568 -7.92 -0.266 -4.972 -7.546 1.439 -4.817 4.145 0.771 2.0 0
start 9 2.205 -0.376 0.458 0.333 0.157 1.029 -0.679 1.042 -1.76 0.11 -1.12 -1.426 0.216 -1.632 0.424 -0.8 2.205 -0.376 5.0 -1
start 13 8.281 2.127 7.809 2.984 1.396 3.151 0.054 2.086 -1.739 3.636 -5.548 3.2 -5.225 -0.94 -5.922 -3.727 -1.757 -6.785 0.832 -6.757 1.564 -2.183 6.696 -3.861 8.281 2.127 3.0 1
start 8 6.206 0.384 4.896 3.654 -1.526 2.88 -7.163 6.436 -7.193 -5.319 0.321 -11.193 6.151 -9.268 6.206 0.384 1.0 0
start 13 6.744 0.119 5.6 3.886 3.277 5.903 -1.483 6.148 -2.201 2.641 -1.238 1.065 -6.574 0.334 -2.677 -2.755 -4.057 -8.84 -1.09 -5.761 1.317 -3.222 5.333 -1.779 6.744 0.119 3.0 0
start 7 2.583 -0.626 2.728 6.07 -2.15 5.033 -10.722 1.474 -1.095 -3.538 1.552 -4.307 2.583 -0.626 1.0 0
start 12 5.491 -1.305 2.025 1.877 2.215 5.621 -1.2 4.051 -3.542 2.299 -1.75 1.076 -4.423 -1.745 -2.043 -1.517 -1.159 -4.583 2.684 -4.648 3.649 -4.245 5.491 -1.305 0.5 0
start 13 3.428 0.598 1.369 0.462 0.614 0.815 -0.372 2.091 -2.247 2.525 -1.165 1.104 -2.194 -0.409 -2.001 -1.105 -2.103 -2.797 0.173 -1.453 0.371 -0.508 0.533 -0.401 3.428 0.598 2.0 5
start 13 7.117 -0.163 2.576 1.304 1.037 1.399 1.315 9.937 -6.112 8.906 -1.763 0.905 -4.103 1.055 -5.56 -2.746 -2.574 -8.769 1.818 -8.757 0.976 -1.703 2.531 -1.303 7.117 -0.163 1.0 0
start 6 7.226 -0.074 0.796 5.935 -3.274 1.548 -3.525 -3.624 2.586 -3.775 7.226 -0.074 1.0 0
start 10 10.536 2.279 6.821 5.675 0.44 2.265 -0.518 2.013 -5.997 2.672 -8.536 -5.292 -5.265 -6.241 3.289 -9.015 1.931 -1.374 10.536 2.279 0.5 0
start 13 2.69 -0.149 8.209 7.592 4.124 12.775 0.848 2.909 -2.732 8.953 -8.306 4.291 -5.453 -1.555 -9.487 -3.668 -2.488 -5.155 -1.871 -9.437 4.818 -11.383 9.984 -4.058 2.69 -0.149 1.0 0
start 12 3.762 0.86 2.949 2.122 1.112 2.51 -0.085 3.647 -0.564 1.28 -2.857 1.767 -1.392 -0.099 -0.394 -0.462 -0.256 -1.405 0.541 -3.447 2.447 -1.08 3.762 0.86 3.0 1
start 12 3.798 0.955 4.343 2.304 0.818 5.159 -1.835 4.681 -1.181 2.597 -4.615 0.304 -4.317 -0.901 -0.809 -0.848 0.031 -1.749 1.141 -1.748 1.762 -0.944 3.798 0.955 1.0 0
start 8 2.418 -0.235 7.392 5.249 -2.374 5.4 -2.31 0.938 -4.384 -3.313 -0.156 -1.486 1.752 -1.622 2.418 -0.235 2.0 0
start 7 10.69 -0.451 3.665 9.86 -4.087 6.458 -3.672 -0.783 -3.675 -9.564 6.022 -7.812 10.69 -0.451 5.0 0
start 6 6.001 1.499 2.857 7.751 -1.25 0.648 -1.86 -0.87 0.998 -7.457 6.001 1.499 2.0 0
start 8 1.684 0.1 1.981 1.522 -0.07 2.168 -1.734 1.52 -2.156 -0.855 -0.908 -2.106 0.402 -0.423 1.684 0.1 0.5 0
start 12 2.372 0.092 0.426 0.237 0.922 1.29 -0.587 1.688 -0.645 0.652 -1.904 0.681 -2.791 -0.372 -1.809 -2.081 -0.509 -1.641 0.203 -0.705 0.851 -0.698 2.372 0.092 1.0 2
start 4 1.384 0.113 -0.157 0.273 -0.318 -0.339 1.384 0.113 1.0 -1
start 7 3.013 -0.139 2.069 8.471 -2.403 5.359 -7.793 -0.585 -0.768 -1.89 0.912 -3.257 3.013 -0.139 1.0 0
start 7 2.144 -0.455 1.807 1.815 -0.737 0.845 -2.258 -0.477 -0.731 -0.783 0.374 -0.606 2.144 -0.455 0.5 0
start 10 2.857 -0.02 3.27 3.315 0.614 6.646 -4.159 6.271 -5.564 0.381 -4.982 -1.882 -2.575 -6.162 0.063 -4.525 3.12 -3.386 2.857 -0.02 2.0 0
start 4 2.549 -0.038 -0.571 1.897 -1.691 -2.002 2.549 -0.038 2.0 2
start 4 8.016 -0.62 -1.297 3.146 -2.258 -3.259 8.016 -0.62 2.0 0
start 7 1.788 -0.318 1.37 1.379 -0.194 0.349 -1.231 -0.174 -0.153 -0.505 0.428 -0.43 1.788 -0.318 1.0 0
start 8 5.432 -0.854 4.354 4.86 -0.267 3.22 -6.182 1.302 -2.673 -1.483 -1.482 -7.277 4.701 -8.927 5.432 -0.854 2.0 0
start 11 1.535 -0.177 4.29 1.499 3.975 6.864 -2.035 3.443 -1.319 0.926 -4.211 -0.723 -3.325 -3.832 -1.245 -8.571 1.263 -2.007 5.166 -5.854 1.535 -0.177 2.0 0
start 9 0.275 -0.063 0.124 0.229 -0.153 0.795 -0.714 0.968 -0.953 -0.167 -0.503 -0.433 -0.234 -1.129 0.561 -0.729 0.275 -0.063 5.0 -1
start 9 7.912 0.073 3.719 2.77 -0.32 4.452 -7.17 7.056 -5.245 1.314 -4.064 -5.556 0.891 -7.441 1.006 -1.329 7.912 0.073 5.0 1
start 9 2.74 0.647 3.205 2.622 0.604 2.66 -3.907 5.402 -1.643 -0.012 -3.327 -2.014 0.606 -4.596 2.157 -1.776 2.74 0.647 1.0 0
start 13 7.887 -0.323 7.992 6.581 2.356 6.284 1.358 7.783 -6.344 6.149 -4.923 4.969 -6.629 0.66 -3.241 -1.909 -4.823 -5.716 -2.023 -8.639 2.632 -2.67 6.676 -3.552 7.887 -0.323 3.0 0
start 6 6.626 0.822 3.354 7.385 -6.74 4.134 -7.508 -3.029 1.89 -2.72 6.626 0.822 3.0 0
start 9 7.851 1.086 7.057 6.102 -1.545 8.992 -0.994 1.143 -6.469 0.841 -8.4 -5.274 -0.449 -3.279 4.56 -3.711 7.851 1.086 1.0 0
start 6 6.676 -0.273 0.316 1.862 -2.384 2.178 -2.031 -1.616 1.009 -4.269 6.676 -0.273 1.0 0
start 4 1.823 -0.479 -0.763 1.557 -0.741 -2.052 1.823 -0.479 1.0 0
start 7 2.647 -0.616 1.109 3.466 -0.966 2.87 -1.861 0.421 -1.948 -3.051 2.669 -2.651 2.647 -0.616 1.0 0
start 11 5.421 0.926 3.242 3.228 0.395 1.915 -0.238 1.196 -1.393 0.785 -5.249 -0.159 -1.704 -1.726 -0.392 -3.935 1.411 -2.886 1.881 -1.513 5.421 0.926 2.0 0
start 7 3.797 0.701 5.133 12.44 -1.622 4.236 -11.796 -2.859 -4.529 -11.313 3.217 -7.52 3.797 0.701 1.0 0
start 9 11.275 -1.82 2.627 2.922 1.093 5.746 -9.071 5.951 -2.553 0.079 -3.736 -2.067 -0.323 -6.192 1.368 -1.635 11.275 -1.82 3.0 1
start 7 3.416 -0.028 1.425 3.887 -0.62 0.979 -1.297 -0.081 -0.899 -1.213 1.398 -2.509 3.416 -0.028 0.5 0
start 7 3.368 0.442 1.971 5.075 -4.638 7.913 -9.483 0.904 -5.26 -9.772 2.762 -4.992 3.368 0.442 3.0 0
start 7 8.478 -0.263 1.662 3.718 -2.243 8.319 -6.27 0.09 -7.843 -11.396 5.846 -11.72 8.478 -0.263 0.5 0
start 11 3.708 0.771 3.209 2.941 1.496 3.11 -0.454 0.805 -3.715 3.323 -5.922 -0.93 -4.061 -5.015 -1.073 -4.015 1.805 -4.419 3.421 -4.565 3.708 0.771 3.0 2
start 9 2.766 0.568 2.484 2.351 -0.082 3.357 -1.223 1.629 -2.44 0.234 -3.58 -3.717 0.508 -5.627 4.322 -2.787 2.766 0.568 2.0 0
start 6 7.757 -1.436 1.8 5.476 -7.101 2.999 -3.237 -1.45 0.164 -1.28 7.757 -1.436 0.5 0
start 4 8.723 -0.455 -5.714 10.809 -4.24 -7.315 8.723 -0.455 3.0 0
start 4 3.958 -0.528 -1.303 4.814 -3.769 -7.252 3.958 -0.528 3.0 0
start 10 2.002 0.139 7.435 11.326 -0.2 4.329 -4.708 13.583 -2.126 0.863 -8.187 -2.291 -5.951 -6.288 0.42 -4.087 5.678 -6.925 2.002 0.139 2.0 0
start 13 5.023 -1.237 12.556 2.922 4.936 11.796 -2.138 7.91 -3.1 4.545 -10.338 2.436 -11.611 1.092 -3.78 -2.756 -8.384 -8.027 3.122 -12.354 2.434 -8.106 9.822 -5.765 5.023 -1.237 2.0 0
start 10 1.476 -0.171 2.257 2.168 1.052 2.374 -1.887 7.057 -1.935 1.116 -1.193 -0.274 -2.683 -4.041 -0.687 -7.753 5.61 -5.635 1.476 -0.171 5.0 5
start 11 3.129 -0.528 1.775 1.907 0.24 0.656 -1.055 2.172 -0.806 0.56 -1.163 0.225 -1.394 -0.874 -0.597 -2.527 0.761 -2.566 2.649 -1.977 3.129 -0.528 3.0 6
start 11 0.785 0.02 1.895 1.925 0.287 2.128 -0.131 2.064 -1.341 1.011 -0.715 -0.014 -1.057 -0.54 -1.427 -2.515 0.783 -1.573 2.1 -2.13 0.785 0.02 1.0 0
start 8 0.733 -0.224 2.449 3.321 -0.39 3.658 -2.636 2.077 -3.465 -1.237 -0.335 -4.268 2.152 -2.527 0.733 -0.224 5.0 -1
start 5 1.44 -0.226 -0.586 3.298 -2.695 -0.428 -0.192 -0.794 1.44 -0.226 1.0 0
start 4 6.113 -0.895 -0.674 1.786 -2.732 -3.609 6.113 -0.895 1.0 0
start 10 3.653 -1.077 2.483 3.183 0.295 3.064 -1.626 6.849 -7.746 1.577 -2.216 -0.993 -1.176 -1.801 0.434 -3.452 6.433 -2.9 3.653 -1.077 3.0 0
start 12 8.253 -2.209 1.544 0.453 2.785 3.508 -0.031 1.501 -6.122 7.185 -1.893 0.402 -4.146 -1.104 -0.781 -0.996 0.637 -5.522 5.134 -6.046 7.089 -3.059 8.253 -2.209 5.0 0
start 8 7.967 -1.634 1.404 1.377 -3.656 7.696 -9.498 2.87 -4.423 -0.689 -0.258 -2.936 4.212 -6.167 7.967 -1.634 5.0 0
start 6 9.74 2.214 2.806 4.106 -4.556 5.34 -2.396 -2.94 2.948 -6.392 9.74 2.214 5.0 2
start 5 3.367 -0.414 0.206 0.893 -2.296 -0.441 -0.289 -4.384 3.367 -0.414 5.0 -1
start 10 2.239 -0.446 1.221 1.019 0.105 1.364 -0.558 1.828 -1.997 0.192 -1.085 -0.264 -1.486 -1.834 0.048 -0.645 1.956 -1.885 2.239 -0.446 5.0 -1
start 12 4.741 1.248 1.719 0.701 0.753 1.505 0.254 4.976 -2.646 2.967 -0.637 0.318 -0.747 -0.195 -1.024 -0.905 -1.136 -4.804 1.781 -2.464 3.338 -1.962 4.741 1.248 5.0 -1
start 13 2.166 -0.568 3.835 1.328 2.261 2.185 0.243 4.721 -0.834 1.081 -5.319 1.855 -3.381 0.294 -2.063 -0.636 -1.52 -1.72 -0.662 -2.283 0.292 -1.137 2.923 -1.075 2.166 -0.568 1.0 0
start 4 2.212 0.673 -0.65 1.452 -1.795 -3.253 2.212 0.673 2.0 -1
start 13 3.008 0.131 7.936 4.513 4.984 9.456 0.535 7.913 -5.337 6.867 -4.0 2.455 -10.802 0.519 -2.101 -1.156 -1.409 -3.099 -0.399 -8.682 4.478 -4.978 5.626 -3.847 3.008 0.131 0.5 0
start 10 2.644 0.237 8.221 7.097 0.458 2.074 -1.927 2.971 -2.814 1.967 -3.133 -0.229 -1.223 -2.931 0.416 -1.734 7.745 -6.906 2.644 0.237 0.5 0
start 6 1.029 -0.243 0.235 3.177 -2.643 1.24 -3.17 -2.246 1.194 -1.717 1.029 -0.243 0.5 0
start 8 3.128 0.864 1.743 1.947 -0.196 1.982 -3.97 2.161 -0.785 -0.71 -1.283 -3.21 1.106 -1.847 3.128 0.864 3.0 1
start 7 5.143 -0.08 1.772 5.287 -2.359 5.479 -6.063 -0.325 -4.046 -4.946 2.416 -6.572 5.143 -0.08 5.0 0
start 10 2.751 0.381 1.833 1.93 0.149 2.277 -1.295 1.933 -2.398 0.767 -1.031 -0.583 -0.592 -2.287 0.538 -2.448 1.845 -0.997 2.751 0.381 5.0 -1
start 5 6.314 -1.218 -0.84 3.636 -6.629 -1.823 0.627 -2.31 6.314 -1.218 5.0 -1
start 6 12.102 0.754 1.8 7.064 -10.938 8.668 -2.015 -2.065 0.162 -2.335 12.102 0.754 5.0 0
start 7 11.895 0.151 0.787 3.083 -5.866 9.787 -5.857 0.448 -3.847 -5.472 9.891 -10.489 11.895 0.151 0.5 0
start 13 4.703 0.796 1.619 0.548 0.612 1.126 0.074 1.721 -2.259 5.742 -5.808 2.558 -4.559 1.34 -5.596 -3.843 -3.695 -6.074 -0.506 -5.814 0.586 -0.898 6.346 -2.526 4.703 0.796 5.0 6
start 7 6.155 -1.22 6.199 5.833 -1.489 5.032 -2.913 0.603 -6.246 -7.072 1.481 -2.674 6.155 -1.22 3.0 0
start 13 1.647 -0.183 0.618 0.439 0.431 0.564 -0.244 0.91 -1.233 1.181 -0.878 0.361 -1.078 -0.258 -0.521 -0.422 -0.167 -0.358 0.047 -0.782 0.152 -0.192 0.856 -0.551 1.647 -0.183 0.5 0
start 11 10.718 -2.022 8.274 7.701 0.93 8.583 -4.114 7.395 -2.322 1.946 -5.962 -0.231 -3.133 -2.148 -0.708 -2.519 1.599 -9.636 7.537 -7.338 10.718 -2.022 5.0 0
start 13 6.702 0.787 2.34 1.403 3.837 11.722 3.213 12.856 -3.275 11.278 -10.498 8.198 -8.36 -1.624 -2.563 -2.758 -2.477 -4.826 -3.86 -12.749 2.069 -2.104 8.322 -5.869 6.702 0.787 3.0 0
start 12 5.054 -1.297 1.986 2.306 0.987 2.875 -0.347 4.087 -3.425 2.428 -3.764 0.972 -1.034 -0.612 -2.963 -2.579 -0.64 -1.471 1.3 -2.614 2.106 -1.399 5.054 -1.297 3.0 1
start 5 8.311 -1.445 1.955 10.178 -1.913 -0.394 -0.928 -8.222 8.311 -1.445 0.5 0
start 7 1.664 0.157 0.655 1.012 -1.074 2.686 -0.797 -0.114 -0.59 -2.085 0.745 -1.995 1.664 0.157 5.0 -1
start 4 3.781 0.556 -4.446 6.161 -4.099 -5.426 3.781 0.556 2.0 0
start 12 8.12 -1.1 7.061 2.37 2.341 3.998 -2.209 4.992 -6.634 4.844 -4.372 0.869 -3.59 -1.766 -1.649 -1.525 -1.284 -7.176 1.005 -6.975 5.09 -4.164 8.12 -1.1 5.0 0
start 7 1.839 0.215 2.234 3.743 -1.572 1.676 -2.789 0.127 -0.656 -1.382 0.858 -2.285 1.839 0.215 0.5 0
start 7 1.636 0.4 1.417 3.626 -2.037 4.882 -5.07 -1.174 -0.772 -1.972 1.523 -2.45 1.636 0.4 0.5 0
start 11 1.994 0.58 4.326 1.718 0.448 2.741 -0.942 3.742 -2.238 1.666 -5.071 0.216 -3.217 -1.552 -0.783 -2.508 0.548 -4.224 2.233 -1.975 1.994 0.58 3.0 6
start 8 3.15 0.369 0.667 1.038 -1.042 2.407 -2.367 0.55 -2.427 -2.0 -0.187 -0.464 0.423 -0.422 3.15 0.369 2.0 1
start 7 12.265 -0.275 3.465 5.509 -7.714 9.222 -12.421 2.472 -6.733 -10.869 3.453 -8.274 12.265 -0.275 0.5 0
start 5 3.868 -0.698 0.632 2.057 -1.248 0.032 -0.155 -4.199 3.868 -0.698 0.5 0
start 10 1.494 0.216 1.009 1.058 0.339 2.638 -0.295 0.52 -1.699 0.875 -1.255 -0.637 -0.233 -0.673 0.362 -2.664 0.953 -0.48 1.494 0.216 0.5 0
start 12 1.871 -0.113 4.292 1.361 0.964 5.301 -0.009 3.635 -3.135 4.892 -0.79 0.417 -2.814 -1.063 -4.543 -4.492 -0.596 -3.174 1.728 -5.801 1.676 -1.188 1.871 -0.113 3.0 1
start 12 4.559 0.8 2.329 1.716 0.911 3.888 -1.102 3.186 -0.996 1.399 -3.344 0.471 -5.26 -1.208 -2.636 -5.517 0.265 -2.828 1.563 -3.063 3.271 -1.334 4.559 0.8 5.0 -1
start 13 1.714 0.402 6.467 6.608 1.924 4.353 0.457 2.31 -6.467 6.478 -3.559 3.152 -7.287 1.585 -1.335 -1.319 -3.774 -9.152 -1.304 -5.919 5.765 -6.32 3.745 -0.939 1.714 0.402 1.0 0
start 10 2.704 -0.028 2.556 1.183 0.036 1.549 -2.042 2.209 -2.114 1.044 -1.719 -1.194 -0.765 -1.803 1.158 -3.206 2.328 -1.129 2.704 -0.028 1.0 0
start 10 1.888 -0.478 6.078 3.079 2.832 7.977 -5.549 7.008 -6.65 2.943 -7.545 -4.379 -1.139 -2.511 3.273 -10.027 6.574 -5.333 1.888 -0.478 5.0 0
start 4 7.875 -0.452 -0.974 1.658 -4.437 -9.865 7.875 -0.452 3.0 0
start 8 3.966 0.569 0.793 1.754 -1.449 4.244 -3.53 1.01 -1.472 -1.19 0.015 -3.914 2.67 -2.109 3.966 0.569 3.0 0
start 5 2.817 0.0 -1.104 4.267 -2.852 -0.15 0.985 -3.37 2.817 0.0 5.0 -1
start 12 2.732 -0.493 4.029 4.432 4.173 9.232 -2.839 8.689 -1.805 2.242 -2.447 1.574 -4.446 -2.208 -4.052 -6.293 -1.384 -3.065 2.677 -9.526 4.391 -3.036 2.732 -0.493 5.0 0
start 12 0.668 0.2 0.858 0.436 0.924 1.097 -0.032 0.94 -0.366 0.275 -1.148 0.018 -1.34 -0.259 -0.165 -0.141 -0.231 -0.68 0.584 -0.978 0.287 -0.236 0.668 0.2 3.0 -1
start 10 3.407 -0.051 3.348 1.558 1.454 4.512 -3.561 11.728 -11.053 0.987 -10.422 -7.79 -3.35 -5.963 1.31 -2.831 5.771 -7.603 3.407 -0.051 0.5 0
start 8 6.038 0.705 5.15 6.109 -1.831 4.496 -3.466 1.434 -9.284 -3.346 -2.382 -8.993 2.323 -5.763 6.038 0.705 1.0 0
start 6 5.048 -0.212 1.33 3.816 -2.443 1.844 -2.267 -1.961 0.198 -2.625 5.048 -0.212 1.0 0
start 13 1.548 -0.002 4.778 1.285 0.516 1.511 -1.276 4.357 -1.508 3.413 -1.514 1.38 -1.816 -0.119 -1.243 -0.566 -1.865 -2.416 0.249 -4.162 0.866 -1.533 6.222 -2.604 1.548 -0.002 2.0 5
start 13 1.316 0.099 4.839 1.738 2.755 2.774 1.292 4.22 -0.851 1.363 -2.205 2.113 -2.052 -0.45 -2.627 -0.725 -0.523 -1.111 0.159 -4.796 2.063 -3.007 1.651 -1.45 1.316 0.099 3.0 3
start 13 1.929 -0.442 3.615 1.574 3.69 4.846 -0.014 3.041 -4.038 4.163 -9.178 2.848 -10.508 -2.487 -4.871 -4.01 -1.096 -4.0 2.281 -10.067 3.683 -5.404 1.775 -0.522 1.929 -0.442 0.5 0
start 11 3.621 0.737 5.299 2.677 1.521 5.805 -1.405 6.231 -3.025 3.639 -4.775 0.025 -2.766 -0.944 -2.239 -3.319 0.356 -3.217 2.322 -1.402 3.621 0.737 1.0 0
start 9 3.341 -0.701 5.874 6.334 0.662 8.6 -1.584 2.162 -9.135 0.606 -2.346 -2.461 -0.396 -5.383 7.823 -4.146 3.341 -0.701 5.0 0
start 12 3.219 -0.055 8.759 6.778 4.019 6.116 0.431 6.749 -2.953 3.96 -8.61 2.078 -3.217 -1.79 -4.337 -8.262 -3.577 -10.495 2.579 -3.841 4.501 -1.542 3.219 -0.055 3.0 0
start 6 4.267 0.799 1.123 5.626 -8.45 3.233 -2.598 -2.626 6.036 -9.043 4.267 0.799 3.0 0
start 8 0.488 0.013 0.513 1.131 0.036 0.549 -0.161 0.126 -0.619 -0.493 -0.029 -0.984 0.447 -0.655 0.488 0.013 0.5 2
start 12 4.483 0.072 3.363 1.029 1.619 3.406 -1.577 10.346 -5.173 4.327 -8.754 1.041 -9.39 -3.061 -1.836 -2.075 -0.48 -6.582 0.482 -1.553 1.659 -1.127 4.483 0.072 0.5 0
start 8 8.558 -2.4 2.67 2.336 -1.855 11.159 -1.617 0.654 -1.954 -0.316 0.075 -7.1 2.193 -1.718 8.558 -2.4 5.0 -1
start 4 11.899 2.9 -1.101 3.731 -7.731 -9.548 11.899 2.9 5.0 2
start 5 2.826 -0.312 -0.45 5.099 -7.052 1.093 -0.122 -5.032 2.826 -0.312 0.5 0
start 7 1.213 -0.189 0.716 2.132 -2.473 2.59 -1.518 -0.118 -0.262 -0.784 1.84 -2.976 1.213 -0.189 5.0 -1
start 6 2.1 0.557 1.255 1.973 -1.052 0.567 -2.529 -3.352 1.668 -5.59 2.1 0.557 0.5 0
start 4 1.548 -0.175 -5.674 7.012 -1.719 -3.066 1.548 -0.175 1.0 0
start 4 2.593 -0.622 -3.358 5.697 -2.416 -3.522 2.593 -0.622 0.5 0
start 4 0.459 0.14 -0.339 0.562 -0.533 -1.015 0.459 0.14 0.5 0
start 9 3.122 0.743 2.375 2.192 0.124 1.821 -3.598 5.291 -1.29 -0.38 -1.484 -0.951 0.841 -3.082 2.991 -1.635 3.122 0.743 3.0 1
start 12 1.663 0.449 4.082 3.689 1.185 1.331 -0.624 7.216 -3.521 5.841 -2.87 1.18 -1.067 -0.004 -2.526 -4.417 0.719 -4.68 1.036 -6.59 1.761 -0.802 1.663 0.449 3.0 2
start 9 3.169 0.382 4.787 5.875 -2.319 7.806 -3.039 4.604 -7.558 0.389 -6.351 -4.667 0.59 -5.374 0.862 -1.307 3.169 0.382 2.0 0
start 7 10.025 1.197 2.147 4.164 -1.288 2.413 -4.57 -0.223 -3.428 -9.046 7.066 -10.826 10.025 1.197 3.0 0
start 5 5.563 1.203 -1.138 6.711 -4.623 -0.336 0.638 -6.542 5.563 1.203 5.0 0
start 11 10.609 2.652 7.579 6.395 0.294 4.232 -1.712 6.356 -3.262 3.749 -5.033 0.749 -8.939 -6.243 -0.786 -3.255 1.2 -2.987 1.577 -1.562 10.609 2.652 3.0 0
