# Written by conformance/oracle/offset.py with shapely 2.2.0 (GEOS 3.14.1). Do not edit; regenerate.
5 0.0 0.0 4.389 -1.693 5.04 -6.514 3.286 -7.7 2.554 -15.034 0.3 round 1.0 1 27 0.10796717180927914 0.27989835621436865 4.496967171809279 -1.4131016437856314 4.523601916975232 -1.4248912087480292 4.548967809514524 -1.4392081563187558 4.572825732629272 -1.4559175248498708 4.594950784705211 -1.4748618000456868 4.615134399392973 -1.495862399803641 4.633186311701631 -1.5187213576551786 4.648936351570728 -1.5432231889373431 4.662236048013322 -1.5691369221032283 4.672960028708243 -1.5962182760227206 4.6810072018480415 -1.6242119627487652 4.686301709101686 -1.6528540940416516 5.337301709101686 -6.473854094041652 5.339833973002289 -6.504020589513279 5.339313161449996 -6.534288700865475 5.335744577636269 -6.564350221436903 5.329164558856492 -6.593899048187889 5.3196401065035195 -6.622634298610983 5.307268203822413 -6.650263374483172 5.292174828373363 -6.6765049412629205 5.274513669258452 -6.7010917927941716 5.254464562174163 -6.723773572147315 5.232231658224783 -6.7443193208919965 5.2080413451428775 -6.762519830843682 3.5705488695720855 -7.869741082854491 2.852516793749884 -15.063794694985672
2 0.0 0.0 7.272 -5.5 0.3 mitre 4.0 1 2 0.18096720194974325 0.23927154410518783 7.452967201949743 -5.260728455894812
5 0.0 0.0 2.056 0.556 7.131 -1.115 13.262 -6.044 16.884 -14.06 2.0 bevel 2.0 1 8 -0.5221018637525127 1.9306500573294354 1.5338981362474873 2.4866500573294354 2.68148891975592 2.4556746066794104 7.75648891975592 0.7846746066794104 8.384138047929742 0.44373186688116273 14.515138047929742 -4.485268133118836 15.084581594814756 -5.22047323647467 18.706581594814757 -13.236473236474671
5 0.0 0.0 4.573 -7.708 5.339 -12.569 2.895 -21.227 4.575 -24.58 0.1 mitre 10.0 1 5 0.08600322476333595 0.05102396819443894 4.6687941353957525 -7.673479058080362 5.441191872593378 -12.575078797659547 3.0017699296417386 -21.216860787052056 4.664405357936413 -24.535203996023508
6 0.0 0.0 7.331 -5.155 8.991 -13.871 7.781 -17.969 6.582 -26.296 2.775 -29.822 -0.5 bevel 4.0 1 7 -0.28760295932971813 -0.40900432489741295 6.877721365932216 -5.4475047882346495 8.47716899570666 -13.845568367219016 7.301466582506771 -17.827410093907563 7.286104008953661 -17.897740207365853 6.11233900309756 -26.04948433060501 2.435244108413487 -29.455167702986426
2 0.0 0.0 2.485 -4.081 0.1 bevel 4.0 1 2 0.08541136734137825 0.05200863706035896 2.570411367341378 -4.028991362939641
6 0.0 0.0 7.065 0.254 12.168 4.263 13.662 7.369 18.57 15.298 17.24 20.386 0.5 bevel 1.0 1 7 -0.017964331685442203 0.499677178573422 6.884223805312845 0.7478237867542521 11.767767844811011 4.584415606144445 13.211415194492755 7.5857333224172 13.236857142733731 7.6321606940929305 18.032048565848733 15.378915542071507 16.756254021929728 20.259549105575182
5 0.0 0.0 1.949 2.221 0.754 10.753 0.644 15.717 -6.649 18.854 -1.0 round 10.0 1 26 0.751632537073793 -0.6595820867883037 2.700632537073793 1.5614179132116965 2.7600966808935086 1.6360878918644837 2.812170444215541 1.7160873498982758 2.8563793522528984 1.8006873650422694 2.8923205915562367 1.8891170966349846 2.9196666802848976 1.9805708092084156 2.938168452087214 2.0742152140193517 2.9476573264021733 2.1691970616348537 2.9480468444963908 2.2646509163913473 2.939333457240651 2.35970704188966 1.7524570739818661 10.833706457759074 1.643754567584759 15.739154110079436 1.6371214448294902 15.834088837297953 1.6214940176525936 15.927963137664833 1.5970138174227535 16.01992682912101 1.5639025515397198 16.10914703322952 1.5224600955189074 16.194815718222948 1.473061777138577 16.27615701702458 1.416154977245998 16.352434253966713 1.3522550780077314 16.42295661656809 1.2819407952991142 16.487085411946712 1.2058489375056283 16.544239851206285 1.1246686382036009 16.593902309409376 1.0391351149525376 16.635623013499796 -6.253864885047462 19.772623013499796
2 0.0 0.0 8.269 0.826 -1.0 round 10.0 1 2 0.09939648947321254 -0.9950479073292913 8.368396489473213 -0.1690479073292913
5 0.0 0.0 3.938 2.869 3.329 5.621 1.457 13.202 0.39 15.33 2.0 round 4.0 1 5 -1.1776853915868901 1.6164953196476728 1.702445836736051 3.7147930581084445 1.3814946612271266 5.165134002280137 -0.43107163811802407 12.505446563891027 -1.3978450622863825 14.433557010592308
4 0.0 0.0 1.554 -3.298 -4.483 -9.99 -11.991 -7.739 -0.5 mitre 10.0 1 4 -0.45230362003905084 -0.2131230520135491 0.9598727980945567 -3.2101358107037923 -4.642385393067045 -9.420225559793312 -11.84740799183925 -7.260062284641976
4 0.0 0.0 4.239 4.952 10.215 9.719 13.529 15.456 -1.0 mitre 5.0 1 4 0.7596787670020404 -0.6502985244995253 4.936881962672263 4.229510445766798 10.986362543906823 9.05512522668131 14.394911562490488 14.955802872913807
6 0.0 0.0 5.166 -5.648 6.328 -13.718 -1.191 -19.975 -5.392 -27.072 -9.629 -31.364 -1.0 round 4.0 1 9 -0.7378912373819484 -0.674919640990642 4.220126858926347 -6.095532534515468 5.258510733136594 -13.307028115304362 -1.8306513103962168 -19.206334792573255 -1.9140019090444884 -19.284153968298273 -1.987951208017965 -19.3709563161172 -2.0515376337555074 -19.465613132393 -6.189958811684275 -26.456894993797533 -10.340651824296469 -30.661467665530257
3 0.0 0.0 2.858 -4.425 10.451 -8.153 2.0 bevel 10.0 1 3 1.68004631118967 1.0851010977130118 4.237197444506734 -2.874098959994478 11.332446838387657 -6.357714097672351
6 0.0 0.0 6.327 6.057 13.299 5.87 16.1 2.913 22.431 2.885 30.039 -1.158 0.5 bevel 10.0 1 9 -0.3457629365051666 0.36117584600762576 5.9812370634948335 6.418175846007626 6.340405964764516 6.556820247797879 13.312405964764515 6.369820247797879 13.66199892169269 6.213848488218203 16.315985574818843 3.4120496544823835 22.43321131939365 3.3849951100426274 22.665634187127537 3.326527800065863 30.273634187127538 -0.7164721999341366
2 0.0 0.0 6.782 0.014 -2.0 mitre 1.0 1 2 0.00412856684491474 -1.999995738729412 6.786128566844915 -1.985995738729412
2 0.0 0.0 3.034 -1.786 -0.5 mitre 1.0 1 2 -0.25364659360194053 -0.43088676651079927 2.780353406398059 -2.2168867665107994
4 0.0 0.0 6.505 -2.783 14.287 -6.898 23.423 -10.783 1.0 bevel 10.0 1 5 0.3933392534772711 0.9193934041931903 6.898339253477271 -1.8636065958068095 6.972454457917978 -1.898982845317689 14.717155790655864 -5.994259892891114 23.814328330784093 -9.86274887257568
6 0.0 0.0 3.697 -1.327 10.665 1.002 14.05 3.497 12.789 8.804 8.917 11.196 1.0 round 5.0 1 6 0.3378358400506968 0.9412050494856262 3.7086670775285464 -0.2687200390004724 10.198534093207405 1.9004677163835777 12.92415439033173 3.9094552027425693 11.911671469486986 8.17055501314943 8.391432276535156 10.34524823358868
2 0.0 0.0 4.928 -4.419 -1.0 mitre 2.0 1 2 -0.6676114393891357 -0.7445098830752797 4.260388560610864 -5.163509883075279
6 0.0 0.0 8.14 5.44 12.223 5.991 20.37 4.728 25.723 9.158 33.73 10.637 1.0 round 4.0 1 19 -0.5556426726929077 0.8314212050956377 7.584357327307093 6.271421205095638 7.662210684104998 6.318474455870281 7.744017820867551 6.358258195612496 7.829101770974661 6.390443207766202 7.91675845167258 6.4147631564130725 8.006262490466819 6.431016790243164 12.089262490466819 6.982016790243163 12.184850338125306 6.990272036684129 12.280789360506267 6.989328798448826 12.376196421091487 6.979195758220384 20.078850813950936 5.7850810536442845 25.085438176817547 9.928399196274416 25.166976095281896 9.989166299474439 25.254263897522904 10.04133825131406 25.346398934007436 10.084375537831859 25.4424284295993 10.117833107307142 25.541359336276457 10.141364972572275 33.548359336276455 11.620364972572276
6 0.0 0.0 7.834 -6.046 16.369 -10.228 16.265 -13.472 16.165 -23.456 19.975 -27.905 4.0 round 5.0 1 18 2.44387986863671 3.1666150993880224 9.95746558436192 -2.632100657220942 18.129010085301246 -6.636013850299824 18.46385680032237 -6.820423884027957 18.77957100709887 -7.035955604986933 19.07326926048873 -7.280640543337862 19.34226918895536 -7.552243970387298 19.584113992898715 -7.848285308557582 19.796594882818404 -8.16606078671628 19.977771252379146 -8.50266813395166 20.12598840213618 -8.855033086263823 20.239892652048322 -9.219937464083552 20.31844370475482 -9.594048564184515 20.360924146701056 -9.97394959754992 20.366946000338565 -10.356170895201975 20.264358021291297 -13.556126703176433 20.179837653167176 -21.99464025668839 23.013183007596663 -25.303184477648173
2 0.0 0.0 6.196 6.263 -2.0 mitre 2.0 1 2 1.4217981335525325 -1.4065880944421987 7.617798133552532 4.856411905557801
2 0.0 0.0 5.973 6.241 -0.1 round 1.0 1 2 0.07224482505763857 -0.0691424996105232 6.0452448250576385 6.171857500389477
3 0.0 0.0 2.119 -0.735 5.116 -7.676 -1.0 bevel 4.0 1 3 -0.327707728287121 -0.944779151347496 1.375417387672062 -1.5355280707575947 4.197925612024746 -8.072408145910076
3 0.0 0.0 6.621 -0.04 9.775 6.829 -0.5 mitre 10.0 1 3 -0.0030206366148387716 -0.4999908756711877 6.940715780003376 -0.5419406501259119 10.229389278313453 6.6203606370941
4 0.0 0.0 7.912 1.267 9.46 2.589 13.532 11.518 1.0 mitre 4.0 1 4 -0.15812191962984354 0.9874195959836797 7.476330709740418 2.2099741310458794 8.642087820638645 3.2055367283375156 12.622147204853455 11.932931188468668
3 0.0 0.0 6.391 7.216 3.293 16.199 0.3 bevel 2.0 1 3 -0.2245813088964207 0.19890509217807992 6.050284930689506 7.283779882485083 3.009392131888985 16.101191119291116
6 0.0 0.0 2.962 -6.599 0.96 -12.526 5.473 -16.846 13.088 -23.325 16.086 -28.532 -1.0 mitre 1.0 1 8 -0.9123116985910946 -0.40949647692481017 1.889056019115976 -6.650625973599002 -0.08056033909611471 -12.481752924209921 0.05824165838399753 -13.04710988893107 4.792088794497461 -17.578512421173514 4.813833599683486 -17.598139730134086 12.307909189852621 -23.97425473324713 15.219379723989487 -29.03096823266363
5 0.0 0.0 3.375 -4.962 7.028 -6.944 11.397 -12.058 15.148 -17.78 4.0 mitre 4.0 1 5 3.3074456358840343 2.2496229385547393 6.136233428300839 -1.9093237358073896 9.587495783036973 -3.7818673950154422 14.60312876846231 -9.652763958866478 18.493280687382214 -15.587034628037282
6 0.0 0.0 7.108 -6.856 9.214 -14.674 9.205 -18.33 4.59 -21.485 -0.275 -20.246 -1.0 round 2.0 1 6 -0.6942330086268746 -0.7197503245799044 6.214450017246157 -7.383499737267792 8.213674188326983 -14.80512109031143 8.206298216506667 -17.801404754209383 4.398777223860083 -20.404379560666584 -0.028201676295094236 -19.276933135734975
5 0.0 0.0 5.154 -3.337 8.037 -2.693 11.37 -7.353 17.212 -12.738 -0.3 bevel 2.0 1 7 -0.16304628377604372 -0.2518251563025859 4.990953716223956 -3.588825156302586 5.219401685644452 -3.6297842542126615 7.908545120772755 -3.0290876283983614 11.12598968561697 -7.527524973785115 11.16667127523473 -7.5735842915652185 17.00867127523473 -12.958584291565218
2 0.0 0.0 5.134 3.467 1.0 bevel 2.0 1 2 -0.5596447290748661 0.8287326331324957 4.5743552709251345 4.295732633132496
4 0.0 0.0 9.593 -1.177 14.747 5.784 17.974 10.103 0.1 round 4.0 1 5 0.012178043002777776 0.09925570647888461 9.547319106290932 -1.0706453705033063 14.666631601841756 5.8435056348380385 14.666891069761439 5.843854484343559 17.89389106976144 10.16285448434356
4 0.0 0.0 5.12 -5.819 7.67 -11.152 3.599 -15.955 0.5 round 4.0 1 19 0.37537979244024544 0.3302877706296712 5.495379792440246 -5.4887122293703285 5.524093321182586 -5.524536780266826 5.549399752960528 -5.562844086233721 5.571085717588596 -5.603311160725498 8.121085717588596 -10.936311160725497 8.13964182298305 -10.980429145525362 8.1538946461338 -11.026119217340193 8.163713589811666 -11.072962722495786 8.169008683992873 -11.120530438520664 8.169731410245596 -11.168386507069748 8.165875146299637 -11.216092427651896 8.157475226725623 -11.263211075567146 8.144608619167798 -11.309310707237735 8.127393219096984 -11.353968916232422 8.105986769545888 -11.396776503735428 8.080585415725068 -11.437341227995313 8.051421907763476 -11.4752913983979 3.980421907763477 -16.2782913983979
4 0.0 0.0 2.095 2.665 6.638 1.537 8.334 -0.048 0.3 round 1.0 1 21 -0.2358494302922358 0.18540508685262064 1.8591505697077644 2.8504050868526205 1.8779382051694289 2.872084951710478 1.8987107303456212 2.891871158630952 1.9212781939296217 2.9095827755498043 1.9454342310639674 2.9250578411864816 1.9709579504135932 2.938154846075268 1.9976159540742155 2.9487540265778174 2.0251644718452 2.9567584600441608 2.0533515903503727 2.96209495110765 2.081919556622904 2.9647147010092407 2.110607135089469 2.9645937538305818 2.1391519964005967 2.96173321555539 2.167293116262891 2.9561592439559496 6.71029311626289 1.8281592439559495 6.739462938752007 1.8193212214124301 6.767585450430749 1.807569050404254 6.794370367863031 1.793024038040142 6.819541214397115 1.775836319422362 6.8428381739858235 1.756183307936881 8.538838173985823 0.17118330793688097
5 0.0 0.0 3.701 5.526 12.979 8.146 13.456 12.409 20.064 15.938 4.0 mitre 4.0 1 5 -3.3234747769837165 2.225874077020763 1.196906714983674 8.975300752138784 9.30296016404441 11.2643565870751 9.714881236932323 14.945739257350093 18.17967966968492 19.466361785979615
3 0.0 0.0 7.682 -3.844 9.767 -3.805 1.0 mitre 1.0 1 3 0.4474929657517323 0.8942874513279937 7.909383503171157 -2.8395718595077617 9.748298235414117 -2.8051748932931453
5 0.0 0.0 5.341 3.992 7.573 8.002 17.173 7.627 20.421 8.441 -0.3 bevel 4.0 1 7 0.17960383479637426 -0.240296613639137 5.520603834796375 3.751703386360863 5.603129927071995 3.8460962600437174 7.745481119210195 7.695033661689856 17.16129018047789 7.327228620234086 17.245929322377073 7.33599946058878 20.493929322377074 8.14999946058878
4 0.0 0.0 1.649 -4.107 7.804 -9.161 15.456 -11.938 4.0 bevel 1.0 1 4 3.711971326066116 1.490392188138063 4.979219522170645 -1.6658166301768562 9.812758419277912 -5.634737115307663 16.820565280886612 -8.177951915972505
6 0.0 0.0 2.793 -5.382 3.557 -11.4 4.327 -13.439 7.786 -14.931 11.432 -15.448 -0.3 mitre 4.0 1 6 -0.26627916797711865 -0.13818612340395622 2.5021160733888785 -5.472773731363784 3.263844913709424 -11.472883889804939 4.091310707736285 -13.664056297624118 7.704086667847995 -15.222385795307456 11.389881561195255 -15.745028680623019
4 0.0 0.0 8.791 -1.803 12.412 -9.189 13.628 -12.445 -0.3 bevel 4.0 1 4 -0.060274194856052676 -0.2938826661006984 8.58645798420461 -2.0672938956361753 12.136127484738104 -9.307796223982042 13.346959614517157 -12.549958571482536
2 0.0 0.0 5.607 2.297 1.0 mitre 2.0 1 2 -0.3790890601786271 0.9253601917377283 5.227910939821373 3.2223601917377285
6 0.0 0.0 2.045 1.082 2.647 4.038 7.889 11.223 15.585 11.987 17.374 11.071 -2.0 mitre 5.0 1 6 0.9353385128621112 -1.7678070783761712 3.816086883528232 -0.2436164979063702 4.519742114638398 3.211541082096375 8.977197472959666 9.321197081626767 15.197149681047227 9.938666349685354 16.462498214046306 9.29078526738957
2 0.0 0.0 5.505 8.191 0.3 mitre 4.0 1 2 -0.24899135149360158 0.16734188621319454 5.256008648506398 8.358341886213195
2 0.0 0.0 3.627 7.873 -2.0 round 4.0 1 2 1.8165058300383425 -0.8368432167596936 5.443505830038342 7.0361567832403065
5 0.0 0.0 2.731 4.564 2.543 10.856 1.914 13.713 1.34 19.991 -0.1 mitre 4.0 1 5 0.08581061331856339 -0.05134723597129637 2.8318289246556128 4.537751106373007 2.6426755796362276 10.868351355638824 2.013012409588883 13.72836356044846 1.4395846266062888 20.000105061432304
3 0.0 0.0 5.188 6.092 9.493 9.872 0.5 round 5.0 1 4 -0.38066730900845136 0.3241795796349057 4.807332690991548 6.416179579634905 4.858099413392452 6.467720112525262 9.163099413392453 10.247720112525263
3 0.0 0.0 5.59 -3.191 6.344 -9.832 2.0 mitre 2.0 1 3 0.991508149227186 1.736925902281407 7.4627591418915316 -1.9571281080212635 8.331232626179476 -9.606375335018924
6 0.0 0.0 3.73 -2.67 6.837 -10.766 9.074 -11.525 10.465 -18.854 10.386 -22.723 1.0 bevel 2.0 1 9 0.58206276387339 0.8131438611414773 4.31206276387339 -1.8568561388585225 4.663609869591106 -2.3117087617564764 7.602533886028863 -9.969748297347104 9.395303123740478 -10.578023599726682 10.05646155157108 -11.3385347225767 11.44746155157108 -18.667534722576697 11.46479160324478 -18.874414457652193 11.38579160324478 -22.743414457652193
6 0.0 0.0 1.624 -2.324 1.654 -8.318 1.582 -11.213 2.278 -14.365 -1.812 -18.306 2.0 mitre 2.0 1 6 1.6393912370774641 1.1455986957890714 3.620851573299422 -1.6899393715630409 3.6541244606589762 -8.337862266002036 3.587432874869877 -11.019419777938735 4.472532098090831 -15.027800168157768 -0.4242633140253498 -19.746203766971917
2 0.0 0.0 1.917 4.504 -2.0 bevel 1.0 1 2 1.8402497562238516 -0.7832501737746723 3.7572497562238514 3.7207498262253274
6 0.0 0.0 1.748 3.046 5.92 4.404 9.559 5.657 11.63 3.242 13.084 0.777 0.5 mitre 10.0 1 6 -0.433665248395175 0.24886633427273996 1.4101638475663392 3.461854564420779 5.76121733010011 4.878137073836135 9.717413013221458 6.240355592921337 12.038257119444472 3.534011548243127 13.514661388307294 1.0310290704254794
2 0.0 0.0 3.69 -1.989 -0.1 round 4.0 1 2 -0.04744838717217765 -0.08802641964069156 3.6425516128278224 -2.0770264196406916
2 0.0 0.0 7.137 0.393 -2.0 round 10.0 1 2 0.109963718630995 -1.9969747070468478 7.246963718630995 -1.6039747070468477
5 0.0 0.0 7.266 -2.116 9.215 -0.997 15.439 2.495 25.151 1.644 4.0 round 5.0 1 12 1.1184167848023474 3.840461417000877 6.750341605585231 2.2003357741744822 7.223356397091187 2.4719127632433198 7.257788143771505 2.491455496324786 13.481788143771505 5.983455496324786 13.839030418418927 6.161073831500845 14.212189422038113 6.3022215335859855 14.597552914851285 6.405494444810621 14.991287245055725 6.469865191306519 15.389475486546784 6.494693403570732 15.788156405065687 6.479732086954105 25.500156405065685 5.628732086954104
6 0.0 0.0 5.26 -5.9 10.119 -6.922 13.566 -11.062 18.707 -11.983 25.02 -7.962 -4.0 round 2.0 1 27 -2.98572520110334 -2.661849925051452 2.2742747988966596 -8.561849925051453 2.572351589713642 -8.862523590232694 2.900539185124274 -9.130006913779903 3.2551607676855983 -9.361303172588759 3.632243369379806 -9.553821061775192 4.027562382370609 -9.70540372610476 4.436688888981585 -9.8143529241081 7.934827143814982 -10.550121044387936 10.492019660193263 -13.621422761186913 10.76257402877169 -13.915209214874121 11.06107682785067 -14.18055092977962 11.384552168350234 -14.414802612411076 11.72977520033128 -14.615628917751764 12.093304262763507 -14.781027731212212 12.471515194766406 -14.909350128479701 12.860637466261384 -14.9993168142782 18.001637466261386 -15.920316814278202 18.370531082130775 -15.968823461633482 18.74233589846506 -15.982843918739789 19.113834981108727 -15.962256877627564 19.481814041179014 -15.907240461744394 19.8430892457753 -15.81827068479315 20.194534765176854 -15.696117332160437 20.53310981818479 -15.541837300570105 20.855884981606142 -15.356765453588553 27.16888498160614 -11.335765453588552
6 0.0 0.0 1.888 1.244 3.781 8.348 4.826 16.405 9.597 21.962 14.13 28.928 0.5 bevel 4.0 1 7 -0.2751006166665361 0.41751604844567536 1.4538899189529544 1.5567449818729244 3.2893858372736586 8.444945195158866 4.330153251997882 16.46931176016659 4.446636863721695 16.730704790927444 9.196018944951396 22.262525420856903 13.71091844679405 29.200709830703786
4 0.0 0.0 4.361 2.569 11.833 3.067 15.001 -0.549 -1.0 round 2.0 1 4 0.5075639850935796 -0.8616140673386923 4.6641831394671875 1.5869882274528233 11.40645930553811 2.036352993339242 14.248835791267267 -1.207975722695049
6 0.0 0.0 4.28 0.09 5.531 3.362 1.604 7.857 -4.877 14.654 -11.284 16.993 1.0 mitre 10.0 1 6 -0.021023389852896784 0.999778984115536 3.5862438805879657 1.0756327351294794 4.382084537506845 3.1571600168549594 0.865242264280667 7.182677210170893 -5.439458787123013 13.794782293705966 -11.626931759816145 16.053639681427086
2 0.0 0.0 5.292 -1.862 4.0 bevel 5.0 1 2 1.3276248463637355 3.7732495633495633 6.6196248463637355 1.9112495633495632
3 0.0 0.0 6.356 6.58 7.71 9.966 0.1 bevel 2.0 1 3 -0.0719243231988032 0.06947583560054607 6.2704372584261225 6.635356768119742 7.617148549025387 10.00312961152381
3 0.0 0.0 1.858 0.945 4.808 2.853 -4.0 mitre 1.0 1 4 1.8133743321920688 -3.5653433959924485 3.7637329637433528 -2.5733687421625437 3.9433383197532232 -2.469981819438175 6.980344158969581 -0.5057082122433236
5 0.0 0.0 4.385 2.866 8.484 9.002 14.813 12.182 16.858 14.319 0.3 round 1.0 1 10 -0.16413006010690095 0.2511201373233638 4.169578580322097 3.0835965257998765 8.234541386985422 9.16864453304217 8.253045351900838 9.193467883785749 8.274009228783713 9.21625189848398 8.297209730109623 9.236753903214154 8.322399745931516 9.254755529880162 8.349310975862757 9.270065042064342 14.632048931569487 12.426820722131872 16.641253705486633 14.526415148469741
6 0.0 0.0 2.672 -1.342 10.695 1.389 18.947 5.25 26.086 9.608 31.027 16.017 -0.1 mitre 10.0 1 6 -0.04488181861484502 -0.08936230949244851 2.6645599848230472 -1.450167287117318 10.732413691084892 1.2961007512475207 18.99438591637459 5.161766621563022 26.153898313295567 9.532288406936551 31.106196662739833 15.955943562084958
2 0.0 0.0 2.186 -1.505 0.3 bevel 4.0 1 2 0.17012171995704325 0.24710038526650932 2.3561217199570432 -1.2578996147334907
5 0.0 0.0 2.504 -1.034 10.769 -2.239 19.778 -3.555 21.711 -10.793 -0.1 bevel 1.0 1 6 -0.03816778927500156 -0.09242953998511015 2.4658322107249986 -1.12642953998511 2.489572974237588 -1.132953832304013 10.754559379418975 -2.337951850240319 19.6983788509741 -3.6444305298458852 21.614386039129542 -10.818801987615721
3 0.0 0.0 2.799 -4.398 4.486 -5.573 -2.0 bevel 10.0 1 4 -1.6872755822427126 -1.0738254558202256 1.1117244177572874 -5.471825455820225 1.6559306069793305 -6.039155800873079 3.3429306069793303 -7.21415580087308
2 0.0 0.0 8.409 -5.407 -0.1 mitre 4.0 1 2 -0.05408435318768025 -0.08411232216667343 8.354915646812321 -5.491112322166673
2 0.0 0.0 2.403 -5.541 1.0 mitre 5.0 1 2 0.9174408165481909 0.397872276153276 3.320440816548191 -5.143127723846725
4 0.0 0.0 3.325 -0.995 7.056 -1.642 9.827 -1.875 -1.0 bevel 1.0 1 6 -0.2866869740279777 -0.9580243101939959 3.0383130259720224 -1.953024310193996 3.1541380720031524 -1.9802949820034608 6.885138072003152 -2.627294982003461 6.972210519489614 -2.6384834785162266 9.743210519489613 -2.871483478516227
3 0.0 0.0 2.301 -1.99 7.962 -6.712 -2.0 mitre 5.0 1 3 -1.308283535724325 -1.5127439274882772 1.0062106280908913 -3.514414238653979 6.680910833871904 -8.247841967270467
4 0.0 0.0 6.604 6.116 3.862 13.058 -0.264 18.827 0.1 bevel 4.0 1 4 -0.06794789213656746 0.0733695028891255 6.485861555811053 6.142887762072597 3.7735093354694067 13.009827628451779 -0.3453380842448572 18.76882684423743
6 0.0 0.0 3.967 4.822 3.398 8.862 -0.218 13.541 0.505 19.754 0.881 29.167 -1.0 mitre 4.0 1 6 0.7722491200189678 -0.6353198380579107 5.018535894024812 4.526161085626531 4.351273897372762 9.263838531099788 0.8223915923716669 13.830110739368628 1.5026872523997226 19.676136929900178 1.880203161624107 29.127087072264885
2 0.0 0.0 2.978 1.45 -4.0 bevel 5.0 1 2 1.751076834736913 -3.596349526790709 4.729076834736913 -2.1463495267907087
4 0.0 0.0 2.852 -5.31 4.22 -9.334 3.479 -18.122 -0.3 round 4.0 1 4 -0.26429141306746984 -0.14195086818614389 2.575957974515503 -5.430072974801004 3.9157958977791143 -9.371233649664141 3.180060814106942 -18.096793589355173
6 0.0 0.0 8.708 -3.592 15.424 -4.51 19.921 -6.505 25.166 -13.937 28.771 -14.653 0.3 bevel 4.0 1 8 0.11439791604177596 0.27733214167365955 8.78679107864598 -3.299980242349572 15.46462875925822 -4.21276389196274 15.545654800058937 -4.235773616107749 20.042654800058937 -6.230773616107749 20.166107723682696 -6.332019643337495 25.341999901878374 -13.66609603387139 28.82944236791062 -14.35874757497516
4 0.0 0.0 5.752 6.005 8.823 10.766 9.42 15.745 0.5 mitre 10.0 1 4 -0.361077946827627 0.345865170716488 5.357789899457791 6.31627570912816 8.34029079270432 10.940074716860728 8.923555921368905 15.804525429793685
4 0.0 0.0 3.618 3.761 8.231 8.277 11.364 15.197 0.1 round 1.0 1 5 -0.0720674714669638 0.06932733628489099 3.545932528533036 3.830327336284891 3.5480446056227395 3.8324579792432028 8.147639115970632 8.335334373938862 11.272901688735168 15.238244365490276
3 0.0 0.0 1.5 -2.214 3.701 -2.715 1.0 round 2.0 1 3 0.8278850831452625 0.5608977528084435 2.106609600274203 -1.3264996344738729 3.922946601434872 -1.7399411781274372
3 0.0 0.0 6.477 -7.361 3.444 -16.832 -2.0 round 10.0 1 3 -1.5014958221363723 -1.321177617168494 4.226464976738912 -7.830907343974262 1.5392848515539805 -16.22203262113433
6 0.0 0.0 2.479 1.759 10.536 -1.204 11.503 -9.573 13.855 -12.599 17.672 -16.245 -0.3 mitre 2.0 1 6 0.17360504520673947 -0.24466566632604161 2.5237459534645983 1.4229010370323985 10.259174392470898 -1.421839494775429 11.214618326041998 -9.6908263407491 13.631745661334156 -12.800616866511882 17.46478294303014 -16.461935684710355
6 0.0 0.0 5.551 7.815 8.732 7.228 10.54 1.648 7.889 -0.616 6.312 -5.58 -0.1 mitre 5.0 1 6 0.0815267245109292 -0.0579084897965666 5.595585802588674 7.705084069233803 8.655240662097084 7.140476272147529 10.424290712269094 1.680686847390994 7.802340809301176 -0.5585038656679898 6.216693815470796 -5.5497224309019835
3 0.0 0.0 4.938 4.162 6.992 7.696 0.5 bevel 2.0 1 3 -0.3222347347017636 0.38231502161396175 4.5493552756580655 4.488341271739034 6.559711800471742 7.947250696613198
3 0.0 0.0 3.071 -2.898 5.404 -9.762 2.0 round 5.0 1 8 1.3726488941559156 1.454591012406079 4.443648894155916 -1.4434089875939211 4.578526355382744 -1.5837076855484467 4.699129179878092 -1.7364513038062115 4.804315389923088 -1.90019352625082 4.893088986388301 -2.073383891933675 4.964609379763397 -2.2543824762546616 7.297609379763397 -9.118382476254661
4 0.0 0.0 7.115 -2.711 8.043 -4.615 11.811 -11.248 -2.0 round 10.0 1 5 -0.7121108078310623 -1.8689296929981587 5.663729502123818 -4.2982906319001515 6.245172812450814 -5.491251906536577 6.304002435015617 -5.602870168077967 10.072002435015618 -12.235870168077966
4 0.0 0.0 9.266 3.455 15.847 -0.474 24.805 -2.442 -0.5 mitre 1.0 1 5 0.17468595817421506 -0.46849206611932753 9.215784557832508 2.9026492744612247 15.62532394238379 -0.923985012410374 15.70031866043742 -0.9536992500915087 24.697712631036918 -2.930353786164272
5 0.0 0.0 2.217 -5.019 4.442 -10.408 6.981 -11.104 14.557 -14.987 4.0 bevel 4.0 1 7 3.658934418544091 1.6162298477609582 5.875934418544091 -3.402770152239042 5.914261435262274 -3.4924817789091556 7.390836731157682 -7.068780327035157 8.03848266125089 -7.2463154067298685 8.805474799344266 -7.544324213280413 16.381474799344264 -11.427324213280414
2 0.0 0.0 8.929 1.259 0.1 mitre 1.0 1 2 -0.013962014433043521 0.09902051379876538 8.915037985566956 1.3580205137987653
2 0.0 0.0 6.703 -1.28 -0.5 bevel 4.0 1 2 -0.09378499100362812 -0.4911256208572807 6.609215008996372 -1.7711256208572808
3 0.0 0.0 7.502 0.042 11.527 1.724 0.5 bevel 10.0 1 3 -0.002799209664527058 0.49999216436385685 7.4003868987162695 0.5414389540935282 11.33421223623511 2.1853381386169297
5 0.0 0.0 4.729 -2.976 9.405 -3.78 12.817 -6.405 17.291 -7.533 -0.5 round 2.0 1 13 -0.26630931873721775 -0.42317767752295127 4.4626906812627825 -3.3991776775229514 4.505308107917758 -3.423171038213195 4.550065752751934 -3.4428859980356745 4.596535387794058 -3.458133930057955 4.644272405254494 -3.4687689465547127 9.198249093694576 -4.251788034986241 12.512116555303045 -6.801290405068958 12.554136780361905 -6.830326848155033 12.59890005076931 -6.854924896116641 12.645939250278088 -6.874827861992642 12.694763512735154 -6.889828053211808 17.168763512735154 -8.017828053211808
5 0.0 0.0 3.295 -8.104 4.22 -9.992 5.899 -19.162 9.284 -21.564 -0.5 bevel 10.0 1 7 -0.46317846210866875 -0.18832342456170578 2.831821537891331 -8.292323424561705 2.845993573382498 -8.32398461049851 3.740612660141018 -10.149974703255362 5.407176122327995 -19.252051503883457 5.60964717207025 -19.569768244189092 8.99464717207025 -21.971768244189093
2 0.0 0.0 5.454 -1.417 -0.1 round 2.0 1 2 -0.0251460975407123 -0.09678674381583971 5.428853902459287 -1.5137867438158397
4 0.0 0.0 2.948 -5.633 1.29 -7.731 -2.334 -9.104 -0.5 mitre 5.0 1 4 -0.44300039915659617 -0.23184185633119928 2.354602049417091 -5.577464174111247 0.9834878321712284 -7.312444649251066 -2.5111443029799965 -8.636431934450467
5 0.0 0.0 5.207 4.325 5.733 7.972 7.453 12.683 15.143 15.206 -0.5 bevel 5.0 1 6 0.3194742106398678 -0.38462478954954715 5.526474210639868 3.940375210450453 5.701879313810665 4.253624480651382 6.2204717562449146 7.849264476008241 7.83944847475834 12.28356640677379 15.298869522305893 14.730916121073202
3 0.0 0.0 5.536 -1.591 7.643 -5.32 1.0 round 10.0 1 11 0.2762112109319776 0.9610969602259132 5.812211210931977 -0.6299030397740868 5.904067074336593 -0.6612007588789393 5.992456832853464 -0.7012544410105864 6.07654811598443 -0.7496868987673596 6.155549032175477 -0.8060420414248745 6.228715626096619 -0.8697891699637553 6.295358884504094 -0.9403279746871719 6.354851224710378 -1.0169941883653855 6.406632404559762 -1.0990658416713814 8.513632404559761 -4.828065841671382
5 0.0 0.0 4.304 -2.106 10.805 0.221 11.33 2.608 11.685 7.884 4.0 bevel 5.0 1 4 1.7580681559884086 3.592937010149151 4.545547633132464 2.228989106137678 7.363318336118017 3.237595847538598 7.694024133603984 8.152536094118762
6 0.0 0.0 8.984 1.621 14.846 -2.393 23.771 -0.65 26.881 4.873 23.991 12.093 -0.1 round 5.0 1 32 0.017756466042940868 -0.09841091359024105 8.961365807371095 1.515301323975758 14.78950133684755 -2.4755100058295114 14.79794720750648 -2.4806979425846163 14.806865184449052 -2.4850242696889966 14.816167650853568 -2.4884464820954935 14.825763212388607 -2.490930957450498 14.835557595138736 -2.492453286424901 14.845454571821403 -2.492998512529447 14.855356907195148 -2.4925612790583838 14.865167313370753 -2.491145881717713 23.790167313370755 -0.7481458817177131 23.799498150724656 -0.7458533014834375 23.808565891869065 -0.742675799257853 23.817286823009812 -0.7386427098844477 23.825580432118297 -0.7337912670257475 23.833370152222134 -0.7281662594204689 23.8405840682749 -0.7218196173918678 23.847155581079072 -0.7148099334246596 23.853024022132825 -0.7072019212365641 23.85813521372435 -0.6990658183383527 26.96813521372435 4.823934181661648 26.972569710568067 4.832813085382424 26.97610224856894 4.842087828980612 26.978698032335913 4.851667056516007 26.98033149347843 4.861456412890949 26.980986542454307 4.871359473245151 26.980656727051194 4.881278692737612 26.97934529594071 4.891116367360317 26.977065166679104 4.900775596319717 26.973838798469725 4.910161236506579 24.083838798469724 12.130161236506579
5 0.0 0.0 5.57 4.657 11.852 5.298 13.215 8.876 19.319 16.72 4.0 round 1.0 1 14 -2.5657197685999376 3.0687264571830903 3.0042802314000627 7.72572645718309 3.320523297148665 7.9645450961897835 3.6588455417721177 8.170899349269368 4.015926247457732 8.34276379759463 4.388260577385642 8.47845154843537 4.772193976582548 8.57663079243426 5.163958042296753 8.636337875650234 8.992102622291965 9.02695243721931 9.47703251069685 10.299937866942479 9.63626745877894 10.662805361085939 9.830625113997712 11.00813663516131 10.058197994604978 11.332542509042733 16.162197994604977 19.176542509042733
2 0.0 0.0 3.462 -1.31 -4.0 round 4.0 1 2 -1.4156194862034734 -3.7411256956003247 2.0463805137965267 -5.051125695600325
6 0.0 0.0 3.661 3.162 3.546 7.308 7.174 15.248 13.045 18.723 18.893 22.011 0.1 mitre 4.0 1 6 -0.06536467801522 0.07567997666468071 3.5597227143164263 3.2066623133357175 3.4453946038609855 7.3284392346249145 7.096077960446188 15.318082523292638 12.995021432660142 18.809622050791102 18.843990861225873 22.09816710570289
5 0.0 0.0 8.338 -1.902 12.44 3.085 20.395 2.869 23.674 0.898 0.3 bevel 4.0 1 7 0.06671980073918012 0.2924866974570367 8.224036202936563 -1.5682971592207546 12.208308318298862 3.2755753515817263 12.448142819059855 3.384889470468302 20.403142819059855 3.1688894704683017 20.549556245877692 3.1261232522744575 23.828556245877692 1.1551232522744572
4 0.0 0.0 8.101 1.149 15.831 -3.562 17.936 -11.182 2.0 mitre 5.0 1 4 -0.2808577445126216 1.9801815389875959 8.52978591931159 3.2298333807026953 17.547958683710313 -2.2662354282342227 19.86379502022763 -10.649452950448929
3 0.0 0.0 2.845 4.629 9.902 3.621 0.1 mitre 10.0 1 3 -0.08519551834013456 0.052361471090447795 2.7941694144873326 4.7372754514272994 9.91614017170821 3.7199952299055985
2 0.0 0.0 3.069 -0.302 -0.5 mitre 10.0 1 2 -0.0489651949562566 -0.49759663351242217 3.0200348050437436 -0.7995966335124222
2 0.0 0.0 3.572 2.652 0.3 bevel 10.0 1 2 -0.1788326341210649 0.24087110447980534 3.393167365878935 2.8928711044798057
3 0.0 0.0 3.471 0.514 13.165 1.707 -0.3 mitre 4.0 1 3 0.043946006714467335 -0.2967637924239613 3.511300734087288 0.21669640056642475 13.201643301962422 1.4092462957051741
6 0.0 0.0 6.43 -3.499 6.271 -12.149 4.5 -18.333 7.255 -26.864 11.82 -31.933 -0.5 mitre 2.0 1 6 -0.2389904646599912 -0.439185106534365 5.924508366168348 -3.7931637082557277 5.772288340947531 -12.074316023727851 3.9773967528307343 -18.341740970602086 6.812007650547635 -27.119260233187525 11.448458638573047 -32.26759978593688
2 0.0 0.0 2.674 -0.479 0.5 bevel 5.0 1 2 0.08816285871805948 0.4921659378122987 2.7621628587180593 0.013165937812298745
4 0.0 0.0 1.938 2.175 -0.033 7.597 -2.124 9.53 -0.5 bevel 1.0 1 6 0.37330667117927346 -0.33262911666456646 2.3113066711792736 1.8423708833354333 2.4079144224071474 2.345822819358998 0.4369144224071475 7.767822819358998 0.30640979177745475 7.964152547649591 -1.7845902082225453 9.89715254764959
3 0.0 0.0 1.313 1.684 -1.041 9.96 2.0 bevel 2.0 1 3 -1.5772407720306938 1.2297607682163307 -0.8884165871292278 2.113218443291783 -2.9646956386093892 9.412829925895783
2 0.0 0.0 2.178 -5.01 -0.1 mitre 5.0 1 2 -0.09170875165567459 -0.03986859503114955 2.0862912483443252 -5.04986859503115
6 0.0 0.0 2.171 0.176 5.469 1.253 6.931 -0.413 4.834 -7.593 2.384 -10.623 -0.3 round 2.0 1 8 0.02424106241864411 -0.2990190142663429 2.195241062418644 -0.12301901426634293 2.230091372246438 -0.11812278001887733 2.264128507838806 -0.10917903328912065 5.374028858976165 0.90639485336186 6.596841720975084 -0.48704305914853574 4.5628953550595694 -7.451151264810619 2.1507190009871326 -10.434373449643061
2 0.0 0.0 4.288 7.731 4.0 bevel 5.0 1 2 -3.497972843176694 1.9401510220594576 0.7900271568233062 9.671151022059458
3 0.0 0.0 5.069 0.114 10.576 -2.362 0.3 bevel 5.0 1 4 -0.006745187289881643 0.2999241611614916 5.062254812710118 0.4139241611614916 5.1920205624577775 0.3876164125423987 10.699020562457777 -2.0883835874576016
3 0.0 0.0 3.409 -5.556 10.462 -12.47 1.0 mitre 4.0 1 3 0.8523475956954225 0.522975693615136 4.1969576386469845 -4.928081331506271 11.16203496755216 -11.755891433881201
5 0.0 0.0 1.211 -1.878 5.682 -4.457 13.597 -9.315 18.388 -10.4 0.3 bevel 10.0 1 6 0.2521264719791121 0.1625799561058066 1.4237835899397477 -1.6544077132006128 5.8318982860854796 -4.1971336808498725 5.838929932157734 -4.201318564629793 13.71164779348583 -9.033367000552962 18.45426194489204 -10.107409236886868
3 0.0 0.0 6.598 -3.684 10.031 -12.083 -0.1 round 5.0 1 3 -0.04875069420659549 -0.08731191106816423 6.5186804717197155 -3.7542437715217156 9.938433897369682 -12.120835388776031
2 0.0 0.0 2.728 -4.891 1.0 round 10.0 1 2 0.8733390409534963 0.48711284067085225 3.6013390409534964 -4.403887159329148
4 0.0 0.0 5.946 1.392 8.025 2.617 10.117 12.219 1.0 round 4.0 1 4 -0.22794392398513943 0.9736742615054879 5.56965747489422 2.330933115733552 7.140927802559013 3.2567658003845232 9.139921088256386 12.431877430052868
6 0.0 0.0 6.082 2.022 8.06 1.112 8.1 -1.429 7.436 -8.939 6.131 -13.36 0.1 bevel 5.0 1 10 -0.03154787564877857 0.09489326394454564 6.050452124351222 2.1168932639445455 6.1237951096673555 2.1128469526615707 8.101795109667357 1.202846952661571 8.159987612035541 1.1135739883830862 8.19998761203554 -1.427426011616914 8.19961141224411 -1.4378071874474154 7.53561141224411 -8.947807187447415 7.531908868563296 -8.967310579840557 6.226908868563296 -13.388310579840557
6 0.0 0.0 2.278 5.332 3.254 7.658 6.129 16.558 8.625 19.303 15.597 22.425 4.0 mitre 10.0 1 6 -3.678361897660327 1.571513203839127 -1.4054440042034684 6.89161777272059 -0.500140928547191 9.049133094417826 2.588262530147 18.60975597524506 6.227657126162723 22.612215176392162 13.962249918644861 26.07569749109802
5 0.0 0.0 2.085 -0.106 5.585 6.249 7.721 15.88 10.232 18.899 -0.5 bevel 10.0 1 7 -0.02538687750479084 -0.4993550905423481 2.0596131224952092 -0.6053550905423482 2.522969650745197 -0.3472106652412574 6.022969650745197 6.007789334758742 6.073138805060769 6.14073870962415 8.182901111215049 15.653435699592258 10.616413140797777 18.579271150532225
4 0.0 0.0 3.356 1.995 7.28 1.646 10.319 7.504 -0.5 bevel 1.0 1 5 0.25549422275194417 -0.42979379025339576 3.4726240888260285 1.4826537910391546 7.235704919907304 1.147965918957767 7.723830241329056 1.4157507505293614 10.762830241329056 7.273750750529361
3 0.0 0.0 4.491 1.738 10.921 0.672 -1.0 bevel 5.0 1 3 0.3609125407197939 -0.932599666497465 4.5970494935118404 0.706769298978504 10.757446994076197 -0.3145345479268775
4 0.0 0.0 4.766 -6.15 10.099 -9.839 17.035 -13.845 -0.3 round 5.0 1 8 -0.2371291828362 -0.18376547730037873 4.5288708171638 -6.333765477300379 4.548839525063341 -6.3569814680721075 4.57107087988322 -6.378040869430237 4.5953332478211415 -6.39672425843585 9.928333247821142 -10.085724258435851 9.948957907046356 -10.098783314210305 16.884957907046356 -14.104783314210305
4 0.0 0.0 5.187 2.264 7.778 2.439 13.752 -1.481 0.1 round 5.0 1 15 -0.04000308130345056 0.09165016904637725 5.14699691869655 2.355650169046377 5.15501960004655 2.3587483721169775 5.163278815720732 2.3611457946407817 5.171713478678266 2.3628247047345963 5.18026120423024 2.363772684796859 7.771261204230239 2.5387726847968595 7.780515031522926 2.5389683680793014 7.789747312135256 2.5383076062424066 7.798878951631432 2.536796060139314 7.8078317177843175 2.534446679429076 7.816528910803535 2.531279591634842 7.824896020434926 2.5273219297081253 7.832861364301911 2.5226075995764323 13.806861364301911 -1.3973924004235678
4 0.0 0.0 4.038 -3.208 10.643 0.191 15.292 -1.716 -4.0 mitre 5.0 1 4 -2.4881720558314893 -3.1319322822467437 3.571947336356544 -7.9464104917908776 10.83237053040877 -4.210123067629861 13.7739667535993 -5.416753310181881
5 0.0 0.0 7.928 0.399 12.296 2.025 15.334 4.343 15.857 10.695 -0.5 mitre 1.0 1 8 0.025132167244039903 -0.499367974713655 7.991417859770933 -0.09844113423456438 8.066506870474711 -0.08295990891130865 12.505102005811347 1.5693193241604328 12.56988716312174 1.6050543498914907 15.721698159734043 4.009892365081523 15.823602175830697 4.196165845512729 16.35531375337974 10.653970703240303
2 0.0 0.0 2.412 -5.58 2.0 mitre 2.0 1 2 1.8358306706352312 0.7935526124681322 4.247830670635231 -4.786447387531868
2 0.0 0.0 2.367 0.068 0.5 mitre 2.0 1 2 -0.01435825022092692 0.49979379813138264 2.3526417497790733 0.5677937981313826
2 0.0 0.0 4.512 -1.977 2.0 round 4.0 1 2 0.8026598618546321 1.8318671202266563 5.314659861854632 -0.14513287977334377
5 0.0 0.0 3.367 -2.182 5.852 -2.17 10.999 0.454 13.155 -0.193 -2.0 round 1.0 1 16 -1.087680400612308 -1.6783775934287997 2.279319599387692 -3.8603775934287996 2.4463394212913796 -3.9574954516449505 2.6219507324703306 -4.038044608556999 2.8045147501510663 -4.101273389515518 2.9923278097733492 -4.14659175145137 3.1836372633746013 -4.173576789083777 3.3766578350813012 -4.181976681419447 5.861657835081301 -4.169976681419446 6.047997614263857 -4.160373064328112 6.232631491815526 -4.133445865675519 6.413952472498046 -4.089429451335301 6.590382395486237 -4.028706926343152 6.760385670183785 -3.9518068004710147 11.192600252420805 -1.6922126555730281 12.580141203625029 -2.1086036553082477
2 0.0 0.0 2.585 -2.986 -0.5 bevel 1.0 1 2 -0.37802410066013103 -0.3272579705982715 2.206975899339869 -3.3132579705982717
5 0.0 0.0 7.518 -2.492 11.095 -7.215 18.663 -6.826 22.477 -4.217 0.3 mitre 2.0 1 5 0.09439093886241504 0.28476367510739814 7.700873408988314 -2.236565709776047 11.238244949601885 -6.9072410763731655 18.563294919021978 -6.530728862035901 22.307620427253994 -3.969390306457158
5 0.0 0.0 1.578 -1.581 5.877 -2.339 10.532 0.589 11.424 6.229 0.3 bevel 2.0 1 5 0.21233339353099256 0.21193048386584837 1.7234005356510278 -1.3020094094749473 5.81518081156094 -2.0234724122987933 10.256962766719816 0.7704132084756838 11.127683047681948 6.275864312316968
2 0.0 0.0 1.015 2.331 0.5 round 4.0 1 2 -0.458425527153765 0.19961471903091868 0.556574472846235 2.5306147190309187
2 0.0 0.0 3.36 6.123 1.0 round 4.0 1 2 -0.8766780163398643 0.481077598383463 2.4833219836601357 6.604077598383463
4 0.0 0.0 2.694 -4.027 4.585 -13.288 11.281 -16.051 -0.1 mitre 1.0 1 5 -0.0831160131391583 -0.05560331248991618 2.5999542159101905 -4.066265455170587 4.492013166828706 -13.332451570694847 4.523792810638629 -13.370922694426474 11.242856290005664 -16.143439479595397
4 0.0 0.0 1.027 2.536 -1.592 5.134 -4.93 4.121 0.1 round 2.0 1 4 -0.09268802165997168 0.03753572485993333 0.909336917802599 2.511864105071306 -1.6200611930334092 5.0209806732087445 -4.900960276652174 4.025309381505386
2 0.0 0.0 3.361 1.832 4.0 bevel 5.0 1 2 -1.9143834395617085 3.512141233824728 1.4466165604382917 5.344141233824728
5 0.0 0.0 4.644 -1.809 4.806 -6.576 9.031 -14.974 14.665 -18.099 -1.0 bevel 4.0 1 7 -0.3629690678068104 -0.9318011889965879 3.6669597577141926 -2.5015990454495367 3.8065769441279773 -6.609964030847759 3.9126818219917574 -7.0254247799577065 8.137681821991759 -15.423424779957708 8.545950222571458 -15.848486542730374 14.179950222571456 -18.973486542730374
6 0.0 0.0 8.269 -1.469 13.495 -1.675 17.119 -5.513 20.363 -6.194 26.32 -7.968 2.0 mitre 2.0 1 6 0.349825564329935 1.9691678634746308 8.484300632474381 0.5240664152820812 14.389029548976762 0.29131207988225527 18.143043795337018 -3.684379608178083 20.854698109753702 -4.253626398596628 26.890827405761446 -6.051191174678168
6 0.0 0.0 8.626 1.362 11.448 1.055 13.471 1.477 17.546 1.509 20.494 9.162 0.3 bevel 5.0 1 8 -0.04678877204190328 0.2963288895987207 8.579211227958096 1.658328889598721 8.658445001920095 1.6602403759560485 11.433230580648553 1.3583767428342777 13.409738363112307 1.7706784156962176 13.468644244412857 1.7769907505501024 17.339453040057638 1.8073872858778648 20.214051979969735 9.26983833307843
2 0.0 0.0 2.071 0.345 -0.3 mitre 2.0 1 2 0.04929652493585839 -0.29592203809322537 2.1202965249358585 0.0490779619067746
2 0.0 0.0 5.046 -8.128 -2.0 mitre 5.0 1 2 -1.6991834250852609 -1.054881835996583 3.3468165749147394 -9.182881835996582
5 0.0 0.0 3.109 -1.353 12.004 -0.905 14.572 0.792 17.821 -0.719 2.0 mitre 4.0 1 5 0.7980776695972888 1.8338680523118778 3.476924296011262 0.6680657089416282 11.357429808022147 1.0649703148304284 14.40188348447827 3.076823075323436 18.664386795486738 1.0944769679261475
4 0.0 0.0 5.719 5.664 5.946 13.531 11.598 19.229 -4.0 bevel 4.0 1 5 2.814727968753065 -2.8420602495230893 8.533727968753066 2.8219397504769104 9.717335850572887 5.548629180363538 9.898756281810114 11.8360059757083 14.437867030312763 16.41205923914922
2 0.0 0.0 9.091 -3.237 0.1 mitre 5.0 1 2 0.03354369024750431 0.09420626754404128 9.124543690247503 -3.1427937324559587
2 0.0 0.0 8.758 -3.263 -4.0 bevel 2.0 1 2 -1.3965171524414235 -3.748298259602202 7.361482847558576 -7.011298259602202
2 0.0 0.0 6.977 2.082 4.0 round 1.0 1 2 -1.143795778659605 3.832979417727216 5.833204221340395 5.914979417727215
2 0.0 0.0 4.79 5.13 0.5 round 4.0 1 2 -0.3654565563092838 0.34123526407825916 4.424543443690716 5.471235264078259
4 0.0 0.0 6.953 -3.223 12.835 -1.24 13.352 0.933 -0.3 mitre 2.0 1 4 -0.126166598480078 -0.2721800680210929 6.9354227042022805 -3.54551565302688 13.08837412288529 -1.4711697395198406 13.643853389055664 0.8635622631653116
4 0.0 0.0 4.988 -2.073 8.042 -1.057 9.885 0.85 -0.1 bevel 4.0 1 6 -0.03837739252817676 -0.09234270811893185 4.949622607471824 -2.165342708118932 5.0195668455930935 -2.1678869551587665 8.073566845593094 -1.1518869551587667 8.113907002238113 -1.1264937625195817 9.956907002238113 0.7805062374804184
5 0.0 0.0 6.929 -7.15 9.359 -6.747 14.513 -3.174 20.615 4.543 0.1 mitre 1.0 1 5 0.07181178668971183 0.06959214964657529 6.964340342948561 -7.042773152309086 9.320483570165116 -6.652021826972348 14.443792639779998 -3.100298251936653 20.53655936091345 4.605024722004163
6 0.0 0.0 3.993 1.119 9.243 6.64 14.844 10.321 18.262 10.85 22.311 11.647 0.1 round 4.0 1 12 -0.02698445906131516 0.0962903887683927 3.93950518180156 1.207861114569935 9.170533163783457 6.708909779050326 9.178885605796856 6.71674206444945 9.188078638695394 6.723568200126895 14.789078638695393 10.404568200126896 14.798314642120724 10.409954190881837 14.808072887004565 10.41432332265738 14.818241824258166 10.417625650747889 14.828705210059233 10.419823425363969 18.24468876204649 10.948511341982242 22.291686722959184 11.745117263159674
4 0.0 0.0 4.312 -5.885 5.537 -10.484 5.21 -14.768 -2.0 mitre 4.0 1 4 -1.6132892007599562 -1.1820735826129025 2.4762585022560546 -6.763471595657713 3.516945781898941 -10.670508982659863 3.2158010133685586 -14.615781730012026
4 0.0 0.0 8.255 3.195 10.229 5.359 12.499 5.329 -0.1 mitre 2.0 1 4 0.03609465617006833 -0.09325864997931584 8.313028903066622 3.110230740551815 10.27260181951286 5.258415031934622 12.49767852949519 5.229008731802697
4 0.0 0.0 2.897 -2.015 7.715 -2.172 10.213 -1.212 4.0 mitre 5.0 1 4 2.2840254689353694 3.283782522831645 4.209757053112458 1.9443454699780602 7.035947178698791 1.852250856089091 8.778085339390264 2.521767523128248
5 0.0 0.0 5.247 -1.592 7.406 1.054 8.905 3.5 12.76 7.989 -1.0 mitre 1.0 1 7 -0.29034145109317255 -0.9569231117373596 5.247693789782308 -2.63722654293114 5.82952930613461 -2.459847114926572 8.202083854336363 0.4478783758292624 8.241038774439097 0.5027802873575125 9.715799384051055 2.909227552941803 13.518647865071248 7.337499104511101
3 0.0 0.0 1.19 -2.095 -0.215 -8.577 2.0 round 5.0 1 10 1.73903464908956 0.9878048842083895 2.92903464908956 -1.1071951157916107 3.0224168670701426 -1.2935959662711678 3.09588734902711 -1.488705176652139 3.148647736863818 -1.6904026163230366 3.180124716213875 -1.8964965644764729 3.189976246292293 -2.104747526177948 3.1780952766402617 -2.3128925675664056 3.1446109103760014 -2.5186699057510467 1.7396109103760011 -9.000669905751046
2 0.0 0.0 5.367 4.484 -2.0 round 5.0 1 2 1.2823086523529479 -1.5348239378185262 6.649308652352948 2.9491760621814738
3 0.0 0.0 5.415 4.023 8.688 13.344 -2.0 round 1.0 1 9 1.192729879506403 -1.6054268698799834 6.607729879506403 2.417573130120016 6.760601720329425 2.5433527412769985 6.90028992391266 2.683629311234741 7.025425884245211 2.837028469417149 7.134783572048314 3.0020472756720116 7.227291546892312 3.1770689454437377 7.302043454717379 3.360378690345458 10.57504345471738 12.681378690345458
3 0.0 0.0 6.478 -7.525 13.893 -11.2 -0.1 mitre 2.0 1 3 -0.07578614751877234 -0.06524154998360229 6.415435367112417 -7.605599978140395 13.848593087688322 -11.28959925300438
3 0.0 0.0 6.656 -3.684 13.563 -7.443 0.5 mitre 1.0 1 3 0.24212919351908443 0.4374625168466411 6.8965734648702925 -3.2456764097846467 13.802011651254391 -7.003826423193915
5 0.0 0.0 3.671 -4.019 6.941 -7.138 4.975 -16.032 7.807 -18.707 -0.5 bevel 5.0 1 7 -0.36917512487285387 -0.33720872938747115 3.3018248751271457 -4.356208729387471 3.3258989920240225 -4.380808366810339 6.391953191447298 -7.3052802469330285 4.4867853662018895 -15.924081181690232 4.631665621255091 -16.395485218917976 7.463665621255092 -19.070485218917973
2 0.0 0.0 5.708 0.904 0.3 round 4.0 1 2 -0.046927382846826106 0.2963069704531896 5.661072617153174 1.2003069704531897
2 0.0 0.0 2.624 -0.609 2.0 mitre 4.0 1 2 0.45215877157296114 1.9482177612601808 3.0761587715729615 1.3392177612601808
5 0.0 0.0 3.809 0.431 5.177 5.491 0.82 13.251 -0.21 18.345 0.1 mitre 2.0 1 5 -0.01124355571201915 0.09936590187257761 3.730207549113008 0.5227225377821566 5.069804091468666 5.477662964916392 0.7251016392046328 13.215760515884696 -0.3080164053063559 18.325181213689525
4 0.0 0.0 3.091 6.577 4.725 11.586 0.927 15.142 -0.1 bevel 1.0 1 6 0.09050337663696358 -0.042533972507960226 3.1815033766369636 6.53446602749204 3.1860694565574055 6.5459871247724495 4.820069456557405 11.55498712477245 4.79334678741333 11.658998059222675 0.9953467874133304 15.214998059222674
3 0.0 0.0 5.094 0.869 12.213 4.939 -2.0 bevel 2.0 1 4 0.33632692518542284 -1.9715182472894637 5.430326925185423 -1.1025182472894637 6.086645570458778 -0.8672761218909186 13.205645570458778 3.202723878109081
6 0.0 0.0 4.728 -7.491 5.887 -9.906 11.96 -13.16 17.478 -13.324 19.63 -18.62 -0.5 round 5.0 1 17 -0.4228249074793347 -0.26686906455243553 4.289737922476107 -7.733410553384121 5.4362239086901125 -10.122335192475429 5.461443729563926 -10.168491639281216 5.491372682839881 -10.211743398811302 5.525679579875192 -10.251611854543262 5.563984786455375 -10.287655829011848 5.605864423761086 -10.319476465802849 5.650855058938134 -10.346721643229476 11.723855058938135 -13.600721643229475 11.76554326745324 -13.620637144797549 11.80889177394398 -13.636619663902154 11.853530462978346 -13.648532739625908 11.899078203370664 -13.656274656511345 11.945146102331371 -13.659779313021307 17.13744643435251 -13.814099221403232 19.166781962627343 -18.80822606050339
5 0.0 0.0 7.749 -4.759 14.793 -5.962 19.331 -14.211 24.261 -16.524 -4.0 mitre 5.0 1 5 -2.0933211193852905 -3.4085197213945397 6.314037848165684 -8.571846773475466 12.21812261559545 -9.580167894318453 16.45368950619804 -17.27941674415996 22.562022532374762 -20.14525331404774
4 0.0 0.0 8.367 4.483 14.042 5.192 16.73 10.121 -0.1 round 10.0 1 14 0.04722769570271134 -0.08814502117880568 8.397842513241843 4.386075873649439 14.054397017353326 5.092771405528742 14.063726769990444 5.094388794363647 14.072861719906127 5.096881367522259 14.081719962928496 5.100226776536078 14.09022207584606 5.10439502639064 14.09829182851808 5.109348744461497 14.105856867355753 5.115043515598036 14.112849364046177 5.1214282803507505 14.119206623702558 5.1284457927714335 14.12487164698802 5.136033133681677 14.129793641172972 5.144122274807679 16.817793641172972 10.07312227480768
4 0.0 0.0 2.799 4.42 6.465 4.089 9.307 3.314 2.0 round 2.0 1 17 -1.6896957489622149 1.070013212974036 1.109304251037785 5.490013212974036 1.2241568853001437 5.652829738480726 1.3546399747136617 5.803410321399565 1.4994584632451229 5.940260436322926 1.6571750147758229 6.0620218339345575 1.8262242787878042 6.167486021752418 2.0049284266041596 6.255606258521869 2.1915138039848583 6.325507943213844 2.384128534799643 6.376497295516278 2.580860901060004 6.408068241664165 2.779758316886808 6.419907437265778 2.978846708095303 6.411897377273057 6.644846708095303 6.0808973772730575 6.819386095356105 6.057352228494244 6.9911773627059155 6.018543309432532 9.833177362705916 5.243543309432532
5 0.0 0.0 8.823 1.764 10.336 3.273 11.962 6.186 17.748 7.966 0.5 bevel 4.0 1 6 -0.09802600757152607 0.49029674875486084 8.576860749201446 2.224684172414333 9.933456167719761 3.5776930861910285 11.52541004916063 6.429699025082326 11.814980291742694 6.663896647177961 17.600980291742694 8.443896647177962
6 0.0 0.0 5.796 -1.767 8.981 -5.624 9.981 -7.859 11.548 -11.031 20.646 -13.971 0.1 mitre 4.0 1 6 0.029161471223916872 0.09565358642547946 5.853946684566324 -1.6801220298574797 9.06674196777726 -5.5707818123832515 10.071501055421113 -7.816418373267266 11.618946233666083 -10.94883452220986 20.676749167575768 -13.875844922923696
2 0.0 0.0 3.976 4.165 -1.0 mitre 1.0 1 2 0.7233279444072689 -0.6905046595350062 4.699327944407269 3.474495340464994
3 0.0 0.0 6.524 6.45 8.858 7.203 0.5 round 5.0 1 8 -0.3515311047499069 0.35556417478889807 6.172468895250093 6.805564174788898 6.2072100787092195 6.836838655990558 6.244720060571555 6.864732100798629 6.284670997143519 6.889000715707529 6.3267137103675015 6.9094323888485025 6.370480739698144 6.92584854388384 8.704480739698145 7.6788485438838405
5 0.0 0.0 3.425 4.243 5.841 6.113 9.946 8.947 15.372 5.905 0.1 round 2.0 1 19 -0.07781238806085375 0.06281108392845253 3.347187611939146 4.305811083928453 3.3550154449784007 4.314429420118246 3.3637919234813043 4.322079525598486 5.779791923481305 6.192079525598486 5.784186423103031 6.195293483825709 9.88918642310303 9.029293483825708 9.89780700027539 9.034620972247195 9.906922502608651 9.039048624094166 9.916439317099169 9.042530968939063 9.926259709408551 9.04503224432484 9.936282827560962 9.046526763032814 9.946405737657441 9.046999176881378 9.956524480970847 9.046444634346425 9.966535141565442 9.044868830384791 9.976334913477004 9.042287947949058 9.985823156493925 9.038728491794318 9.994902429696808 9.034227016283653 15.420902429696808 5.992227016283654
4 0.0 0.0 1.333 1.656 7.499 2.829 12.867 7.598 -2.0 bevel 1.0 1 5 1.5579673284459248 -1.2540884352768222 2.4295954425685204 -0.1712556093300714 7.872770293902979 0.8642364601826309 8.827329998948207 1.3338279651176401 14.195329998948207 6.10282796511764
6 0.0 0.0 2.589 0.82 5.292 2.248 9.656 -1.033 13.518 -0.428 14.842 1.279 -1.0 mitre 10.0 1 6 0.3019419036675014 -0.9533263275550745 2.976638732849706 -0.10618403326020863 5.198161104613346 1.0674504272941674 9.393030239777609 -2.086391376664115 14.064907129618662 -1.3545204501095223 15.632174050531216 0.666117490976375
2 0.0 0.0 5.464 7.037 2.0 round 1.0 1 2 -1.5797071869968609 1.2265908867061033 3.8842928130031398 8.263590886706103
6 0.0 0.0 9.725 1.288 15.651 -6.503 19.736 -7.099 23.715 -7.616 27.445 -3.922 0.5 round 5.0 1 17 -0.06564782086562883 0.4956716288185095 9.659352179134371 1.7836716288185095 9.706993621083614 1.7876756651252086 9.754799694584452 1.7871111882162865 9.8023333107534 1.7819833590799572 9.849159871772693 1.7723390612384968 9.89485124439953 1.7582664720942072 9.938989674369981 1.7398942567272004 9.981171605908356 1.7173903915160813 10.021011371420363 1.6909606283371068 10.058144717635425 1.6608466133835904 10.092232135958742 1.627323677805101 10.12296196658383 1.590698320366549 15.925304411599459 -6.037727259977149 19.80430924005431 -6.603672640089534 23.53691978979052 -7.0886587306182145 27.093165175085815 -3.566736357084484
3 0.0 0.0 0.845 -1.859 4.566 -3.088 0.1 round 2.0 1 3 0.0910366477462605 0.04138029443011841 0.9179243601921165 -1.7777726729507648 4.597362367785883 -2.993045264010356
4 0.0 0.0 6.303 3.045 7.767 7.493 6.645 11.495 0.1 bevel 2.0 1 4 -0.043500073683860684 0.09004300966481903 6.221282286729405 3.116579942467991 7.662490358973958 7.495332336828492 6.548712599047731 11.468004881592092
3 0.0 0.0 2.916 -0.6 4.582 1.406 0.5 round 4.0 1 3 0.10076959382663207 0.48974022599743183 2.722986199098294 -0.049810515828013005 4.197355518585506 1.7254505015137322
5 0.0 0.0 5.338 2.134 14.765 4.258 20.634 3.909 28.443 5.368 4.0 bevel 5.0 1 7 -1.4848428816578467 3.7141946121319522 3.8531571183421534 5.848194612131952 4.458798834891505 6.036179559076166 13.885798834891506 8.160179559076166 15.002440507680406 8.250946531737242 20.381664653965505 7.9310710457850355 27.70836929476457 9.299961053587039
4 0.0 0.0 2.535 4.075 10.158 5.874 15.698 6.64 -2.0 bevel 2.0 1 4 1.698217050632283 -1.056436864626463 3.797394687013568 2.317980834881914 10.525468344990806 3.9057815053136404 15.97192823935581 4.65884798168252
5 0.0 0.0 3.873 0.623 7.123 -3.118 5.876 -12.64 8.85 -21.198 2.0 mitre 4.0 1 5 -0.317631315139127 1.974616506474862 4.653424821485481 2.774246760313522 9.222900391709244 -2.4855711191348147 7.920515195419708 -12.430488391844493 10.739178159600234 -20.541489618292697
6 0.0 0.0 4.301 -2.526 5.332 -11.459 -1.092 -18.346 -10.017 -20.523 -16.857 -18.702 2.0 bevel 1.0 1 10 1.012848441456951 1.7245689416889733 5.313848441456951 -0.8014310583110265 6.287811052377405 -2.296692690585346 7.318811052377405 -11.229692690585345 6.794520057172537 -12.823197596526263 0.3705200571725378 -19.710197596526264 -0.6180525572599662 -20.289032120558016 -9.543052557259966 -22.466032120558015 -10.53153386755787 -22.45568075458311 -17.371533867557872 -20.634680754583112
6 0.0 0.0 5.604 6.676 11.337 10.618 14.777 17.397 17.938 20.372 20.742 20.282 1.0 mitre 5.0 1 6 -0.7659217920885759 0.6429337511780077 4.925444667707775 7.4230127100645955 10.560516797184434 11.297677690772252 13.96434850477421 18.005403023839424 17.555036190552862 21.384806967272354 20.774080483592734 21.28148528882243
4 0.0 0.0 2.407 -0.065 10.373 -5.296 12.337 -4.769 -4.0 round 4.0 1 13 -0.1079789155525357 -3.998542303614668 1.1620935442118123 -4.0328400642647235 8.177402505839918 -8.639553744691113 8.49982788096338 -8.830292887193117 8.838683263534158 -8.990031964155266 9.190996477956304 -9.11736986876124 9.553677307010636 -9.21118969205231 9.923544596834251 -9.270668519583126 10.29735415952548 -9.29528464938655 10.671827228634363 -9.284822167937136 11.04367921794923 -9.239372843976462 11.409648531329687 -9.159335323589193 13.373648531329685 -8.632335323589192
2 0.0 0.0 3.872 0.597 -0.5 bevel 1.0 1 2 0.07619162231858939 -0.49416073972793656 3.948191622318589 0.10283926027206342
5 0.0 0.0 6.946 3.393 8.963 5.384 8.686 9.598 13.347 16.06 -4.0 bevel 1.0 1 7 1.7556618168603693 -3.594113462986185 8.70166181686037 -0.20111346298618527 9.756019920283066 0.5462846915063064 11.773019920283065 2.537284691506307 12.954386178741796 5.64636686556988 12.771749680291391 8.42481525715835 16.59114603802182 13.720017845369899
3 0.0 0.0 5.583 -2.499 13.28 3.602 -0.3 mitre 2.0 1 3 -0.12256466273086478 -0.27382093318384076 5.626645258133906 -2.8472179584822572 13.466352456433668 3.3668984007261176
3 0.0 0.0 2.858 4.315 2.905 11.201 -0.5 mitre 2.0 1 3 0.4168555731413764 -0.2761004004723184 3.356973365622961 4.1628808012624745 3.404988353739129 11.19758735802705
4 0.0 0.0 6.525 -4.485 14.205 -9.666 20.145 -7.642 1.0 mitre 2.0 1 4 0.5664484180125872 0.8240971967741654 7.08786006473452 -3.658436325915163 14.352551071179796 -8.559264985341333 19.822468837598255 -6.695441153820969
4 0.0 0.0 6.855 -4.655 11.952 -4.737 20.262 -4.896 0.1 mitre 4.0 1 4 0.0561781751298316 0.08272854790869939 6.886470580251967 -4.555493355204873 11.953760798377694 -4.637015387358357 20.263913007262854 -4.796018299658326
4 0.0 0.0 7.826 5.965 9.67 13.558 15.485 20.009 0.1 round 2.0 1 9 -0.06061932362531915 0.07953173959626951 7.737189726258644 6.02304451528728 9.572824587677335 13.581599560163703 9.57563527144817 13.591095286754154 9.579371378474292 13.600266451948917 9.583996269214854 13.609023115261968 9.58946458793673 13.61727940117612 9.595722707512603 13.624954341313627 15.410722707512603 20.07595434131363
2 0.0 0.0 5.101 -0.359 -1.0 mitre 1.0 1 2 -0.07020470602107927 -0.9975326056087058 5.030795293978921 -1.356532605608706
6 0.0 0.0 4.441 8.527 0.92 14.838 -8.222 17.259 -10.862 18.076 -11.891 24.975 -4.0 round 10.0 1 24 3.5476811943935918 -1.8476899477309654 7.988681194393592 6.679310052269034 8.153792896218578 7.038655648114703 8.282614105453217 7.412548985023168 8.37388566618176 7.797335462872114 8.426715449489157 8.189254007124509 8.440587073526682 8.584473831247468 8.415364950858299 8.97913188052725 8.351295613752676 9.369370591287815 8.24900530446692 9.751375596437548 8.109493854075634 10.1214130087933 7.934124909676355 10.475865917757954 4.413124909676355 16.786865917757954 4.200248642781751 17.12709782262106 3.9543496916791208 17.44428508582749 3.677903552677934 17.73523454247778 3.373693244549908 17.99701716703948 3.04478129152175 18.226997560223253 2.694478892450592 18.422860479885838 2.3263125865600074 18.58263414886994 1.9439887513169047 18.704710105138016 -7.118263231605742 21.10459109952171 -7.276789921819809 21.153650306303867 -7.934763819052648 25.565080740715295
4 0.0 0.0 2.326 -0.159 7.967 -1.711 12.04 2.651 -2.0 bevel 1.0 1 5 -0.13639708622151353 -1.9953435380581164 1.989164790365201 -2.140642049828231 7.4364566251045705 -3.6393474083667 9.428809606024384 -3.075958854960411 13.501809606024382 1.2860411450395888
3 0.0 0.0 4.019 -8.33 -0.636 -14.698 -0.1 bevel 1.0 1 3 -0.09006523309983376 -0.04345404223628234 3.902864766637641 -8.319419928728735 -0.7167302847543408 -14.638986263264533
6 0.0 0.0 3.971 7.127 7.77 9.629 13.163 8.548 17.989 10.568 19.077 18.707 4.0 mitre 5.0 1 6 -3.494221280181593 1.9468994953839072 0.95328610492265 9.929116854648058 6.943494080794174 13.874234084348126 12.748312583718844 12.710687115747799 14.32824964596148 13.371995210594488 15.112267308162673 19.23699498325581
2 0.0 0.0 3.099 4.873 4.0 round 4.0 1 2 -3.375273264401194 2.1465158724357276 -0.2762732644011936 7.019515872435727
2 0.0 0.0 3.58 2.836 0.1 bevel 4.0 1 2 -0.06209496734779882 0.07838504340801121 3.5179050326522012 2.914385043408011
2 0.0 0.0 2.31 4.346 1.0 mitre 1.0 1 2 -0.8830157347460771 0.46934338409190934 1.4269842652539229 4.81534338409191
4 0.0 0.0 4.691 -4.362 8.375 -8.058 8.258 -17.252 -2.0 bevel 10.0 1 4 -1.361919805299865 -1.4646414045533391 3.301284135844528 -5.800794802820626 6.364454624552491 -8.873943045563468 6.258161923536425 -17.226550679253183
2 0.0 0.0 5.946 5.402 2.0 bevel 10.0 1 2 -1.3448746388179775 1.4803081455778775 4.601125361182023 6.882308145577878
6 0.0 0.0 1.407 -2.038 9.375 -1.907 12.999 -6.253 17.377 -9.567 23.039 -8.644 0.1 bevel 10.0 1 7 0.0822932860676479 0.056813863345034646 1.458880132148141 -1.9371335370188918 9.37335614584558 -1.8070135121953022 9.451801844937302 -1.8429572282437225 13.068475781114936 -6.180171611971094 17.403195290854935 -9.461409724186344 23.022910719679093 -8.545302811292544
5 0.0 0.0 4.135 4.483 5.558 7.797 3.682 9.758 -1.247 13.003 2.0 bevel 5.0 1 5 -1.4701222556311668 1.3560016790173712 2.4324905118320457 5.587056826910378 3.19826004290249 7.370444195826366 2.3932360936987935 8.211943110745581 -2.346762033576692 11.332514002003231
6 0.0 0.0 9.33 1.288 17.362 3.299 21.833 5.002 22.006 14.216 20.002 22.82 -0.5 mitre 4.0 1 6 0.06837618332162636 -0.49530263229097354 9.425185296509296 0.7963983471072815 17.51223482255673 2.821181289946101 22.326572145139238 4.654958176628724 22.50707992100072 14.268823186962264 20.488965653755344 22.93342156789002
3 0.0 0.0 3.248 -5.291 6.924 -12.346 0.3 mitre 2.0 1 3 0.2556698888779631 0.15694874297403594 3.509182072313296 -5.143030617418927 7.190050724506166 -12.207374562255895
5 0.0 0.0 2.933 -3.128 7.236 -5.449 7.375 -9.189 3.45 -13.593 0.5 bevel 5.0 1 7 0.3647395101798924 0.34200159314502054 3.2420388482930314 -2.7265944960530364 7.4733669785784205 -5.008935325797955 7.735655033618818 -5.430429933242509 7.874655033618819 -9.17042993324251 7.748269448431337 -9.521670886715032 3.823269448431337 -13.925670886715032
6 0.0 0.0 5.94 -6.771 6.472 -12.5 7.324 -17.181 9.075 -21.895 10.374 -24.2 -0.5 round 2.0 1 11 -0.3758650724201346 -0.32973542020020674 5.457143057617856 -6.978775495703108 5.974141943107863 -12.546231538884031 5.980081867763535 -12.589535195185958 6.832081867763534 -17.270535195185957 6.841828489516564 -17.313327753997875 6.855290145793695 -17.355100754076208 8.606290145793693 -22.069100754076207 8.62144329552358 -22.10544314154776 8.639409199061015 -22.140480455713554 9.938409199061017 -24.445480455713554
4 0.0 0.0 4.305 2.854 8.105 8.197 5.61 15.273 0.1 mitre 10.0 1 4 -0.05525537861682325 0.08334772422754873 4.234269379394517 2.9270884116524885 7.993437917500785 8.21267722720559 5.5156908826827395 15.23974657324667
4 0.0 0.0 2.04 1.559 9.816 4.67 13.344 11.857 1.0 round 2.0 1 7 -0.6072043128960983 0.7945457333598722 1.4327956871039018 2.353545733359872 1.5072198211430257 2.40525367415281 1.586019499174131 2.4500116188186847 1.668547566007401 2.487451985447268 9.087692752634648 5.455682525004542 12.446324304518514 12.29765672097658
2 0.0 0.0 4.102 -4.161 2.0 mitre 2.0 1 2 1.4242751136077063 1.4040799125255496 5.526275113607706 -2.75692008747445
3 0.0 0.0 7.087 -1.523 9.008 -0.37 -0.1 mitre 10.0 1 3 -0.02101037481863971 -0.09776790961240948 7.104600967071954 -1.6290655071430111 9.059462702510494 -0.4557414150239909
3 0.0 0.0 5.506 4.158 12.408 1.821 -0.3 mitre 10.0 1 3 0.18079210233403056 -0.23940387576988267 5.560127331474455 3.8229419075148767 12.311786483366868 1.5368469440300068
3 0.0 0.0 8.48 1.833 15.858 6.013 0.5 mitre 2.0 1 3 -0.10563812338289044 0.4887131949192095 8.299855237147025 2.3056081630620553 15.611532395860861 6.4480330103680785
5 0.0 0.0 5.986 -3.518 9.301 -8.274 10.159 -12.135 8.752 -15.123 0.1 round 10.0 1 20 0.050668020278425395 0.08621340801212463 6.036668020278425 -3.4317865919878754 6.045640633576941 -3.4377317321319247 6.053922295340195 -3.444606800071673 6.061417060462197 -3.452332146439514 6.068038100229754 -3.4608182711813216 9.383038100229754 -8.216818271181321 9.388215477396885 -8.225076994139428 9.392564205144495 -8.23380054308505 9.39604296545391 -8.242906034062427 9.398618706018395 -8.252306954218133 10.256618706018395 -12.113306954218134 10.258225226194593 -12.122576051890325 10.258953632105305 -12.13195509787392 10.258797477571008 -12.141361090351834 10.257758144513714 -12.150710789038378 10.255844830727364 -12.159921451831472 10.253074468480035 -12.168911567056082 10.24947157466832 -12.177601574818716 8.84247157466832 -15.165601574818716
3 0.0 0.0 1.226 2.459 8.702 8.961 1.0 mitre 2.0 1 3 -0.8949361308591782 0.44619426451132677 0.4197615974537974 3.08309615188621 8.045756318887564 9.715549024914884
2 0.0 0.0 4.04 4.796 0.5 bevel 5.0 1 2 -0.3824059705435972 0.32212679753880996 3.6575940294564027 5.11812679753881
5 0.0 0.0 6.864 -5.305 12.481 -7.251 14.725 -9.595 24.322 -8.922 -4.0 mitre 4.0 1 5 -2.446078696868184 -3.1649169039214358 4.9359385678495675 -8.870278440828146 10.259274788797319 -10.714539129089554 13.133122933220395 -13.71645537264022 24.60181714425998 -12.912200792664223
2 0.0 0.0 4.506 -2.198 -4.0 bevel 4.0 1 2 -1.7536630896323566 -3.595089118236306 2.7523369103676436 -5.793089118236306
5 0.0 0.0 8.672 -3.081 14.353 -4.33 18.287 1.514 20.397 4.625 -4.0 round 4.0 1 18 -1.3391211454833933 -3.769184866482307 7.332878854516608 -6.850184866482307 7.813090740465964 -6.987696159658016 13.494090740465962 -8.236696159658017 13.88665189194712 -8.302721918548478 14.283831745136501 -8.329401924353082 14.681696639245697 -8.31647193886381 15.07630612885564 -8.264060020380963 15.463752010003947 -8.172685255426495 15.840197026953534 -8.043252617722173 16.201912876291534 -7.877044005349155 16.545317131966712 -7.675705544856758 16.86700872556063 -7.441231288060244 17.16380163039666 -7.175943462994211 17.43275641588017 -6.882469474615697 17.671209359556418 -6.563715883041572 21.601322256758284 -0.7254902167355908 23.707415080622795 2.379749013142367
4 0.0 0.0 8.556 1.145 9.938 -0.85 10.67 -4.097 -1.0 mitre 1.0 1 4 0.1326417522634214 -0.9911640457343524 8.082317621954466 0.07269510232505007 9.005244534108831 -1.2596053244100864 9.694482014922603 -4.31691966894877
6 0.0 0.0 2.871 0.102 9.305 -7.12 12.841 -11.015 19.616 -15.705 20.724 -19.773 2.0 round 5.0 1 22 -0.07101058015911316 1.9987389768315087 2.799989419840887 2.100738976831509 2.9951281248855035 2.098144335616142 3.189084948756488 2.0765434827763563 3.3800131390047734 2.0361420900028278 3.566094780200007 1.9773248376051291 3.745558103142501 1.9006517517929342 3.9166943546956183 1.8068528724079727 4.077874067613131 1.6968213018777172 4.227562575449023 1.5716047015749213 4.364334624825116 1.4323953165500962 10.792104298218048 -5.782611301610263 14.167775830608702 -9.501005141729495 20.75435684961952 -14.060571928321483 20.912701823082905 -14.182316716446433 21.05811384135727 -14.31924833806133 21.18914260408611 -14.470001074004852 21.30448126563486 -14.633071357039048 21.402979469217684 -14.806832768024528 21.483654820246677 -14.98955225738748 21.5457026844712 -15.179407430089949 22.6537026844712 -19.24740743008995
2 0.0 0.0 2.558 1.389 2.0 bevel 5.0 1 2 -0.9543808384414895 1.7575998450203958 1.6036191615585103 3.146599845020396
5 0.0 0.0 4.533 2.765 4.358 6.254 2.724 14.025 -2.005 22.4 0.1 round 4.0 1 5 -0.0520741358224419 0.08537144943331976 4.430145859375122 2.819397102802228 4.258519943488328 6.241127505825211 2.6293211953722953 13.98929364512123 -2.092077189728038 22.350831279973264
4 0.0 0.0 3.279 0.56 7.615 3.275 10.909 3.106 0.1 mitre 4.0 1 4 -0.016834633406172098 0.09857279096221126 3.2426821249116276 0.6552453693879411 7.5886450365638645 3.3764836777679736 10.914123801259551 3.205868647035256
4 0.0 0.0 6.361 -0.75 14.59 -6.092 24.464 -5.943 1.0 mitre 2.0 1 4 0.11709488272939425 0.993120732055569 6.709803060807322 0.21580095001525376 14.879223195487096 -5.087521733112631 24.448911582100653 -4.943113836656744
5 0.0 0.0 5.599 3.893 7.782 10.622 5.522 15.352 5.23 19.83 -1.0 round 4.0 1 20 0.5708711311773476 -0.8210396772314331 6.169871131177348 3.071960322768567 6.243489813857538 3.1283871045856757 6.311563504588193 3.19139238036564 6.3735065182910375 3.260434072112087 6.428785916345588 3.3349181663640057 6.476926091828979 3.4142038249046935 6.5175128614915065 3.4976088983364884 6.550197029261801 3.584415795084186 8.7331970292618 10.313415795084186 8.75816409653222 10.404966231564224 8.774340965357192 10.498471021723821 8.781581965671915 10.59308817018124 8.779821893449798 10.687965664949724 8.769076597854076 10.782249149666463 8.749442838518682 10.875089616932256 8.721097414243534 10.965651053484647 8.684295570950178 11.053117968360972 6.507345799478728 15.609300454670688 6.227880735116503 19.895069489650293
2 0.0 0.0 4.674 7.388 -2.0 bevel 1.0 1 2 1.6901618909540437 -1.069276756675582 6.364161890954044 6.318723243324418
3 0.0 0.0 8.953 -1.248 16.317 -5.585 -0.3 bevel 1.0 1 3 -0.041417927886135575 -0.29712717016391965 8.85231749162621 -1.5368660067049011 16.164757450762465 -5.843499915283655
6 0.0 0.0 4.895 -1.925 11.1 -7.967 16.15 -9.166 18.986 -5.577 22.555 -6.075 -0.5 mitre 5.0 1 6 -0.18298793245579845 -0.4653121711018874 4.618316191919113 -2.3534654784403357 10.850128733086974 -8.421573677269702 16.34466043167928 -9.726116945905776 19.200667548890635 -6.111797642777587 22.48590198404427 -6.570202447682745
3 0.0 0.0 4.489 -5.423 9.94 -10.366 0.3 mitre 1.0 1 3 0.23109736372226103 0.19129560496943201 4.706416821564355 -5.21517742240363 10.141523672486521 -10.14376541802063
4 0.0 0.0 7.125 -3.056 9.128 -3.392 14.657 -4.224 0.1 bevel 1.0 1 4 0.03941839277612359 0.09190315724145307 7.153384378683799 -2.9593642186089126 9.14371315584311 -3.293238641537284 14.671880396223752 -4.125113328460181
4 0.0 0.0 6.816 3.859 10.736 5.863 15.651 14.026 2.0 bevel 2.0 1 5 -0.9853679256072787 1.7404166314950018 5.830632074392721 5.599416631495002 5.905617800198956 5.639787536536971 9.317165348523107 7.3838541913435005 13.937608952586857 15.057644860717334
2 0.0 0.0 2.042 -1.851 0.3 round 10.0 1 2 0.2014819734547923 0.2222723877875126 2.243481973454792 -1.6287276122124874
4 0.0 0.0 4.936 0.116 10.765 -4.36 14.417 -7.111 0.5 mitre 10.0 1 4 -0.011747161725409721 0.4998619851432964 5.100607451040791 0.6200064614562784 11.067686023775737 -3.962021963927428 14.717839195148045 -6.71163077401648
5 0.0 0.0 7.097 -1.396 13.364 5.175 10.996 12.58 9.163 14.64 -2.0 round 5.0 1 30 -0.38600880793141934 -1.9623957807229826 6.710991192068581 -3.3583957807229825 6.909488718515666 -3.3871904779091584 7.1098721585488995 -3.3959585764545954 7.310126135551971 -3.384611890325682 7.508236574996027 -3.3532645399601804 7.7022109611969585 -3.3022318044894368 7.890098377242429 -3.2320269507867865 8.070009126535089 -3.143356071234316 8.240133738606282 -3.037110982127663 8.398761168047418 -2.914360254143865 8.54429600352137 -2.776338465084223 14.811296003521372 3.7946615349157766 14.938649770254653 3.9419233190766403 15.05108175620731 4.100870050751556 15.147526527351527 4.2699955103794185 15.227070148563675 4.447697022190248 15.288958844305442 4.632290641567459 15.332606141592105 4.822027112534339 15.357598427559342 5.0151084441475415 15.36369886896369 5.209704948715502 15.350849656474448 5.403972580383266 15.319172552489576 5.596070409778935 15.268967737284303 5.784178069127512 12.900967737284303 13.189178069127513 12.827103444167166 13.38440050768205 12.733294893961315 13.57086146933663 12.620563843164657 13.746530033681978 12.490138150894676 13.909492830383467 10.657138150894676 15.969492830383466
3 0.0 0.0 7.565 -5.386 7.76 -9.105 -0.1 mitre 4.0 1 3 -0.05799845899506615 -0.08146274457810534 7.467665565198483 -5.439456985728992 7.660137180538475 -9.110236152136327
4 0.0 0.0 7.179 -4.941 5.215 -13.397 1.767 -19.497 0.5 mitre 1.0 1 6 0.28347620994689654 0.4118752704328618 7.589456655821325 -4.616519963313558 7.700910461037124 -4.903967160842353 5.693926718626663 -13.545033620018962 5.667913817910224 -13.61183441999923 2.2022761032836886 -19.74303803346265
3 0.0 0.0 6.508 -3.856 7.309 -13.632 -1.0 mitre 4.0 1 3 -0.5097444111795091 -0.8603258889928023 5.553551025146632 -4.452837751696182 6.312339893783668 -13.713661696509746
4 0.0 0.0 5.764 0.097 13.055 1.307 17.875 5.167 0.3 mitre 4.0 1 4 -0.005047862646325868 0.2999575287981681 5.73677015256905 0.3965842372429793 12.928612634294307 1.590128250805942 17.68747301673232 5.401165818484515
3 0.0 0.0 4.867 -7.819 6.284 -12.525 -0.5 mitre 4.0 1 3 -0.4244833804954611 -0.2642231248077004 4.4073949606524225 -8.0267989927829 5.8052327064300036 -12.669159212704779
2 0.0 0.0 -1.225 -0.899 -4.0 round 5.0 1 2 -2.366595753195467 3.22478286725745 -3.591595753195467 2.32578286725745
3 0.0 0.0 2.638 3.429 2.204 6.724 -0.1 round 1.0 1 11 0.07925896171271576 -0.06097554418143604 2.717258961712716 3.368024455818564 2.722862651029236 3.376100751798441 2.7276463304488487 3.3846882020557074 2.7315637762863396 3.3937038278698695 2.734577135088883 3.403060513150341 2.736657289405975 3.4126678462208524 2.7377841391452136 3.4224329934484077 2.737946795795254 3.4322615962750995 2.7371436876391964 3.44205868298495 2.3031436876391966 6.737058682984951
5 0.0 0.0 -2.491 -4.721 -4.052 -9.187 -5.087 -5.928 -3.476 -4.17 -0.3 mitre 2.0 1 5 -0.2653302465342561 0.13999950097793518 -2.766797877356758 -4.600838991640703 -4.038369578538957 -8.238788522377218 -4.748518858674611 -6.002675958162629 -3.25482242626118 -4.372683203238474
6 0.0 0.0 -0.837 0.485 -1.333 0.535 -2.373 -5.109 -2.009 -5.141 -6.664 -2.812 1.0 mitre 4.0 2 3 -0.5013622266046464 -0.8652374920991526 -0.5671564158468643 -0.8271130216302449 -1.2280191004038172 -4.413563975129708 2 -3.4673275908989827 -5.529544414978944 -7.11144412291444 -3.706311890153165
2 0.0 0.0 -0.479 -0.848 1.0 round 10.0 1 2 0.8706966684102019 -0.4918204058590645 0.3916966684102019 -1.3398204058590646
6 0.0 0.0 -4.499 3.5 -5.157 1.732 -5.22 3.723 -5.635 3.683 -3.063 2.598 1.0 mitre 5.0 2 5 -0.6140256288870359 -0.7892860869607927 -4.037219147513202 1.8737895554467603 -5.9286085428132695 -3.208241524933967 -6.001557468204879 -3.1962947102343295 -6.192331583882196 2.8327729772821697 2 -3.1570948036893762 3.7230317002120588 -2.674318501380953 3.5193721792149204
2 0.0 0.0 -3.524 2.634 2.0 bevel 5.0 1 2 -1.1973799767494393 -1.6019616697285588 -4.721379976749439 1.032038330271441
5 0.0 0.0 -0.275 0.06 4.54 -2.855 4.089 -3.082 7.339 -3.941 4.0 bevel 10.0 1 4 2.7308321961755766 2.916180690440232 6.611552886767406 0.5667931903207752 6.604665293252762 0.3904489980588157 8.361131122179097 -0.07379843180202172
6 0.0 0.0 -2.622 1.22 -5.271 -2.824 -3.784 -2.629 0.376 -4.584 0.875 -2.172 0.3 bevel 10.0 1 7 -0.12655889170853388 -0.2719978803768654 -2.5132555503967486 0.8385169646268043 -4.661844740395011 -2.441548978881303 -3.82300698721062 -2.3315467180400415 -3.6564023498288862 -2.357487864597528 0.15929317026997797 -4.150681312143989 0.5812210408876428 -2.111222346352792
7 0.0 0.0 -1.022 0.212 -2.684 2.365 -4.452 -1.249 -5.703 0.394 -6.308 -0.949 -5.961 -0.829 0.3 round 4.0 1 34 -0.0609337419575891 -0.29374662396535883 -1.082933741957589 -0.08174662396535884 -1.1123172833928483 -0.07408178606918672 -1.14077543168729 -0.06348574704963941 -1.168016603942904 -0.05006707418708875 -1.1937616864285623 -0.03396325553874155 -1.2177468943862753 -0.015339291232572494 -1.2397264747764103 0.005613997128106757 -1.2594752242694722 0.02868192162756031 -2.626586751540632 1.7996753742237142 -4.1825186996733805 -1.3808325785770512 -4.196544585963575 -1.4062975887910514 -4.212969460380647 -1.4302854134487402 -4.231639076521712 -1.4525707822940128 -4.252378107558705 -1.4729444128755083 -4.2749917927369605 -1.4912149759233002 -4.299267766378295 -1.5072108921268137 -4.324978052212354 -1.5207819434403849 -4.351881204307419 -1.531800683784653 -4.379724574495139 -1.5401636358958504 -4.408246684995744 -1.5457922630833534 -4.437179683962356 -1.5486337067696898 -4.466251860884326 -1.5486612828867519 -4.495190198227377 -1.5458747324665403 -4.523722935348034 -1.5403002240731403 -4.551582120604567 -1.5319901080530864 -4.578506127697503 -1.5210224249119604 -4.604242112608688 -1.507500172434069 -4.6285483880657345 -1.491550338427698 -4.651196693233184 -1.4733227081794547 -4.671974337315676 -1.4529884578169292 -4.69068619694248 -1.4307385467894354 -5.6364348106163416 -0.1886402476158501 -5.808606740743749 -0.5708334743284269
4 0.0 0.0 -1.137 -1.992 -1.099 -2.706 1.985 0.97 -4.0 round 2.0 1 34 -3.4739380342875616 1.9828652334261836 -4.610938034287562 -0.0091347665738164 -4.783864176462929 -0.34871619054061176 -4.92369069691885 -0.7032123658770493 -5.029148503989308 -1.0694058189573314 -5.099280442882545 -1.4439729094739002 -5.133449982997066 -1.8235139964188243 -5.131346995192492 -2.2045842938617857 -5.0933469951924915 -2.9185842938617856 -5.052413328993524 -3.3147060457530744 -4.972294416414827 -3.7047944552157497 -4.853784376124957 -4.084983063278124 -4.698057850070196 -4.451503535329591 -4.506658360716705 -4.80072301191292 -4.281483012041005 -5.129180116720672 -4.024763685908773 -5.43361926489338 -3.739044920218727 -5.711022931564299 -3.4271586880779488 -5.958641560812867 -3.0921963279911253 -6.174020818576886 -2.737477903284725 -6.355025919399271 -2.366519294467775 -6.499862785888798 -1.9829973507016234 -6.607095831167507 -1.590713445788573 -6.675662188049598 -1.1935557999033506 -6.704882243915747 -0.7954609405249999 -6.694466376863798 -0.4003746845588372 -6.64451782636879 -0.012213028383925684 -6.555531669999035 0.36517666652583336 -6.4283899163308105 0.728053807688557 -6.264352762699441 1.0728216474336307 -6.065046104437787 1.3960629329670853 -5.832445419407428 1.6945737773285472 -5.568856187555063 1.9653954155192908 -5.276891039570591 5.049395415519291 -1.6008910395705909
8 0.0 0.0 0.42 -1.121 4.802 -4.602 4.85 -5.019 2.082 -2.022 4.103 -1.001 4.558 -1.353 9.186 -0.595 -0.3 round 1.0 2 9 -0.2809296378519786 -0.10525463684017042 0.13907036214802138 -1.2262546368401703 0.14968940478610354 -1.2511237184955495 0.16250467682632397 -1.2749355662076964 0.1774120562780928 -1.2974967126061467 0.19429042312006992 -1.318623852064175 0.2130026433805401 -1.3381453300270492 0.23339668332851735 -1.3559025376772298 3.3313534368561046 -3.8168763987063343 13 3.7407574074571492 -3.375825985833703 2.5721187091810522 -2.1105043894704574 4.069230632452872 -1.354170260989246 4.374432199303787 -1.5902822423772067 4.399699865048291 -1.607835372886636 4.4266324389588965 -1.6227082940995918 4.45494665998689 -1.6347445813359012 4.484344735727857 -1.6438176439712708 4.514517474427897 -1.6498320568433795 4.545147536881511 -1.6527245638778842 4.575912774019639 -1.6524647433787845 4.606489615085004 -1.649055327986017 9.234489615085005 -0.8910553279860169
8 0.0 0.0 3.296 0.502 3.099 0.82 -0.391 4.414 -0.071 4.563 -4.248 1.545 -7.115 -2.227 -9.83 -1.667 0.5 round 5.0 2 17 -0.07528472627840001 0.49429971676017215 2.358387797779802 0.8649622189073861 -0.4016455420017979 3.70724297053348 -3.89491708384337 1.1832560149965248 -6.716933138431383 -2.5295603637638457 -6.7498807957265505 -2.56859620412224 -6.786639340834436 -2.604066675154881 -6.826825110858305 -2.6356015580833874 -6.870018671653264 -2.6628717113572162 -6.9157691956197365 -2.6855925060290375 -6.9635991671623545 -2.703526796535166 -7.013009366701593 -2.716487395873877 -7.063484081218128 -2.7243390293472447 -7.114496486945503 -2.7269997464745397 -7.165514148029871 -2.7244417763405244 -7.2160045737652245 -2.716691817451043 -9.931004573765223 -2.1566918174510428 36 -0.8466043398270444 4.61946037077381 -0.8448746144476957 4.623756607428599 -0.8215896105283516 4.668150717695312 -0.7939762708706141 4.709990076041771 -0.7623121679053422 4.748854108479252 -0.7269155927968781 4.784352149333471 -0.6881423559440624 4.8161273682603705 -0.6463822103336365 4.843860357145324 -0.6020549336988912 4.8672723408298335 -0.2820549336988912 5.016272340829833 -0.23650898917984148 5.034812223771986 -0.189362135578753 5.048788436318977 -0.14107040749829958 5.058065791580293 -0.09210091350131167 5.062554553026404 -0.04292731793720676 5.06221130247802 0.00597474064335296 5.057039360074568 0.05413225016954333 5.04708875215967 0.1010794003264628 5.032455727394272 0.14636208817121749 5.013281825777865 0.1895423105077932 4.98975250958285 0.23020240053485452 4.962095369444499 0.26794906778689 4.930577922958382 0.3024172022918074 4.895505027078628 0.3332734061487237 4.857215929345964 0.36021921836626575 4.816080986467942 0.38299400176867826 4.772498081991366 0.4013774640457304 4.726888777717465 0.41519178856121114 4.679694236085809 0.4243033543094661 4.631370952968285 0.4286240283834534 4.582386342148279 0.4281120184527393 4.533214214194813 0.4227722770057186 4.484330193462879 0.4126564534459715 4.436207117549664 0.3978623945061095 4.389310463706079 0.3785331978114303 4.344093846442295 0.3768353832734166 4.341003364844686
5 0.0 0.0 -3.622 -2.998 -4.279 -3.145 -4.872 -3.193 -3.151 0.627 -0.3 mitre 2.0 1 5 -0.19128859518790234 0.23110316603421688 -3.757798519805158 -2.7209666169593048 -4.324072379266986 -2.8476671608571564 -4.389775259583731 -2.852985437847382 -2.8774771648483473 0.5037715185089021
5 0.0 0.0 -0.787 1.501 -1.497 -0.325 -2.664 -0.13 -2.986 3.547 -0.3 round 5.0 1 28 0.2656940053590856 0.139307916200933 -0.5213059946409144 1.6403079162009329 -0.5364536903229464 1.6660046869249776 -0.5540783890178345 1.6900701540102845 -0.5740058457653389 1.7122663964331795 -0.5960390495998389 1.7323739730874395 -0.6199601712810987 1.750194092268577 -0.6455327168429856 1.7655505770097148 -0.6725038656692836 1.778291606838942 -0.700606969981428 1.788291218738426 -0.729564191027208 1.795450552466184 -0.7590892459079978 1.7996988279287613 -0.7888902378882644 1.800994044942105 -0.8186725422057581 1.7993233984625148 -0.8481417188520858 1.7947034051825284 -0.8770064235267326 1.7871797402401617 -0.9049812879856545 1.7768267856558642 -0.9317897413081369 1.7637468949615251 -0.9571667441897281 1.7480693812917083 -0.9808614092289093 1.729949238941258 -1.002639481302281 1.7095656110284798 -1.0222856535062637 1.6871200184132014 -1.0396056957689668 1.6628343673793553 -1.0544283750879058 1.6369487557789415 -1.0666071484093078 1.6097190993267296 -1.6881925054382103 0.0111066177284539 -2.385411012467929 0.12760842481568196 -2.687143738152502 3.573171258176474
2 0.0 0.0 -1.014 0.431 0.3 mitre 1.0 1 2 -0.1173537232841475 -0.2760943745014514 -1.1313537232841475 0.15490562549854858
3 0.0 0.0 -3.943 1.817 -1.797 -0.601 2.0 mitre 10.0 0
3 0.0 0.0 0.187 -2.295 3.774 -2.307 -0.5 mitre 5.0 1 3 -0.4983484114682292 -0.040606166860374236 -0.27404176842780403 -2.7934604223565014 3.772327302362727 -2.8069972020747858
6 0.0 0.0 4.635 3.438 5.625 3.891 5.358 6.014 4.852 5.548 0.257 6.157 1.0 round 2.0 1 7 -0.595749578514768 0.8031702432856165 4.039250421485232 4.241170243285617 4.126305875547729 4.298947319960831 4.218914663334615 4.347325570195875 4.541186718288565 4.494789449886925 4.530231073874414 4.5819011843110555 0.1256135544429369 5.165668772849417
4 0.0 0.0 -1.631 -3.008 -0.837 -0.282 -0.558 -1.753 -2.0 bevel 2.0 1 2 -1.7581757986765203 0.9533193908382329 -2.1407829223187056 0.2476895760523998
4 0.0 0.0 -1.61 1.146 -1.791 2.185 1.951 -0.62 -0.3 bevel 1.0 1 4 0.17396914207577815 0.24440690989703567 -1.3356063676778045 1.3189246329887159 -1.3656189631910183 1.4912068801612524 1.7710615891252104 -0.8600461794985609
7 0.0 0.0 1.004 4.006 -0.454 5.42 1.141 3.097 0.992 -1.36 2.373 -3.638 1.619 -1.186 -0.1 mitre 2.0 2 7 0.0969999899458242 -0.024310531678883546 0.9168253492351788 3.2468253142505534 1.0399576718241068 3.0674921572762086 0.891061674535628 -1.3863968354402323 2.3855360593970016 -3.8515761610841195 2.524173705100471 -3.789388375560446 1.71458295653539 -1.1566078510490685 5 0.9816999099303687 3.5056773960682137 1.1150208674456812 4.037633328146243 -0.5214982818039741 5.6247650682278705 -0.6445559606450619 5.520862168703091 0.7657753498249448 3.4668185108837655
4 0.0 0.0 -0.812 -5.545 -1.556 -1.456 -1.105 -1.598 -1.0 mitre 2.0 1 2 -0.9894473415681663 0.1448929199915872 -1.0917587529888861 -0.5537730607077874
8 0.0 0.0 0.55 -0.03 0.292 4.917 1.349 1.806 -0.932 0.381 -6.484 0.142 -6.533 1.232 -8.646 -0.665 0.5 mitre 5.0 2 5 -0.03217837361524674 1.5326931846465244 -0.3351619904988881 7.342227885124716 -0.02422629145081512 7.401967482625938 1.9498445417505066 1.591811983960554 0.9971377993911191 0.9966313141393671 5 -0.4954156065917002 0.0641943989593945 -0.7788429359188594 -0.11287002203631 -6.96108384680205 -0.3790003494320382 -6.985054256651015 0.15421897169798543 -8.311975113170556 -1.0370582951347491
4 0.0 0.0 1.09 -3.684 2.662 -8.0 2.566 -6.834 0.5 round 1.0 1 3 0.47945416363213045 0.14185804515717215 1.5650818097422863 -3.5273642009619235 2.5876798916827704 -6.334955372498265
3 0.0 0.0 2.232 5.449 6.045 0.865 0.3 round 2.0 1 24 -0.2776129308888015 0.11371482138810884 1.9543870691111986 5.562714821388108 1.9668519217776845 5.589344207629003 1.9818636595051526 5.614625514833451 1.9992780867527045 5.638315902909708 2.018927928898175 5.660187813370892 2.0406244389977948 5.680031155152483 2.0641592107986546 5.697655322646167 2.0893061805890545 5.712891026565733 2.115823798657914 5.725591920058636 2.1434573495052547 5.735636004443554 2.1719413985169305 5.742926801071113 2.2010023416020092 5.747394278051442 2.2303610333022337 5.748995522946866 2.2597354681291892 5.747715154968165 2.288843489373549 5.743565472715047 2.317405499366875 5.736586336041709 2.345147145162498 5.726844783182223 2.3718019538381263 5.714434386813469 2.397113892106722 5.69947435524095 2.4208398256492543 5.6821083873410805 2.4427518545461666 5.662503292258811 2.462639502374521 5.64084738711912 6.275639502374521 1.0568473871191202
6 0.0 0.0 0.081 -0.823 -0.252 0.423 -3.715 -2.754 -3.111 -2.749 -1.566 1.943 -4.0 round 10.0 2 7 3.296751490391791 2.261536710362603 3.1490885408816913 2.528373301123401 2.9274670403316625 2.8501360364521435 2.6755119641753433 3.1487427794291643 2.3956270795394348 3.4213446846034037 2.090482616749166 3.665341004618111 2.020190211699944 3.711072399280132 39 -6.324895074253582 0.2799395384525516 -6.419093109438443 0.19352106955786308 -6.689974039973837 -0.08013959573770046 -6.9332868830210455 -0.3785780293651655 -7.1467769399998495 -0.6990287023694783 -7.328465870094642 -1.0385221057497798 -7.476670022875812 -1.393912267904202 -7.5900160401240635 -1.7619059072944636 -7.6674535822808165 -2.139092950182275 -7.708265061592914 -2.5219781306399276 -7.712072291757859 -2.907013380008346 -7.67883999244955 -3.2906307056603756 -7.608876116249238 -3.669275254392768 -7.502828994952155 -4.03943825405958 -7.361681331694028 -4.3976895281878114 -7.186741094570433 -4.740709282273301 -6.9796293961347615 -5.065318867203913 -6.742265471091452 -5.368510234735647 -6.476848891391114 -5.647473812067715 -6.185839183534375 -5.899624537212155 -5.871933036964004 -6.1226258138970024 -5.538039314747528 -6.314411164020928 -5.187252098117972 -6.473203377013313 -4.822822014659923 -6.597530978649037 -4.448126115833032 -6.686241866707028 -4.066636582967793 -6.738513987115459 -3.681888551724741 -6.753862951651358 -3.077888551724741 -6.748862951651358 -2.695740271079008 -6.727386526914707 -2.317394174569235 -6.669483362270825 -1.9463144592409436 -6.57568362830621 -1.5858987899976464 -6.446846170306353 -1.2394471900405084 -6.284150644531676 -0.9101318253309572 -6.089086717097171 -0.6009679597345263 -5.863440424352461 -0.31478634678524386 -5.609277819648886 -0.054207310855970636 -5.328926056226344 0.17838324494838975 -5.0249520794280365 0.3105624816911044 -4.812905794437237
4 0.0 0.0 4.405 2.178 3.411 3.586 3.814 4.066 4.0 mitre 10.0 1 4 -1.7728822828275907 3.58565034704111 -1.5595606315551065 3.6911247071935436 -1.634494985888182 3.797269144719671 0.7505519931997213 6.638019889042734
2 0.0 0.0 4.355 4.09 2.0 round 5.0 1 2 -1.3691623040226568 1.4578733090510199 2.9858376959773434 5.5478733090510195
6 0.0 0.0 0.813 1.48 1.269 1.144 5.264 1.025 4.989 0.186 2.517 -5.258 4.0 mitre 2.0 1 6 -3.505863435137891 1.9258560626804764 -0.4928483751095985 7.4108035274306285 2.636397829711984 5.1050431659831474 10.73167058324492 4.863907381835358 8.721746328863764 -1.2681887978947404 6.159107155732216 -6.911800310244313
6 0.0 0.0 0.615 0.282 0.542 -0.438 -1.283 3.149 2.106 4.949 2.254 6.982 0.1 mitre 4.0 2 5 -0.04168073859753424 0.09089948311164382 0.12242231150178137 0.1661467353523056 -1.4166830606825003 3.191226718927658 2.0102771792439733 5.011388545976243 2.1542639347928576 6.989260667806521 4 0.3043720894960283 0.2495773652618627 0.7321111871655792 0.4457113905347299 0.6071674945397412 -0.7866099613913448 0.2131903798358055 -0.012256037860924315
7 0.0 0.0 -0.219 5.867 1.207 9.341 -1.038 8.186 -5.151 9.728 -4.631 9.128 -5.805 11.811 1.0 mitre 1.0 2 7 -0.9993040588630036 -0.0373014468878469 -1.222299450628884 5.936734916082107 -1.1847700757323105 6.147643736743235 -0.7485624973910487 7.210326154104766 -0.7686197570429214 7.200007163058925 -1.1909750839069577 7.175383250931203 -4.114525075462852 8.271447945066674 2 -6.133376880045738 10.066897549781167 -6.7211338230516695 11.410127428899493
4 0.0 0.0 -1.361 -0.879 -1.623 -1.182 -0.838 -0.806 -4.0 round 1.0 1 35 -2.1701380215893877 3.360134069832943 -3.5311380215893875 2.481134069832943 -3.839443157129785 2.260636844744395 -4.125493254406284 2.0119474305739544 -4.386719742966921 1.7372989196611668 -4.648719742966922 1.4342989196611668 -4.8890715102944915 1.1272806000230151 -5.098389633478298 0.7983198972669998 -5.274685208072355 0.4505425388471709 -5.416283104151051 0.08725304481106777 -5.521837883102724 -0.2880966711757519 -5.5903465817536215 -0.6719401013137225 -5.621158242349763 -1.0606300320068516 -5.613980097844435 -1.4504731990527588 -5.568880353719819 -1.837765380397563 -5.486287539910339 -2.2188265930103848 -5.3669864389856725 -2.5900360594428626 -5.212110629283092 -2.9478666118274974 -5.023131713843022 -3.288918206414029 -4.8018453374925745 -3.6099502301945403 -4.550354124940325 -3.9079122926453196 -4.271047702001582 -4.179973210007745 -3.9665799897889773 -4.423547906704558 -3.639843987615075 -4.636321978278939 -3.29394428421545 -4.816273682463625 -2.9321675584858014 -4.961693149424742 -2.5579513500300193 -5.071198628647943 -2.1748513962560168 -5.1437496180917694 -1.7865078463765187 -5.178656750857311 -1.396610673343584 -5.17558834543272 -1.0088646123666063 -5.134573557273335 -0.6269539591618825 -5.0560021017715915 -0.25450756241472106 -4.940620551249076 0.10493565691038964 -4.789525241156001 0.8899356569103897 -4.413525241156001
6 0.0 0.0 5.267 -0.326 9.54 -3.006 7.145 -5.105 9.727 -5.237 11.784 -10.079 4.0 round 1.0 1 22 0.24710639121398043 3.9923600077424384 5.514106391213981 3.6663600077424383 5.910147550630661 3.6219565889353165 6.299804656078893 3.5383647010060733 6.679209867297242 3.416414099309202 7.044597107058246 3.2573152980135807 7.392339444254526 3.0626475542162632 11.665339444254524 0.3826475542162635 11.986662844125318 0.15846534618039465 12.284512595244518 -0.09607721502026889 12.556031082614085 -0.37853801003597676 12.798613317313137 -0.6862070678119858 13.009931929150735 -1.0161325654556128 13.18795949580309 -1.3651491484659388 13.330987994206168 -1.72990829961766 13.437645187584046 -2.106910465135469 13.50690779089351 -2.4925386299356544 13.53811128837359 -2.883093019809042 13.530956309009014 -3.2748265976073405 13.485511498740449 -3.663981012877189 13.458151531055671 -3.7897277896259878 15.465556282856943 -8.51498486703083
2 0.0 0.0 -0.174 3.644 -0.1 round 2.0 1 2 0.09988619276190931 0.004769538293241553 -0.07411380723809068 3.6487695382932417
6 0.0 0.0 0.348 -0.106 -3.012 -4.014 -8.643 -5.976 -12.204 -10.474 -12.0 -11.675 -0.1 mitre 4.0 1 6 -0.029138037648806646 -0.09566072737532746 0.1722655619080117 -0.15700780080355375 -3.070295977106688 -3.9284156860623174 -8.703357559814597 -5.891133999909399 -12.31004513641372 -10.446843272457237 -12.098587889446952 -11.691745986217468
6 0.0 0.0 -3.571 -2.232 -3.659 1.358 -2.925 -0.13 -4.401 -0.571 -3.694 -2.01 0.3 round 10.0 3 23 0.1590060854818747 -0.2543954889138774 -3.4119939145181255 -2.4863954889138777 -3.4382483923838447 -2.501029757973586 -3.4658354890599163 -2.512963388431185 -3.494478273180961 -2.5220765852747036 -3.523889215928412 -2.528277866240731 -3.553773077370798 -2.531504980153465 -3.583829870211548 -2.531725531829297 -3.613757871192935 -2.528937307273856 -3.643256649926354 -2.5231682959070585 -3.672030084744215 -2.514476409593043 -3.6997893352990054 -2.5029489012955035 -3.72625574206927 -2.488701489194201 -3.751163623666002 -2.4718771950551686 -3.7742629438588455 -2.452644908515551 -3.795321821549349 -2.4311976916954166 -3.8141288584950415 -2.4077508411555923 -3.830495261417627 -2.3825397266564465 -3.844256737192645 -2.355817428413087 -3.8552751420958478 -2.3278521965652628 -3.8634398685504396 -2.2989247583649117 -3.8686689554544036 -2.2693255001129846 -3.8698919128254343 -2.2529678076810145 4 -3.903669177042372 -0.9029224009926421 -3.907743005954199 -0.7367286987942665 -3.9753918668154267 -0.7569408584418285 -3.903669177042372 -0.9029224009926421 50 -3.9229813606204935 -0.11507309365792814 -3.9589099109419585 1.3506484478654897 -3.95821839050358 1.3796415060577365 -3.954730589015625 1.4084323182143312 -3.948479100976008 1.4367518259986525 -3.939522348320318 1.4643353755476227 -3.9279440344521954 1.4909251907374081 -3.913852362011193 1.5162727821746866 -3.8973790216883053 1.5401412694007768 -3.878677961538967 1.5623075946069658 -3.857923948294642 1.5825646071732378 -3.8353109341179645 1.6007229995497971 -3.8110502440645555 1.6166130763900177 -3.785368601190213 1.630086340401772 -3.7585060077594052 1.6410168800969036 -3.73071350235578 1.6493025464699331 -3.7022508138551236 1.6548659076095964 -3.673383934185073 1.6576549723221017 -3.6443826325548208 1.6576436760036373 -3.6155179343850468 1.6548321242215152 -3.587059588498202 1.6492465917276151 -3.559273546238961 1.6409392769133466 -3.532419476083186 1.6299878140008206 -3.5067483369620924 1.6164945475289403 -3.4825000329795843 1.6005855759145466 -3.4599011714401007 1.5824095730268117 -3.439162945138839 1.562136398787602 -3.4204791587049543 1.5399555117821486 -3.404024417442123 1.516074198714627 -3.3899524955922677 1.4907156372548895 -2.6559524955922678 0.002715637254889325 -2.6444069332777325 -0.023851373502087755 -2.6354774525788423 -0.05140805044558547 -2.6292473066228625 -0.07969747163244151 -2.625774581557425 -0.1084558834512474 -2.6250916549900962 -0.1374151597029735 -2.627204894118962 -0.1663053014489806 -2.6320945963686913 -0.19485695431933367 -2.6397151730855413 -0.2228039198115433 -2.6499955745786465 -0.24988563716588968 -2.6628399525447626 -0.27584961267781205 -2.67812855370041 -0.30045377379790894 -2.69571883628973 -0.3234687260713333 -2.715446799058404 -0.3446798918742301 -2.7371285103030707 -0.363889511006921 -2.760561822740316 -0.3809184844915032 -2.785528258206809 -0.3956080443833987 -2.811795044618781 -0.4078212340285318 -2.8391172861994507 -0.417444184965104 -3.3119264549567045 -0.5587103390450152
8 0.0 0.0 -1.111 1.848 -2.344 0.107 -5.018 0.437 -10.111 0.617 -4.6 2.837 -6.721 1.142 -4.05 6.155 0.5 bevel 4.0 3 9 -0.4285212350939917 -0.25762288538388783 -1.1452356907590509 0.9345358131480916 -1.9359647303303014 -0.18197615594643196 -2.4052407190368257 -0.38923540213476565 -5.057526044322648 -0.06191522362155653 -10.128660287265982 0.11731198307975899 -10.297826540802381 1.0807842641269927 -6.5063896221508175 2.608091460535353 -4.491271465516648 6.390115915498697 4 -5.063636158575459 3.1892768514149203 -4.786826540802381 3.300784264126993 -4.287854641124401 2.446403949159207 -6.12716933972828 0.97651313627209 2 -6.704475320567025 0.996916646295843 -7.072010723258068 1.3021544536711933
5 0.0 0.0 -0.663 0.766 0.772 4.783 1.796 2.227 1.89 2.022 -0.5 round 2.0 1 6 0.3780561610612587 0.327220933137878 -0.09397765136930634 0.8725872986308083 0.7987781212464897 3.3716813324967685 1.3318619084251986 2.041054223093663 1.3415025844417807 2.018596307012329 1.4355025844417806 1.8135963070123289
3 0.0 0.0 3.88 0.309 3.298 -2.438 0.3 round 4.0 1 22 -0.023816345579545498 0.29905314190497256 3.8561836544204544 0.6080531419049726 3.885511644303319 0.608949365355344 3.9147869101515416 0.6069762924833259 3.9437294066563555 0.6021527975770125 3.972062271759114 0.5945250218782077 3.9995144750959235 0.5841659321982753 4.025823410656657 0.5711746229223185 4.050737408857148 0.5556753680786697 4.074018143994228 0.5378164325415354 4.095442914054069 0.5177686537387521 4.11480677106531 0.49572380743194777 4.131924481618158 0.4718927732019506 4.146632298795268 0.4465035171882916 4.158789528564209 0.41979891137978775 4.168279875647526 0.3920344103167292 4.1750125559958775 0.36347560742918994 4.178923165222408 0.3343956943873706 4.179974294690968 0.30507284776766597 4.178155889364719 0.27578756803343996 4.173485343991967 0.2468199962856481 3.591485343991967 -2.5001800037143522
5 0.0 0.0 3.895 -1.928 8.449 0.258 7.514 -0.523 3.641 -2.125 -1.0 round 4.0 1 2 -0.4436205334859999 -0.8962147188423079 2.696725097466417 -2.4506656499016817
4 0.0 0.0 0.764 -1.45 3.423 -1.106 5.844 -0.316 -1.0 round 1.0 1 18 -0.8847063678507681 -0.46614873450895644 -0.12070636785076805 -1.9161487345089565 -0.06908054793089746 -2.003151697691651 -0.008928364466646799 -2.0844932965783913 0.05913454053056222 -2.1593410209814023 0.13441156086420514 -2.22692882383559 0.21613225573657435 -2.2865649614917576 0.3034602350107119 -2.337639073533613 0.3955017194467389 -2.3796284296584793 0.49131468830078506 -2.412103279686491 0.5899185206632093 -2.434731251942333 0.6903040318595175 -2.4472807549932147 0.7914438021940104 -2.449623347927176 0.8923026923241493 -2.441735054912538 3.5513026923241493 -2.097735054912538 3.6432175266581437 -2.0814507885857543 3.733213492468437 -2.056666918058336 6.154213492468437 -1.266666918058336
2 0.0 0.0 3.677 4.639 1.0 bevel 10.0 1 2 -0.7836791559188804 0.6211658237365214 2.89332084408112 5.260165823736521
3 0.0 0.0 -0.168 -3.637 0.515 -0.053 2.0 bevel 1.0 0
4 0.0 0.0 -4.478 1.359 -5.357 0.339 -8.463 -4.603 0.1 round 4.0 1 4 -0.029040473667065952 -0.09569039078816875 -4.444745635985934 1.2444041415010993 -5.276336469392356 0.2794181914731701 -8.378333257637529 -4.656212242367024
2 0.0 0.0 -2.585 -2.579 0.1 round 2.0 1 2 0.07062847241451495 -0.07079278836429669 -2.514371527585485 -2.6497927883642967
6 0.0 0.0 -1.614 0.632 1.752 -2.151 -0.091 -3.254 -0.727 -2.964 2.753 -5.924 0.5 mitre 1.0 1 5 0.3575244432825079 -0.3492843641165746 2.2701698095326064 -1.9306545525521133 2.23095999777248 -2.4470563937087877 0.5909239310589843 -3.428586389142855 3.0769512666291527 -5.5431383757197805
4 0.0 0.0 -4.36 -0.82 -2.473 -1.304 -8.273 -1.906 0.5 bevel 10.0 1 4 0.09241644171530937 -0.4913849827789621 -2.3585883564778056 -0.9523537750996856 -2.421380750732131 -1.8013283152053798 -8.22138075073213 -2.4033283152053797
3 0.0 0.0 1.171 1.156 5.579 1.276 -1.0 bevel 10.0 1 3 0.7025341272393517 -0.7116500544959177 1.5926962203533512 0.16710944989330814 5.606213148467252 0.27637034630294255
6 0.0 0.0 4.701 -1.107 4.839 0.61 7.951 4.899 6.313 6.349 3.998 9.727 -2.0 mitre 4.0 1 6 -0.4584248871866975 -1.9467528407088208 6.5081053644091496 -3.5872440103571095 6.7875803832123776 -0.11000772568218767 10.6356824514584 5.1934979846993015 7.823336843550783 7.683059115020451 5.64776352785078 10.857610588210349
3 0.0 0.0 -2.831 2.799 -5.79 4.083 0.1 bevel 5.0 1 3 -0.07030763450909051 -0.07111143740451421 -2.887988663319075 2.714720141415389 -5.8298068505571825 3.9912644308421314
4 0.0 0.0 -0.087 3.662 -3.289 7.044 1.282 7.979 0.1 round 10.0 1 26 -0.09997179097770612 -0.0023750807796451205 -0.18605834572921928 3.6211762238185297 -3.3616167050448915 6.975248169854009 -3.367914548669177 6.982579368219302 -3.373475256988475 6.9904842924298745 -3.378246887813519 6.998889103139028 -3.3821848696729795 7.007715291595082 -3.3852524181524744 7.016880412986159 -3.387420879495223 7.026298856551431 -3.3886699982547945 7.03588264526528 -3.388988106499821 7.045542257624566 -3.3883722328033317 7.055187463862755 -3.3868281299986487 7.0647281687798875 -3.384370221442568 7.074075253315568 -3.3810214662877884 7.083141407003906 -3.376813145023067 7.091841943534495 -3.3717845672843487 7.100095591801345 -3.3659827046661945 7.107825255050626 -3.3594617519633876 7.114958731036075 -3.352282620941128 7.121429386455153 -3.3445123713624745 7.127176779366087 -3.336223584587766 7.1321472237718355 -3.3274936855971897 7.136294291097254 -3.3184042197694295 7.139579243875179 -3.3090400911719624 7.1419713975904155 1.2619599088280378 8.076971397590416
6 0.0 0.0 1.431 -1.137 2.555 4.279 1.514 5.588 -2.683 7.641 -3.848 10.979 -0.1 bevel 4.0 1 9 -0.06220893644903179 -0.07829462450181573 1.3687910635509684 -1.2152946245018157 1.528913655225328 -1.1573203376058472 2.652913655225328 4.258679662394153 2.6332673873306023 4.341243201078042 1.592267387330602 5.650243201078042 1.5579405897355036 5.677828862698446 -2.6021313856320205 7.71276518993922 -3.7535850971821385 11.01195187590857
8 0.0 0.0 -4.898 0.779 -5.167 -0.817 -9.145 -3.082 -9.82 -7.283 -6.269 -4.491 -6.025 -3.023 -1.529 -2.534 -1.0 bevel 4.0 1 12 0.15707035460436325 0.987587415728076 -4.740929645395637 1.7665874157280759 -5.884091698545254 0.9452021722485424 -6.074214813456758 -0.18281452440112586 -9.639797377670236 -2.2129916254427364 -10.132336288200609 -2.9233587254140887 -10.80733628820061 -7.12435872541409 -9.20191450613498 -8.069110884210131 -5.65091450613498 -5.27711088421013 -5.282533525999123 -4.654963092408865 -5.162888444154102 -3.9351312065543884 -1.420874309122931 -3.5281372314586936
8 0.0 0.0 0.856 5.733 1.23 1.137 1.822 3.052 1.853 1.937 4.196 1.318 5.921 0.538 0.796 -1.383 -2.0 mitre 10.0 1 3 -0.44410787334300605 -2.9490542450850756 0.0777454807061696 -9.361990114630558 2.02667853790746 -3.0575867285824616
6 0.0 0.0 -1.309 -3.553 3.151 -2.567 0.799 0.013 3.842 2.338 5.113 3.111 -2.0 round 5.0 1 49 -1.8766862336342203 0.6914107176547126 -3.18568623363422 -2.861589282345287 -3.2439953854109316 -3.04724031552683 -3.283986775999469 -3.237679156053359 -3.305281824268371 -3.431103002105284 -3.3076789392414403 -3.62568079411172 -3.2911554284719937 -3.8195705485964417 -3.2558677128623987 -4.0109367954357165 -3.202149845895308 -4.197967953457046 -3.130510351294376 -4.378893479891589 -3.0416274090509514 -4.5520006313338275 -2.936342435388554 -4.715650677539754 -2.815652117440801 -4.868294414574604 -2.6806989780470563 -5.008486830453873 -2.532760559984757 -5.134900784444396 -2.37323733202662 -5.246339570529449 -2.2036394313108207 -5.3417482461050385 -2.0255723675283654 -5.420223618663494 -1.840721824259916 -5.481022795924806 -1.650837701341214 -5.523570218475291 -1.457717549321103 -5.547463108338664 -1.2631895528309276 -5.552475281900271 -1.069095223954377 -5.538559291089163 -0.8772719694321295 -5.50584687254838 3.5827280305678704 -4.51984687254838 3.7748449029466253 -4.467215129154464 3.9607733909309233 -4.395733730027484 4.138669130724423 -4.3061117526525035 4.306767441370722 -4.199238224484213 4.463400829944215 -4.076173304018375 4.607015532660152 -3.938137764286424 4.73618692782025 -3.7865008830943085 4.84963366770131 -3.6227668601313425 4.9462303892020785 -3.4485598956879517 5.025018877161916 -3.2656080789976536 5.085217569613976 -3.0757262460268815 5.126229310683174 -2.8807979767590526 5.1476472742221375 -2.682756910555294 5.149258999424186 -2.48356756493874 5.1310484983810385 -2.2852058480752397 5.093196414678847 -2.0896394582617543 5.036078231459293 -1.898808364854586 4.9602605467213445 -1.7146055642617202 4.866495452811737 -1.53885830189499 4.75571307585822 -1.3733099463555676 4.62901234915252 -1.2196026956563075 3.746706718118269 -0.25176743712383853 4.971919550975566 0.6843547568929917 6.152254051685465 1.402213583839295
4 0.0 0.0 -5.644 -1.896 -6.862 -0.326 -6.425 1.104 -0.1 mitre 1.0 1 4 -0.03184439171240457 0.09479417026625075 -5.608521655415877 -1.7785899707652488 -6.751217909897083 -0.3056563750875041 -6.329365881271493 1.0747747483326173
5 0.0 0.0 0.498 -0.249 0.207 2.67 -0.227 -2.452 2.515 -1.021 -0.3 round 1.0 1 79 0.24311897297005036 -0.4569696831099937 0.36383592135001264 -0.5173281572999748 0.39045118301634885 -0.5290593722149235 0.4180773958629691 -0.5381580490803524 0.4464548754668611 -0.5445386609850955 0.4753168755512767 -0.548141230634033 0.5043920953816377 -0.5489318941303709 0.5334072299730178 -0.5469032192938468 0.5620895391374363 -0.5420742755226924 0.5901694112220986 -0.5344904545426548 0.6173828974396319 -0.5242230437280249 0.6434741929677903 -0.5113685560054217 0.6681980414964709 -0.4960478226391918 0.6913220406194713 -0.47840485742617456 0.7126288264004699 -0.4586055029763221 0.7319181165784665 -0.4368358718040378 0.7490085932066983 -0.4133005968838649 0.7637396070283575 -0.38822090811517523 0.7759726875681063 -0.3618325527769531 0.7855928447446305 -0.33438357952024955 0.7925096497691728 -0.3061320067286204 0.7966580851696728 -0.2773433971637919 0.7979991559503501 -0.2482883616947124 0.7965202561418727 -0.21924001557475678 0.5055202561418727 2.6997599844252433 0.5011413408221531 2.7289989120183242 0.4939056928168424 2.757664835762623 0.48388358552613797 2.785479349089739 0.4711723547458033 2.812172314421822 0.45589545333133574 2.8374844867771007 0.43820125221040984 2.861170031585336 0.41826159938829505 2.8829989122598976 0.39627015094134255 2.902759124338105 0.3724404902081143 2.920258754491624 0.34700405344477514 2.9353278444095765 0.3202078820910073 2.9478200414521396 0.2923122234766865 2.957614020043293 0.26358800327151594 2.9646146599980097 0.23431419422546282 2.968753970339833 0.20477510675507682 2.9699917496366335 0.1752576276898098 2.9683159764412914 0.14604843399593348 2.9637429260452954 0.11743120853867121 2.9563170124113425 0.08968388492336452 2.946110356820105 0.0630759481740768 2.933222087420507 0.03786581746573747 2.9177773764863666 0.014298336329015032 2.899926224729661 -0.007397605296674964 2.8798420044773 -0.02701129406715083 2.8577197758602364 -0.044352239704374546 2.8337743923682654 -0.059252025058745855 2.8082384141695678 -0.07156594179477135 2.7813598494610696 -0.08117439581415434 2.7533997457858663 -0.08798406876668094 2.7246296547111 -0.09192882436818503 2.695328994489612 -0.525928824368185 -2.426671005510388 -0.526976280223388 -2.4557724399716094 -0.5251973240642356 -2.484838330056951 -0.5206087174261982 -2.513594813510091 -0.5132536947040793 -2.541770943340614 -0.5032015557924313 -2.569101240718621 -0.49054701313374693 -2.595328196347685 -0.47540929932661713 -2.6202046967479182 -0.45793104370207594 -2.6434963525884236 -0.43827692845316335 -2.664983707131313 -0.41663213697981255 -2.6844643039790617 -0.39320060906893894 -2.7017545946426487 -0.3682031193496325 -2.716691667957141 -0.34187519712847275 -2.7291347850499728 -0.3144649072045278 -2.738966705399256 -0.2862305125734598 -2.7460947914878555 -0.25743804104301393 -2.750451881645038 -0.228358778687529 -2.7519969228516823 -0.19926671375843888 -2.7507153575466847 -0.17043595513454177 -2.746619260790021 -0.1421381496357027 -2.739747226490105 -0.11463992253436713 -2.7301640037674124 -0.08820036538068923 -2.717959886880608 2.653799634619311 -1.286959886880608
5 0.0 0.0 1.569 2.967 3.702 1.495 3.727 1.831 4.122 2.917 1.0 round 10.0 1 21 -0.8840052408493285 0.4674769878303325 0.6849947591506714 3.4344769878303327 0.7357040904451635 3.5198272127158523 0.7946264671942108 3.5997287188755394 0.8611811447271853 3.6733939893007883 0.9347121536753144 3.7400969719283554 1.0144947652695184 3.799180235680044 1.0997426343375811 3.8500614501672956 1.1896155495985734 3.89223912519608 1.2832277148668807 3.925297553502979 1.3796564795454798 3.9489109080063676 1.4779514323598744 3.9628464531897887 1.5771437687039687 3.966966838965821 1.6762558392724 3.9612314544118856 1.7743107858670906 3.945696828035443 1.870342169406566 3.9205160706235342 1.9634034952434511 3.885937366167983 2.0525775419076826 3.8423015257398583 2.1369854013304432 3.7900386284224425 3.126959841592558 3.106849516342821 3.1822318447211155 3.2588125426658925
4 0.0 0.0 4.381 -1.554 3.114 -6.554 7.261 -2.277 -1.0 bevel 10.0 1 5 -0.33430506385163267 -0.9424649193912501 3.1877764682386758 -2.1917949127417042 2.144637948649443 -6.308363656187769 3.831933440153887 -7.250111755042827 7.978933440153887 -2.973111755042827
4 0.0 0.0 -5.06 1.604 -4.071 -4.125 -4.517 -3.916 -0.3 mitre 5.0 1 3 0.09065311740811316 0.28597554494080585 -5.439535696125443 2.039023540377135 -4.462379601235066 -3.6213680345743002
5 0.0 0.0 -1.528 -3.257 -4.892 -1.65 -4.691 2.916 -1.479 5.895 -2.0 round 10.0 1 5 -1.8106440442316425 0.8494516731918789 -2.483230328576933 -0.5841959237404579 -2.83573250689118 -0.41580383082993627 -2.7290399279320408 2.007869380749304 -0.11897359625202375 4.428600265579556
4 0.0 0.0 3.444 0.335 2.643 0.386 7.126 1.77 0.1 mitre 10.0 1 4 -0.00968136889539803 0.09953025216642034 2.1971180893379993 0.31418699389353655 2.092882454471042 0.32082371970903567 7.096501564109371 1.8655502081630722
3 0.0 0.0 3.277 -0.44 3.996 1.849 4.0 round 5.0 1 2 0.5322998224674524 3.964423905058731 0.6010195240515125 3.955196969234201
3 0.0 0.0 3.398 -0.046 6.952 -4.553 0.3 bevel 2.0 1 4 0.004060840399112868 0.2999725146996854 3.402060840399113 0.2539725146996854 3.633570486504903 0.1397593763120537 7.187570486504903 -4.367240623687946
2 0.0 0.0 -2.809 -1.771 -0.5 bevel 1.0 1 2 -0.26666217327004 0.4229554176824068 -3.07566217327004 -1.348044582317593
2 0.0 0.0 -2.777 0.573 -0.5 bevel 1.0 1 2 0.10104039502321545 0.48968442753834085 -2.675959604976785 1.0626844275383407
7 0.0 0.0 -0.844 -0.518 -4.455 -0.372 -4.887 0.741 -8.779 0.385 -12.895 1.695 -11.829 -2.206 -4.0 round 5.0 1 36 -1.8771940931344946 3.527042277596416 -2.0239331576033677 3.5329752334015825 -2.2987650125222445 3.79076058889809 -2.6140795728430843 4.032478806222642 -2.951818051341048 4.241724328704639 -3.3086484263946945 4.41643280581997 -3.6810503217349213 4.554880618673368 -4.065349737370206 4.655701884680415 -4.457755296115157 4.717901932935588 -4.854395648125581 4.74086711732263 -5.251357664418623 4.72437087055416 -8.337238483759043 4.442106335177698 -11.681879588460253 5.506605812135567 -12.05880511718824 5.606620906729003 -12.443678462609807 5.669457053471298 -12.832841502841488 5.694517010994077 -13.222595343557025 5.681562590864435 -13.609235475023942 5.630716921504559 -13.989086982513092 5.542463277887834 -14.35853947541535 5.417640488134862 -14.714081403073171 5.2574349606685225 -15.052333431163914 5.063369407707909 -15.370080561400982 4.837288372281416 -15.664302689263359 4.581340696320988 -15.932203309310129 4.29795909647378 -16.17123609524345 3.9898370417578564 -16.379129102083265 3.6599031528338632 -16.55390636041837 3.3112933662209922 -16.693906657486043 2.9473211280291602 -16.797799326570882 2.5714459005083308 -16.864596894648763 2.187240280752075 -16.89366446806323 1.7983560440836237 -16.884725767025945 1.4084894348732762 -16.837865751584843 1.0213460346889678 -16.753529814100773 0.6406055416991998 -15.687529814100776 -3.2603944583008
7 0.0 0.0 -2.416 2.038 -1.758 2.328 -1.973 3.355 -0.266 4.9 -2.536 0.867 0.361 2.505 -4.0 mitre 5.0 1 3 -7.160021166662851 0.8067145083591482 -13.062492664661658 -9.679923179495121 -2.029987284068269 -3.4420067785935093
2 0.0 0.0 4.799 -1.522 -0.1 round 2.0 1 2 -0.03023098899773146 -0.0953209699080902 4.768769011002269 -1.6173209699080902
5 0.0 0.0 3.62 1.371 3.863 2.459 1.899 3.606 -3.442 5.537 -0.5 round 1.0 1 30 0.1770895697402925 -0.46758879829311367 3.7970895697402924 0.9034112017068863 3.842394320573836 0.9231822176638116 3.8855254662486827 0.9473300497162681 3.9260614578669215 0.9756186853069877 3.963606110668677 1.007771641097305 3.997792476204902 1.0434746652196683 4.028286428764586 1.0823788086666872 4.054789931003871 1.1241038357980229 4.077043946859955 1.1682419406320053 4.094830973279964 1.21436173260023 4.1079771660205555 1.2620124528097474 4.350977166020555 2.3500124528097475 4.359242992646785 2.397820818500389 4.362836267269384 2.446205238485665 4.361723156135963 2.494710132088575 4.3559141401394195 2.5428787842700187 4.345463916131369 2.590257645991324 4.3304708819045254 2.6364006047661763 4.311076209693371 2.68087318519105 4.287462516916877 2.723256639902557 4.259852146679392 2.76315189244185 4.228505074220235 2.8001832949006458 4.1937164590245715 2.834002164967416 4.155813865644537 2.8642900690694297 4.115154179398947 2.890761820697064 2.1511541793989473 4.037761820697064 2.1109516909575525 4.05885370783536 2.0690017813993458 4.07621207377209 -3.2719982186006544 6.00721207377209
5 0.0 0.0 3.562 2.576 2.72 3.831 2.17 8.755 0.787 6.902 -4.0 round 2.0 1 45 2.3440215806760527 -3.24122859874538 5.906021580676052 -0.6652285987453799 6.205836618102731 -0.42568751484545997 6.481316959155822 -0.1585179633685354 6.729926996903145 0.13382094385112264 6.949378447060191 0.4486384283831568 7.137651410071994 0.7830368119645748 7.293012962898273 1.1339381876337453 7.414033109377287 1.4981127497455253 7.499597942356267 1.8722085221092182 7.548919896440083 2.2527822106223137 7.561544996988635 2.6363308964227574 7.5373570386409625 3.0193242778460925 7.4765786549056 3.3982371644224476 7.379769268972374 3.7695819238285018 7.2478199446069755 4.129940583142558 7.081945184522298 4.475996288932766 6.88367175171688 4.8045638366100505 6.586686840232311 5.24721949446413 6.145278289413405 9.199029865795568 6.081466786083188 9.591915516266761 5.978924172762068 9.976514079390327 5.838665820269357 10.34901728321476 5.662080558416132 10.705736623312353 5.450916923895566 11.043139886129268 5.207265846377265 11.357886124752714 4.933539944246828 11.646858740767302 4.632449635003004 11.907196344626009 4.3069762968658525 12.136321088958207 3.9603427473480637 12.331964194260014 3.5959813311088524 12.492188414213155 3.217499933082591 12.615407218182037 2.8286462534181385 12.700400500945152 2.433270697976293 12.74632666410394 2.0352882518414255 12.75273094953976 1.6386397133735149 12.719549942401562 1.2472526726586577 12.647112199035945 0.8650026207471391 12.536134993641879 0.49567457477301313 12.387717215864521 0.1429255989410021 12.203328489655721 -0.18975140750435804 11.984794621145625 -0.499062296757975 11.734279519619642 -0.7819442909085801 11.45426377061825 -1.0355963093822909 11.147520073327419 -2.418596309382291 9.29452007332742
7 0.0 0.0 -0.178 2.174 -0.494 2.563 2.855 0.54 7.757 -2.807 11.089 -4.951 13.794 -8.562 -4.0 mitre 4.0 1 4 1.7889738220469327 -3.5755925476708703 5.546597552248126 -6.141232414048552 8.319190821176445 -7.925278022866773 10.592617491534396 -10.960155548435187
4 0.0 0.0 -2.413 -4.848 -0.709 -9.627 -0.615 -10.817 1.0 mitre 4.0 1 4 0.8952382247482819 -0.44558783752425823 -1.3282300594252199 -4.912796391885276 0.27745224412337277 -9.416056796027721 0.38189468839263474 -10.738253696883271
7 0.0 0.0 -3.395 2.35 -5.775 2.352 -3.232 -0.338 -3.002 -1.185 -2.934 -1.435 -0.524 -0.926 0.1 round 2.0 1 12 -0.056914700770475474 -0.08222357834713372 -3.426271357775285 2.2500262431436773 -5.542668579440601 2.2518047282038998 -3.159331656682628 -0.2693027520237633 -3.1529322940902254 -0.27677665574174026 -3.147298394485196 -0.2848432692576515 -3.142484500257162 -0.2934244988161665 -3.138537215235263 -0.3024372686085511 -3.1354947535114603 -0.31179432503853105 -2.905500285295249 -1.158773953643447 -2.862286578004227 -1.3176478775074993 -0.5446644716971917 -0.8281583953040632
6 0.0 0.0 -1.576 0.495 -2.442 -3.675 -4.582 -3.257 -1.079 -7.477 -2.146 -2.587 1.0 mitre 5.0 1 3 -0.29965343891479945 -0.954048120666109 -0.8215507620263766 -0.7901273243842367 -1.1594855069176324 -2.417365068260145
6 0.0 0.0 0.929 0.073 3.453 -2.479 3.975 -2.673 7.357 -3.096 11.136 0.102 0.3 round 2.0 1 15 -0.02350129041116222 0.2990780656434206 0.9054987095888378 0.3720780656434206 0.9344520471541642 0.37295045454512776 0.9633545560823811 0.3710264492899624 0.9919367825158226 0.3663239870971279 1.019932258543613 0.3588869083329237 1.0470799864429725 0.3487845477934313 1.0731268719227618 0.3361110883063651 1.0978300836844885 0.3209846826783634 1.12095931730294 0.3035463521736773 1.1422989423206067 0.283958671793578 3.619668433509278 -2.2208935237347465 4.046828323562747 -2.3796464330649627 7.26365562876101 -2.7819876365241187 10.942203745320734 0.33100439225545353
6 0.0 0.0 -2.49 -3.193 -1.39 -8.217 -4.154 -9.563 -3.198 -11.64 -2.947 -11.185 -0.1 mitre 1.0 1 9 -0.07885669762900464 0.061494887909872085 -2.5825737498418864 -3.149094890289216 -2.59245680332097 -3.1925984134562633 -1.5045123041968986 -8.161537653092022 -4.234449594607615 -9.49094995153371 -4.261891874701678 -9.567763415778836 -3.263116527958162 -11.737696883546914 -3.140155734925626 -11.742170858203849 -2.8594394249509576 -11.233302646895186
7 0.0 0.0 -2.716 3.95 -2.496 5.904 0.144 7.192 -0.026 7.067 1.981 6.984 6.276 9.497 2.0 round 1.0 1 32 -1.6480108041705344 -1.1331638845891574 -4.364010804170535 2.816836115410843 -4.470891991632459 2.9906491269070203 -4.5595071439759565 3.17444767416401 -4.628933898176721 3.366318664675311 -4.678449616296673 3.564264982796428 -4.707538907160511 3.766226276998263 -4.715898990875783 3.9701004053199185 -4.7034428503591235 4.173765315802973 -4.483442850359123 6.127765315802972 -4.450973369660896 6.325994222610596 -4.398783600128904 6.519966371712358 -4.327399992581 6.707725119163456 -4.237542610717636 6.887376497103119 -4.130117867665296 7.0571083186661285 -4.006209382768246 7.215208457949672 -3.867067050858324 7.360082120641092 -3.7140944342637194 7.4902679310935305 -3.5488346047365673 7.604452673575244 -3.372954578115279 7.70148453899405 -0.7329545781152791 8.98948453899405 -0.5515331140927136 9.067162309561626 -0.36333931653480134 9.12658181990269 -0.1702056088596687 9.167164508429899 0.025987486123931702 9.188515225729233 0.2233296566714698 9.190426082088699 0.4198994026092544 9.172878471698821 0.6137827447816193 9.136043253815473 0.8030918612667404 9.080279089121083 0.9290456564177781 9.029213368440605 1.477405169787801 9.006535820055099 5.265984768083525 11.223229773609733
6 0.0 0.0 -4.696 3.088 -7.529 4.516 -3.777 0.219 -0.948 2.356 -0.566 2.192 0.3 mitre 10.0 3 2 -0.16483004675517243 -0.25066123690488656 -2.1622432201232225 1.0627995551224856 5 -2.6944160613324044 1.4127462616075694 -4.846426735441743 2.827867420391564 -6.293690718318501 3.557374292099298 -3.7348317386117627 0.6268260416195919 -2.6944160613324044 1.4127462616075694 3 -2.1861958654086084 1.7966510190091785 -0.9897771478829097 2.7004144687625957 -0.44765004357377425 2.4676688009440144
4 0.0 0.0 -0.649 -1.503 -1.12 -1.792 -1.498 -0.456 0.1 mitre 4.0 1 4 0.09180674059834074 -0.03964243156907727 -0.5697352263150222 -1.5716880036350007 -1.1802678009648202 -1.9463035324540914 -1.5942227407631988 -0.48322469761114456
3 0.0 0.0 0.012 0.497 -1.522 -1.376 2.0 bevel 1.0 1 2 0.6403869303015542 -1.8922108564662437 0.02528869870945627 -2.6432401835666344
7 0.0 0.0 0.275 -0.103 2.43 0.346 4.682 2.589 1.671 3.554 -0.867 5.787 0.388 0.949 0.1 mitre 2.0 1 7 0.03507502255357902 0.0936469048760605 0.2829544120412792 0.0008048062679400952 2.3804963872818123 0.43783327349903023 4.495026816573023 2.5439130927264655 1.6206099479352498 3.465139355840199 -0.6883698017397483 5.4966412396165065 0.4847962686128946 0.9741094082491076
6 0.0 0.0 0.92 -1.247 1.187 -1.367 -0.887 3.133 -0.562 -1.861 1.482 3.018 1.0 mitre 4.0 1 2 0.3355616554819547 2.8694595715690583 0.5596686631026364 3.404399928800617
7 0.0 0.0 0.294 0.886 -3.516 1.601 -2.274 4.187 -7.232 2.109 -11.294 1.36 -11.075 2.114 0.1 mitre 1.0 1 10 -0.09491109196456815 0.03149419981668514 0.1630318205742826 0.8088323648147184 -3.5829263344728446 1.5118140133340612 -3.627498432282649 1.5998277960673672 -2.4780940893806997 3.993032007616836 -7.1982969744976035 2.01469768021205 -7.208586946101115 2.0116313687446934 -11.330739980434567 1.2515396349397316 -11.405594866017084 1.334308312045173 -11.171031321822776 2.1418923865771724
6 0.0 0.0 -2.27 1.873 -4.478 3.317 -0.864 1.866 4.604 2.672 1.814 -1.708 -0.3 mitre 1.0 1 6 0.19093004974673294 0.2313994729979091 -1.904778627208193 1.9605899364060926 -0.9388019393377148 1.5727559092616368 -0.8596684091244571 1.5633968536149376 3.998271982576063 2.279472192991422 1.5609729399016798 -1.546825228841481
5 0.0 0.0 -4.063 2.203 -3.749 2.306 -4.389 5.492 -3.403 5.652 0.1 mitre 1.0 1 7 -0.04766525246647941 -0.08790917874321645 -4.168505383845964 2.146452329853634 -4.156686268039512 2.2775111280299454 -3.8645262606663047 2.3733470540154245 -4.495415586396584 5.513992978666472 -4.446988864650896 5.583898094187273 -3.4190176611993306 5.750708837140873
8 0.0 0.0 0.044 -5.507 0.838 -7.291 1.19 -11.895 -0.957 -10.035 -1.722 -10.301 -2.537 -7.526 -1.41 -6.688 2.0 bevel 10.0 1 11 1.9999361656548573 0.015979152222410337 2.040607476909929 -5.074405190543048 2.6652004932607927 -6.477772874636172 2.832180096168306 -7.138534449641346 3.1841800961683058 -11.742534449641346 -0.11956620116023409 -13.406633674134959 -2.194943837908562 -11.6086819254848 -3.640951084398548 -10.864583831994528 -4.4559510843985475 -8.089583831994528 -3.7303820189036996 -5.92105783376555 -2.6033820189036994 -5.083057833765549
3 0.0 0.0 1.619 -0.67 4.958 2.362 -1.0 round 4.0 1 15 -0.3823853985846701 -0.9240029258337027 1.2366146014153299 -1.5940029258337027 1.3251605796938077 -1.6258547981122033 1.4163084860688704 -1.6492426411162389 1.5092512120242576 -1.6639593570855178 1.6031657560383061 -1.6698746305003251 1.697220511206492 -1.666936082016593 1.7905826290640496 -1.6551697322814323 1.882425394402526 -1.6346797715220704 1.971935545776764 -1.6056476369484711 2.0583204768797287 -1.5683304061391707 2.140815255017489 -1.5230585206367928 2.2186893945362307 -1.4702328599106447 2.291253325223081 -1.4103211915962626 5.630253325223081 1.6216788084037375
3 0.0 0.0 -0.853 -0.353 0.735 -0.522 2.0 round 2.0 0
4 0.0 0.0 0.764 1.205 1.915 1.401 3.647 2.761 2.0 mitre 4.0 1 4 -1.6891099266142078 1.070937746002701 -0.4487425057622694 3.0272764137076567 1.078977785683359 3.2874268716775465 2.411838275148975 4.334014784883804
6 0.0 0.0 3.813 -3.027 2.762 2.166 2.851 4.685 1.233 1.181 -1.186 4.844 -0.5 bevel 10.0 1 8 -0.310879936972351 -0.39160396421393273 3.502120063027649 -3.4186039642139328 4.303064010306958 -2.9278170085051776 3.263772308517927 2.2073321897730693 3.3506882134922087 4.6673452755058324 2.3970582321366725 4.894611238699447 1.1554559329346674 2.2057518713299635 -0.7687696716543404 5.119533760378966
5 0.0 0.0 4.982 2.834 4.686 4.714 7.371 5.793 7.021 6.087 -1.0 round 4.0 1 38 0.49444698385026187 -0.8692077888292183 5.476446983850262 1.9647922111707818 5.561416056375647 2.018968078162522 5.640501293359899 2.0814204051109675 5.71289960258107 2.1515150031342563 5.777875796016278 2.2285400778619144 5.834770055505402 2.311713457541443 5.883004633051326 2.400190535810886 5.922089717716721 2.493072848480359 5.951628409540408 2.58941719722732 5.97132074996432 2.688245227556572 5.980966767843028 2.788553363763036 5.980468510104293 2.8893230000100556 5.969831036439785 2.9895308440352 5.7976661318578655 4.083010643406847 7.743879763152643 4.865120329875027 7.832996542645906 4.9061182747495415 7.917667699483527 4.955650355979422 7.9970784742931516 5.013239944581181 8.070464726422179 5.0783328771440885 8.137120286981968 5.150302788340678 8.196403754051083 5.228457138209702 8.24774466464987 5.312043876213239 8.290648984095707 5.400258677942167 8.324703859916882 5.49225268483386 8.349581594579949 5.587140672425646 8.365042798802456 5.684009568543927 8.370938695107885 5.781927239461593 8.36721254945654 5.879951459477717 8.353900217176317 5.977138977608625 8.3311297979401 6.0725545941448695 8.299120403109752 6.165280159733759 8.258180047308143 6.254423410392584 8.208702684507827 6.339126553436456 8.15116441715699 6.4185745217015295 8.086118914820853 6.492002816636276 8.014192086423273 6.558704864789612 7.664192086423272 6.852704864789612
4 0.0 0.0 -1.82 2.606 -0.499 5.57 0.251 3.902 0.5 mitre 2.0 1 5 -0.4099260991979526 -0.2862876057330291 -2.3917404049519138 2.551409141956433 -0.6008029667065896 6.569833492417555 -0.4004949107901305 6.570163788581603 0.7070221180693607 4.107045916398094
6 0.0 0.0 0.715 1.11 -5.275 1.315 -9.755 4.847 -10.463 5.17 -10.272 5.372 -0.3 mitre 5.0 1 5 0.25220579103454877 -0.16245688341414627 1.2533401127808492 1.3917516440521385 -5.166474988394424 1.6114615097851819 -9.59762451317148 5.104948144051379 -9.986119074312873 5.282185069543851
6 0.0 0.0 0.067 -0.739 3.924 -2.993 1.346 -7.986 0.377 -8.011 1.451 -10.533 -4.0 round 4.0 1 30 -3.9836610779290766 -0.3611708961045307 -3.9166610779290765 -1.1001708961045307 -3.864326800674697 -1.47701733468588 -3.7764257816357505 -1.8471869251428745 -3.6537532619624304 -2.2073307405335942 -3.497419060820759 -2.554190557175102 -3.3088375348506243 -2.8846283318165007 -3.089714782471105 -3.195654591538746 -2.8420332087958324 -3.4844554795375977 -2.568033590799692 -3.748418212106333 -2.270194804993449 -3.985154716508693 -1.9512114010101655 -4.192523235890065 -1.4755757702543502 -4.470480900324498 -1.585102263231416 -4.525292796487037 -1.9147075253808545 -4.732574063958015 -2.222598120699949 -4.970919472965676 -2.505856686644176 -5.2380706240023045 -2.7617992570798977 -5.531496173877789 -2.9880006937278374 -5.848415821011543 -3.182317665129265 -6.185826649685361 -3.342908955401816 -6.540531583636909 -3.468252910352928 -6.909169679386913 -3.5571618556433515 -7.288247972260984 -3.608793350383996 -7.6741745733547955 -3.6226581695346534 -8.063292703838194 -3.5986249394688095 -8.45191534411225 -3.5369213827810624 -8.836360169507333 -3.4381321605421995 -9.212984441495234 -3.3031933324472673 -9.57821952380982 -2.229193332447267 -12.10021952380982
6 0.0 0.0 -1.342 -0.566 -1.632 -3.273 0.418 -2.691 1.136 3.066 -2.312 1.25 4.0 bevel 2.0 0
5 0.0 0.0 0.187 0.241 -2.193 3.281 -0.194 4.34 -4.5 7.796 4.0 bevel 2.0 1 4 -3.839547608488325 -1.10463486401317 -5.342582701376211 0.8152082798436249 -4.883041725917763 2.9744244745563027 -7.003724569061738 4.676486691441017
8 0.0 0.0 -2.155 -4.07 -4.732 -2.376 -7.143 -0.711 -1.787 0.429 -2.854 -2.955 0.411 -1.375 1.158 -0.476 -0.1 mitre 10.0 3 2 -0.08837615059693749 0.046793760328353876 -1.1934851382526197 -2.0403494321350464 7 -1.3516580686025912 -2.3390797460674753 -2.191933748700062 -3.9260505200798685 -4.676115101315482 -2.2930651839019403 -6.8953127508818675 -0.7605209754705703 -1.9339524430114932 0.2954817786317872 -3.0190685585867607 -3.1459736432114225 -1.3516580686025912 -2.3390797460674753 3 -1.0473908589751244 -2.191838646155868 0.4740648157017747 -1.4555752568788387 1.2349132143651012 -0.5399089778984767
7 0.0 0.0 -0.292 1.889 2.568 5.569 4.034 11.209 7.371 13.09 7.342 14.235 7.517 17.987 4.0 round 2.0 1 22 -3.9530503087852633 -0.6110591266094743 -4.245050308785263 1.2779408733905258 -4.286673734350229 1.682646526337943 -4.286972466087894 2.0894868953313654 -4.245943413633835 2.4942532377291453 -4.164011020420342 2.8927582665878364 -4.042022872830997 3.280879467929732 -3.8812409319632333 3.654601747937427 -3.683328478705847 4.010058968892351 -3.4503329071839546 4.343573944170139 -1.0960378584300778 7.372876664245057 0.16264311484510907 12.215278225822175 0.2830009876891433 12.598246705824051 0.441138658662652 12.967222790753093 0.6354633762702502 13.318490179443268 0.8640179156289975 13.648510931471076 1.1245002914997042 13.953961101042545 1.414286943720298 14.231764215541407 1.730459161519173 14.479122261544827 2.069832480564724 14.693543866217711 3.393848519590081 15.439865163612586 3.521343827271173 18.173364560295187
8 0.0 0.0 -2.758 1.39 -2.932 1.263 -1.288 -1.251 1.145 -1.552 1.186 -1.347 0.761 -1.057 2.468 3.994 0.5 bevel 4.0 1 6 -0.22503031550416136 -0.44649900011545113 -1.70416401264621 0.2989672214318467 -0.9964568016251125 -0.7832565793631893 0.3030914940384475 -0.9440309472196347 0.28731889689272794 -0.8969181067107279 1.994318896892728 4.1540818932892725
5 0.0 0.0 1.658 -0.119 4.17 -1.971 6.085 -1.032 5.77 1.913 2.0 round 2.0 1 10 0.1431781316426608 1.9948684223826185 1.8011781316426607 1.8758684223826185 1.987671882221348 1.8536419974421698 2.1712584268310975 1.8140198621035601 2.350318810604697 1.7573514235033099 2.5232739925484173 1.6841364113176023 2.6885987702885625 1.5950204709045055 2.8448352300430377 1.4907894696912045 3.885843956626089 0.7232941824173941 3.7813434053510835 1.7002913998932396
5 0.0 0.0 1.207 -2.221 4.647 -3.617 5.224 -5.089 4.261 -9.847 -0.5 round 1.0 1 12 -0.4393176669793388 -0.238746701505656 0.7676823330206612 -2.459746701505656 0.7932096591484247 -2.5016733934984523 0.8227250831425506 -2.5408949644402052 0.8559441363051628 -2.577033398103987 0.8925466544807432 -2.609740393439821 0.9321798637878638 -2.6387007214888945 0.9744617806423996 -2.663635263550021 1.0189848933029064 -2.6843037013166207 4.259897371934495 -3.999511207179905 4.704700999944651 -5.134261537216214 3.7709367648038787 -9.747813178752866
5 0.0 0.0 0.828 4.246 5.014 4.027 7.542 4.133 11.943 8.011 -1.0 round 5.0 1 13 0.9815117813395418 -0.1914017322065804 1.6432453885738596 3.201980992813848 4.961754204010015 3.028365744227962 5.055893568190094 3.0278779209004028 7.583893568190094 3.1338779209004026 7.6806582456956765 3.142659709543938 7.7761139168956905 3.160790828105516 7.86935943036653 3.188100109350149 7.959514499728639 3.224329739390386 8.045728014009986 3.269137691584154 8.127186072578459 3.3221009554450083 8.203119668789189 3.3827195300822015 12.604119668789188 7.2607195300822
5 0.0 0.0 -0.368 -0.308 -4.414 0.773 -6.901 1.676 -9.601 5.518 -2.0 mitre 5.0 1 4 -0.7316009351717624 1.8592993931885966 -3.813447732068646 2.6826993900856633 -5.626650314768558 3.3410515944194064 -7.96465992721847 6.667952679987021
8 0.0 0.0 2.773 0.439 2.909 -0.025 4.036 2.078 -0.63 0.464 1.15 2.314 -1.606 5.859 -2.141 11.651 0.5 mitre 10.0 2 4 1.8837126584955561 0.8044417994473713 2.869894166799897 0.960566459434968 2.991597242608544 1.1876663426874832 1.8837126584955561 0.8044417994473713 5 -0.4992281311266522 -0.019833047198630563 -2.4329676045534323 -0.6887262126745892 0.4896225159999062 2.348797227226353 -2.090438941383917 5.667490212141321 -2.6388805546279968 11.605011378327697
5 0.0 0.0 -1.099 5.813 1.294 10.106 2.084 6.341 0.714 5.944 2.0 bevel 5.0 1 8 -1.965187204544727 -0.3715363388602537 -3.064187204544727 5.441463661139746 -2.8459307716503286 6.786772498616174 -0.4529307716503288 11.079772498616174 3.251374933679032 10.516710809457221 4.041374933679032 6.7517108094572205 2.6406608709250268 4.420029236354444 1.2746225449750934 4.024177254309098
5 0.0 0.0 1.892 -2.275 1.88 -5.161 0.562 -0.495 1.717 2.294 -0.3 bevel 2.0 3 2 -0.23065741081231045 -0.19182585549753467 0.3679360266399717 -0.9115933344636773 4 1.3120971394784258 -2.0468821990025163 1.5915487432463977 -2.3829035513133703 1.5888717389689002 -3.026723080051495 1.3120971394784258 -2.0468821990025163 3 0.9107117978673465 -0.6258928181547947 0.8789975895118934 -0.5136177831118933 1.9941723488273277 2.1792154668714367
7 0.0 0.0 -0.858 -0.478 -4.317 -2.698 -6.135 -4.177 -3.35 0.774 -6.217 0.588 -9.882 4.131 0.3 bevel 10.0 1 9 0.14600398760211108 -0.2620741032690613 -0.7038288813659052 -0.735524116516977 -4.140763785234887 -2.94136264978935 -5.945677676350864 -4.409716689921655 -6.396471250721032 -4.029919120731554 -3.8827569056721964 0.43880609375203156 -6.197577976781154 0.28862935178263277 -6.425511699508033 0.37230838873922 -10.090511699508033 3.9153083887392204
6 0.0 0.0 1.884 -1.004 -0.376 3.664 2.36 7.611 4.535 10.29 4.719 9.065 2.0 mitre 1.0 1 8 -1.4758981564440012 1.34616910084612 -2.4119436867109587 3.2795587182293757 -2.3280107727335433 4.358633527638744 0.7378845786048707 8.781546156196024 0.78340237022455 8.842168817790483 3.8039534701493625 12.562654517422011 6.31917870926178 11.876220009261736 6.696813453326274 9.362075653397579
3 0.0 0.0 -4.333 -2.94 -5.392 -2.475 2.0 bevel 1.0 1 4 1.1229374537047636 -1.654995913912497 -3.2100625462952364 -4.594995913912497 -5.137086204402383 -4.771241484864781 -6.196086204402382 -4.306241484864781
8 0.0 0.0 -0.19 -2.059 -0.123 -3.705 -1.705 -6.232 -1.67 -2.091 -2.957 -3.25 -4.567 -3.588 -4.941 -3.221 -0.1 mitre 1.0 1 10 -0.09957694025495682 0.009188741451404466 -0.2898818874704267 -2.0531159233730825 -0.29005223426141996 -2.0597511469259455 -0.22417542522346437 -3.6781575301569145 -1.602013187202276 -5.879039972963777 -1.5694521420582044 -2.0266031746323456 -1.688436184085432 -1.9730299615559794 -3.003904741250379 -3.1576671470681577 -4.5351635899377705 -3.4791363960472497 -4.870960429092498 -3.1496245244702843
4 0.0 0.0 -4.502 -0.772 -0.096 -1.364 3.664 -1.108 -2.0 round 2.0 1 35 -0.33802485398829 1.9712278402270487 -4.8400248539882895 1.1992278402270486 -5.031021668445758 1.1567654274988615 -5.216955369980069 1.0958433603856246 -5.3960464410719196 1.017044706318608 -5.566580853032974 0.9211236243569414 -5.72692647047721 0.8089981473500354 -5.875548672015227 0.6817413957114955 -6.011025037670377 0.5405713068949496 -6.132058962447736 0.38683897886799157 -6.237492065764366 0.22201573914547934 -6.326315277973838 0.047679063140713795 -6.397678497879097 -0.13450252339413105 -6.4508987288044075 -0.3227854133439523 -6.485466615358405 -0.5153676057886056 -6.501051318326787 -0.7104059524309693 -6.497503681038457 -0.9060337978346089 -6.474857656900757 -1.1003788446414524 -6.4333299844412535 -1.29158107278667 -6.373318112966166 -1.4778105412111309 -6.295396398688351 -1.6572849016964275 -6.200310607730611 -1.8282864572026292 -6.0889707786144704 -1.9891786014483581 -5.9624425125454845 -2.1384214823947376 -5.821936774853221 -2.2745867397225616 -5.668798305193388 -2.3963711752545467 -5.504492747434687 -2.5026092254870393 -5.330592622406518 -2.592284116860192 -5.148762277758298 -2.664537597002738 -4.960741958970928 -2.718678148816469 -4.768331153972124 -2.7541876087857773 -0.36233115397212445 -3.346187608785777 -0.16157037802729074 -3.362924842390368 0.03985569176142931 -3.3593804727459933 3.7998556917614295 -3.103380472745993
6 0.0 0.0 -1.191 -4.45 -0.15 -5.673 -1.17 -5.448 -1.341 -5.215 -1.744 -6.493 4.0 mitre 10.0 1 4 3.8640013906664974 -1.0341630688278198 3.215804606955195 -3.456057013005232 10.60968380151114 -12.14262209940477 0.37133621650143217 -9.884163073299709
5 0.0 0.0 -0.608 -4.181 -1.469 0.083 1.177 -4.881 3.091 -3.357 0.1 mitre 1.0 2 4 0.0989591342567078 -0.014390613161463365 -0.2016995698951252 -2.081913708652933 1.2087197147985165 -4.72791572271916 3.028710101030111 -3.2787697725535647 6 -0.25027705948964546 -2.415963846802093 -0.5211492555857681 -4.278655708443357 -0.6893677837528297 -4.283269120285808 -1.5841299696403774 0.1479340860144286 -1.4214125441702135 0.20631577143079274 -0.3604845596466711 -1.7840268268968205
3 0.0 0.0 -0.08 -0.711 -0.817 0.09 2.0 mitre 2.0 1 4 1.9874587502551317 -0.2236240506616182 1.5178825821937887 -4.396982244306801 0.8073545702150426 -4.629200571504957 -2.2887887785612224 -1.2641926714102634
6 0.0 0.0 0.991 -3.741 0.423 1.323 0.276 5.554 4.121 7.022 3.577 8.452 -2.0 mitre 4.0 1 7 -1.9333164230686055 -0.5121402232721165 1.0740333976684608 -11.864809930010123 3.856238021772039 -11.343209771023902 2.4191201320549935 1.4694046541998995 2.3244141062064796 4.195263126071075 6.700574184526818 5.866057142969451 5.446306599265255 9.163120832168042
3 0.0 0.0 -1.259 -2.77 0.876 -6.372 4.0 mitre 4.0 1 3 3.6415109299035415 -1.6551127295121149 3.2459213874415402 -2.5254725647938816 4.316964390910777 -4.332450034815517
8 0.0 0.0 -1.442 0.301 4.375 1.494 7.44 -3.139 7.603 -3.311 10.79 -4.928 9.952 -6.994 12.548 -7.477 4.0 mitre 10.0 1 6 -0.8173350483340239 -3.915605115274626 -21.183297553265863 0.3355423978907595 6.219523842082308 5.955546854595311 10.281631156522304 -0.1846629946055003 15.87863662934945 -3.0244364020612577 15.262277186362256 -4.5440051481370825
8 0.0 0.0 -0.697 0.442 3.079 0.432 4.138 -4.805 8.561 -2.552 8.982 -2.495 8.467 -3.502 3.053 -5.31 0.5 mitre 10.0 1 8 -0.26777101267916614 -0.4222542892248389 -2.4263197883949195 0.946581519765639 3.4882316025464646 0.9309179832430188 4.497609709226073 -4.060690274246227 8.409742814031647 -2.0679170693791784 9.862612406633948 -1.871210259929461 8.819144005700153 -3.9115455603961298 3.211376651860153 -5.78425397852371
4 0.0 0.0 -4.936 -2.809 -8.285 -1.263 -10.958 1.933 1.0 mitre 5.0 1 4 0.49460222283173905 -0.8691194631176445 -4.888285088340131 -3.932436006286564 -8.908011634343252 -2.076808284542514 -11.72507901769948 1.2914473672369495
6 0.0 0.0 -0.283 0.59 1.584 -1.551 5.329 -3.54 3.05 -3.015 6.053 -2.983 0.5 bevel 5.0 2 6 -0.4508211295892925 -0.2162413214809657 -0.7338211295892925 0.37375867851903427 0.0938438872383327 0.918616318297042 1.9001232095317044 -1.1527516672573814 4.4371552980148135 -2.5001900715278498 6.047672297145238 -2.4830283852234296 4 5.4174071562751465 -3.4898012709505792 5.2167576258628 -4.027238801254626 2.9377576258627998 -3.502238801254626 3.0059727905783657 -2.872365273789062
4 0.0 0.0 -0.183 -2.643 -2.511 -0.385 -2.709 -1.741 4.0 mitre 10.0 1 3 3.990446121179588 -0.2762964964721395 3.2126960278799626 -11.509047843963462 -2.7390530380496654 -5.7362603049303456
8 0.0 0.0 -3.997 -3.699 -0.213 -4.385 -0.238 -1.955 0.495 -1.636 1.724 -5.706 1.29 -6.932 1.527 -9.52 0.5 bevel 2.0 1 11 0.3396088029744876 -0.36696847404407323 -2.922299314676672 -3.385682041017213 -0.7191984624042453 -3.7850814027135353 -0.7379735410256795 -1.9601437607101408 -0.43752313857312386 -1.4965346063507847 0.2954768614268761 -1.1775346063507846 0.9736534173972966 -1.4914631326827328 2.2026534173972965 -5.561463132682733 2.1953388123488957 -5.872852401761355 1.7979109802231663 -6.9955402408999365 2.0249165311022526 -9.474402543326416
2 0.0 0.0 -4.515 -2.923 -0.3 bevel 1.0 1 2 -0.1630355088855254 0.25183213226758366 -4.678035508885525 -2.671167867732416
8 0.0 0.0 2.325 1.366 -0.696 0.431 2.357 -0.273 4.137 2.228 4.911 -1.922 4.475 -7.494 4.274 -7.666 0.1 round 10.0 3 2 -0.05065662788305649 0.0862201023631818 0.06343926632371508 0.1532545073035904 4 0.31431750700926264 0.3006522177450777 1.5313272143084884 1.0156781360980853 -0.31216940702710805 0.44511562668107674 0.31431750700926264 0.3006522177450777 41 0.5978511443011681 0.23527138556247 2.3143050381418613 -0.1605306259880862 4.055527722745071 2.2859850673785584 4.061555589341613 2.2936364296744483 4.068299261345906 2.3006650432352584 4.0756947557955705 2.3070042216152746 4.0836719053332935 2.3125938196277884 4.092155023944327 2.317380803993734 4.10106362505421 2.32131975651359 4.11031318517347 2.324373304988542 4.119815945843993 2.326512477802375 4.129481746278292 2.3277169787998817 4.139218878791718 2.3279753798537803 4.14893495891141 2.3272852292930977 4.158537801906503 2.3256530751642583 4.167936297423218 2.3230944031041902 4.177041273926423 2.3196334894148922 4.185766344745965 2.3153031707334715 4.194028727700617 2.3101445324829886 4.201750030523171 2.304206519060041 4.208856994634666 2.297545469457568 4.215282190210954 2.2902245827288215 4.220964655946894 2.2823133183640967 4.225850477448195 2.2738867372693643 4.22989329876322 2.2650247895994973 4.233054762201391 2.255811556203029 4.235304872265283 2.2463344508755014 5.009304872265283 -1.9036655491244987 5.010530932372192 -1.9123256265772925 5.010995579205446 -1.9210597131462754 5.010695258209109 -1.9298009929251922 4.574695258209109 -7.501800992925192 4.573451657271876 -7.5115291523018355 4.57126111257528 -7.521088709931803 4.568144693572973 -7.530387718521459 4.564132375113603 -7.539336736832373 4.559262749131842 -7.547849689959591 4.5535826534571555 -7.555844697231311 4.547146721310564 -7.563244859766886 4.540016855822506 -7.569979000118161 4.339016855822506 -7.741979000118161
3 0.0 0.0 -0.644 1.353 -0.018 4.274 -1.0 mitre 4.0 1 3 0.9029345192014436 0.42977814513357704 0.4050319414735965 1.4758374427512435 0.9597975150659281 4.0644480505199345
8 0.0 0.0 0.345 1.048 2.127 6.769 5.473 7.115 5.604 5.733 2.618 3.9 5.907 2.222 10.656 1.201 -0.1 bevel 5.0 1 11 0.09498549680205239 -0.03126908053120998 0.43998549680205234 1.0167309194687901 0.44047557328613784 1.0182608859297504 2.2028680205356665 6.676312059170241 5.382963838596518 7.005156396602715 5.498564345827468 5.785615167647197 2.5656842420753945 3.9852235969246435 2.5725542815136118 3.810923141774892 5.8615542815136115 2.132923141774892 5.885981017746331 2.124233940526275 10.634981017746332 1.103233940526275
5 0.0 0.0 -1.617 -0.921 2.339 0.472 6.04 3.703 3.965 6.82 0.3 mitre 1.0 1 4 0.2917831046611128 0.06918241981211273 2.18506598652772 0.7358515437858701 5.644403539806016 3.755878464791591 3.715274035363006 6.653756375803092
2 0.0 0.0 3.3 -1.964 -1.0 mitre 10.0 1 2 -0.5114289225764607 -0.8593255827404888 2.7885710774235393 -2.823325582740489
5 0.0 0.0 -0.255 -0.217 2.485 -1.495 4.131 -1.509 3.776 -5.666 4.0 mitre 4.0 1 4 2.9383017172098786 2.707276773705588 3.3881370219156475 2.4974630804888096 8.484002225613125 2.454120363081906 7.761493617449636 -6.006353676736739
3 0.0 0.0 -2.63 4.463 -6.633 4.344 1.0 mitre 4.0 1 3 -0.8615369537676058 -0.5076948663250735 -3.191332714943712 3.445871096461604 -6.603285422805312 3.34444157554341
5 0.0 0.0 -2.858 -4.18 -4.387 -3.508 -3.474 -3.199 1.259 -0.713 -0.1 round 5.0 3 2 -0.08254912892159297 0.05644148575548151 -1.5347137228988244 -2.0674381513420785 7 -1.7757327101318683 -2.419943178155978 -2.893720481453549 -4.055068749928065 -4.110883730750244 -3.520121919628929 -3.4419418146448626 -3.2937220816480277 -3.434598799709182 -3.290910529405737 -3.4274993814900276 -3.2875307431245777 -1.7757327101318683 -2.419943178155978 2 -1.3976847235973844 -2.221374132196813 1.3055006185099725 -0.8015307431245778
7 0.0 0.0 -1.079 5.009 -2.375 5.667 -5.79 7.823 -5.555 7.964 -5.349 7.11 -5.631 5.897 -0.1 bevel 2.0 2 5 0.09775762185937728 0.021058190055154337 -0.9812423781406227 5.030058190055155 -1.0337290809098008 5.098165822402581 -2.3255647511067794 5.754051525326664 -5.384964657439431 7.6855496799542475 3 -5.5603577623247205 7.559757827223355 -5.4517656387433755 7.109574945968652 -5.728402450446237 5.919644263005638
6 0.0 0.0 -1.927 3.269 -6.904 1.22 -5.379 0.031 -3.422 0.98 -1.581 4.258 -1.0 bevel 10.0 2 3 0.8614664120361826 0.5078145536842226 -0.8805601280995558 3.4630220055283996 -0.7090978962157577 3.768319776367666 8 -2.9012754281783026 3.9493272864439968 -7.284693736272955 2.144701183714251 -7.5188710258682505 0.4313723175365163 -5.99387102586825 -0.7576276824634837 -4.942670090269214 -0.8687867580012082 -2.985670090269215 0.08021324199879176 -2.5500978962157577 0.49031977636766616 -2.013282531386501 1.4461485465525135
4 0.0 0.0 5.635 0.367 4.836 -1.484 2.143 -1.8 -0.5 bevel 5.0 1 4 0.03249548427284215 -0.49894292609663626 4.852110122235205 -0.18504788223999258 4.491254568766246 -1.0210223872100084 2.084729165656066 -1.3034070984550203
6 0.0 0.0 0.573 -0.377 -1.337 -0.057 -5.058 -2.984 -1.863 -5.07 -1.753 -4.845 2.0 round 4.0 1 33 1.099286556481421 1.670798930673353 1.6722865564814209 1.293798930673353 1.829469008921841 1.179048080754244 1.9747545591353222 1.0495637581066395 2.106767567950819 0.9065719876587484 2.2242580675239916 0.7514266898815063 2.3261135966830233 0.5855968611652091 2.41136973428973 0.4106526645974774 2.4792192308806142 0.22825056284229894 2.529019652124739 0.04011763388978795 2.5602994617261876 -0.15196478181669976 2.5727624861750176 -0.3461779480385877 2.566290719072133 -0.5406829534829436 2.5409454384752577 -0.7336381235712535 2.4969666266864112 -0.9232164583724219 2.4347706979746224 -1.1076229315885784 2.3549465557490032 -1.2851114867978843 2.258250016514907 -1.4540015700250881 2.145596653410058 -1.6126940421008293 2.018053127081776 -1.7596863201432134 1.8768270859890612 -1.8935866047942245 1.7232557317587334 -2.013127058500097 1.558793157864776 -2.117175810056844 1.3849965815148675 -2.2047476717556416 1.2035115991077492 -2.2750134676525846 1.0160566048704363 -2.3273078846378796 0.8244065202077218 -2.3611357719664863 0.6303759878229468 -2.3761768296029597 0.4358021897368639 -2.372288640988817 0.2425274518925064 -2.349508021516602 -0.795433103537489 -2.1756088708686447 -1.6310412837034949 -2.832912053708177 -1.6020203585530144 -2.8518596749488347
2 0.0 0.0 0.537 0.571 0.3 round 2.0 1 2 -0.21853863452421254 0.20552582616375156 0.3184613654757875 0.7765258261637515
4 0.0 0.0 -2.586 3.529 -4.24 7.032 -4.472 8.223 -0.3 mitre 5.0 1 4 0.24198470286486515 0.1773228794583568 -2.3270061717617216 3.68311127719897 -3.952705857344586 7.126174154222411 -4.177534701254498 8.280360158949586
8 0.0 0.0 0.248 0.013 -1.892 -4.701 -2.366 -8.023 0.823 -9.491 0.11 -3.558 0.129 -2.913 -0.408 -2.517 -1.0 bevel 5.0 1 11 -0.9686808678228179 -0.24794726167836345 -2.802564826695623 -4.287633701924346 -2.8819733200119364 -4.559745528691854 -3.3559733200119366 -7.881745528691854 -2.7841547980132444 -8.931375783967463 0.40484520198675583 -10.399375783967463 1.8158562355116392 -9.371683213227742 1.111764852225101 -3.512813399708763 1.1285664140013796 -2.9424445920403506 0.7225057413331831 -2.1081702447072743 0.46835883085629737 -1.9207546459198501
6 0.0 0.0 3.124 -0.916 0.632 0.308 2.074 -4.311 -0.792 -4.598 2.708 -4.946 -4.0 mitre 4.0 2 5 6.846600105719285 -6.175921550368766 17.078999341497614 -9.176202504265357 18.993168119502773 -4.254031639698371 -5.960536309302801 8.002523023567285 -3.825337927533049 1.1630768894518275 4 -3.8969380688414423 -0.8889213181283437 -16.792852000755364 -2.1803125597401003 -16.791146016857308 -7.026951222265756 2.3122371668732895 -8.926373321676689
2 0.0 0.0 0.799 1.607 1.0 mitre 10.0 1 2 -0.8954279100462644 0.44520653399313337 -0.09642791004626439 2.0522065339931332
5 0.0 0.0 0.286 -1.603 2.859 -5.779 3.789 -4.961 1.829 -3.676 -1.0 mitre 10.0 1 5 -0.9844541336484701 -0.17564184792480503 -0.6650711745832039 -1.9657498317766298 2.6294110978795846 -7.312721448490429 5.435407818334026 -4.844651214800394 2.3772835881777277 -2.8397075230907816
7 0.0 0.0 -0.437 4.675 -5.206 6.315 -6.682 3.035 -3.793 1.398 -5.904 1.788 -7.309 2.518 -0.3 round 2.0 1 49 0.29869786452787944 0.027921062416830657 -0.13830213547212056 4.702921062416831 -0.14232735547138425 4.731285278417292 -0.14903976454899465 4.759136215739725 -0.15837815066950256 4.786219895143152 -0.1702573548958356 4.812289334191822 -0.18456904797365276 4.837106799546077 -0.20118271821126688 4.860445974908525 -0.21994686164642457 4.882094024855531 -0.2406903636465337 4.901853535733455 -0.26322405934320087 4.91954431592013 -0.28734245867111063 4.935005039034615 -0.31282562028021066 4.948094715110354 -0.33944115723255724 4.958693976315813 -5.108441157232558 6.598693976315814 -5.1368450724240455 6.606920530268025 -5.165920911174762 6.612310724056397 -5.1953861666302315 6.61481218544482 -5.224954548282848 6.614400609717805 -5.254338763629574 6.611079995830121 -5.283253309565238 6.604882607552122 -5.311417246389667 6.595868659988295 -5.338556927475842 6.584125734514863 -5.364408658077041 6.56976792782105 -5.3887212574394585 6.552934743322078 -5.411258499326293 6.53378973571518 -5.431801407240646 6.5125189218483746 -5.450150382046395 6.489328973342356 -5.466127141314626 6.464445208526338 -5.479576451552532 6.43810940319864 -6.955576451552532 3.1581094031986394 -6.966361046756054 3.1305970453926335 -6.974386589959392 3.102157144161425 -6.979575212230495 3.0730656415416333 -6.981876570251181 3.0436048018215884 -6.981268334780077 3.0140604728334184 -6.977756407305141 2.984719312475308 -6.971374862783667 2.9558660073739857 -6.962185619025345 2.9277805106737373 -6.950277835926232 2.900735325752683 -6.935767050382651 2.874992862221433 -6.918794055278632 2.8508028898579005 -6.899523533423668 2.828400115181827 -6.878142459695211 2.8080019041826283 -6.854858286889307 2.7898061732961166 -6.8298969328814385 2.773989469093174 -5.494793951967862 2.017477326567897 -5.8054407367298175 2.0748682531700586 -7.170683674118472 2.784211558717188
8 0.0 0.0 -2.168 -3.345 -3.648 -3.148 -4.401 -3.195 -5.152 -6.356 -6.006 -0.5 -8.068 3.849 -6.252 3.726 0.3 mitre 2.0 1 9 0.2517478042804295 -0.16316569198205413 -2.019467878477873 -3.6674168261271287 -3.6585468923072493 -3.449242119556597 -4.160496504417125 -3.480572307829059 -4.9880622523321545 -6.963841720824277 -5.368987998395439 -6.9469850685401155 -6.296362819867567 -0.5878434355883816 -8.558323731216667 4.182897594216291 -6.23172706483871 4.025314229698399
3 0.0 0.0 -3.568 1.934 -4.644 4.331 -0.3 round 10.0 1 3 0.1429611406200467 0.2637463028605619 -3.335854225392946 2.149404631859757 -4.3703104336412855 4.453857727743837
2 0.0 0.0 0.336 -0.71 0.1 bevel 5.0 1 2 0.09038933150252441 0.04277579631668762 0.42638933150252445 -0.6672242036833124
3 0.0 0.0 2.795 4.641 1.94 4.797 -0.1 bevel 1.0 1 4 0.08566448585315621 -0.051590656746298556 2.8806644858531563 4.589409343253702 2.812949291859143 4.739375926535689 1.9579492918591432 4.895375926535689
4 0.0 0.0 1.424 -4.842 1.074 -4.221 3.179 -6.952 0.5 round 2.0 2 3 0.479685905688657 0.1410724348824138 1.7978652564645314 -4.341107632854092 3.5750153235130844 -6.6467593350439245 22 1.2930552948885337 -5.324225396003496 1.28563230156555 -5.322473079401909 1.2396818630839717 -5.306786859112652 1.1954695448573567 -5.286717698177502 1.1534122691002753 -5.262454848808452 1.1139066359741936 -5.234227109704516 1.0773251836474682 -5.202300668479727 1.0440128752599662 -5.166976591513607 1.014283845920238 -5.128587984894846 0.9884184404110616 -5.08749685323048 0.6384184404110618 -4.46649685323048 0.6167478600961679 -4.423288112733711 0.5993509582033423 -4.378188699089708 0.586390333784053 -4.331620131137026 0.5779871225008448 -4.284017659072739 0.5742198644404728 -4.235826196413799 0.5751237700439127 -4.187496161640777 0.5806903910141834 -4.13947926838981 0.5908676992778257 -4.092224303539455 0.6055605732620234 -4.046172932652304 0.6246316869424138 -4.001755571975525 0.6448758565622135 -3.964898314670837
4 0.0 0.0 2.806 -0.794 2.399 2.094 3.759 4.588 -0.5 round 4.0 1 24 -0.13613727162701778 -0.48110980375996454 2.669862728372982 -1.2751098037599646 2.7182428394055136 -1.2862384389342156 2.767488054090852 -1.2925146236794773 2.8171129167143976 -1.293876487826842 2.8666282290200225 -1.2903106062194276 2.9155458726905974 -1.2818521310565891 2.963383621182562 -1.268584445366116 3.0096698934798263 -1.2506383410204582 3.053948402904836 -1.228190729400043 3.0957826551591783 -1.2014628974138586 3.134760251252362 -1.1707183260693377 3.170496952900816 -1.1362600930959093 3.2026404703207105 -1.0984278852269707 3.2308739350748086 -1.0575946495929827 3.2549190237382786 -1.0141629172360118 3.274538701590604 -0.9685608349882389 3.2895395592864736 -0.921237944831889 3.2997737194709233 -0.8726607523473424 3.3051402945434543 -0.8233081279353359 3.305586381200599 -0.7736665861476759 3.301107581952809 -0.7242254896624677 2.9172007049553415 1.9999097947814806 4.197974690025173 4.348623264461012
6 0.0 0.0 -3.542 2.999 -5.583 3.184 -5.747 1.22 -7.521 -4.487 -9.75 0.632 -4.0 bevel 2.0 1 5 2.584734720386612 3.0527277024372714 -0.957265279613388 6.0517277024372715 -3.180912932250199 6.982668677174829 -5.221912932250199 7.167668677174829 -8.489807110656102 4.423272704508377
2 0.0 0.0 -5.022 2.295 -0.1 round 4.0 1 2 0.04156441947172912 0.09095272966754844 -4.980435580528271 2.3859527296675482
3 0.0 0.0 -1.855 -4.001 0.511 -5.988 0.5 bevel 1.0 1 3 0.4536173187962507 -0.21031245347839164 -1.2404411100434614 -3.86418187331003 0.8325542936591579 -5.605112501863329
5 0.0 0.0 1.316 3.502 -0.226 7.645 1.09 10.344 1.318 10.378 2.0 mitre 2.0 1 5 -1.8721745732054624 0.7035356191714417 -0.819288878739083 3.5053636602210316 -2.3994476467379893 7.750887509649998 -0.24627949798101464 12.166845589813427 1.0230162191964605 12.356126530094283
3 0.0 0.0 -2.89 -4.385 -3.041 -2.707 -0.5 mitre 4.0 1 3 -0.4174840734540317 0.2751491384907986 -2.5202305737497417 -2.915350309189716 -2.54301225071115 -2.662187038055652
4 0.0 0.0 3.145 4.235 -2.546 3.563 -5.656 8.659 0.3 bevel 1.0 1 5 -0.240850375676386 0.1788605505318144 2.4895103131531973 3.855514769035244 -2.510820056622638 3.265069854522968 -2.8020789075400074 3.4067195050138497 -5.912078907540007 8.50271950501385
7 0.0 0.0 -1.783 0.826 -3.18 0.962 -0.994 2.198 -0.21 2.076 -0.472 3.004 0.445 2.573 -0.5 mitre 5.0 1 5 0.21017430684093186 0.4536813427329074 -1.5890126100321293 1.2871801612057894 -0.8991737417458835 1.6772262916732184 0.4828472168296032 1.4621669078132578 0.30453356763239176 2.0937511309239913
7 0.0 0.0 3.969 2.719 4.06 6.091 1.778 6.913 4.599 4.564 4.441 1.384 3.099 1.935 -0.3 round 1.0 3 2 0.1695482141360588 -0.2474942485862513 2.964423872035516 1.6671610585008299 7 3.5553071272764076 2.0719510738699367 4.138548214136058 2.4715057514137486 4.16110338200784 2.4885736763710584 4.181950858263242 2.507689962460492 4.197306123478729 2.5246980632226337 4.162425955058498 1.8226794836255757 3.5553071272764076 2.0719510738699367 45 4.335359934379809 5.173916416363561 4.359890815303837 6.082906861152833 4.359279291869902 6.1117823352357155 4.3558938917869305 6.140465187790852 4.349765992709483 6.168689571173277 4.3409523912039125 6.19619388706956 4.329534776328148 6.222723211127481 4.315618972494876 6.248031655727957 4.299333958635664 6.271884648999804 4.280830672756918 6.294061108954244 4.260280612967673 6.314355492588145 4.237874247945633 6.3325797009638345 4.213819251574063 6.348564822608203 4.188338578111881 6.3621626990723845 4.161668395737235 6.373247298141571 1.8796683957372355 7.195247298141571 1.8510557193578232 7.203968833157627 1.8217167470254008 7.209797651657686 1.7919431571610123 7.212675805443789 1.7620309490103725 7.2125746808568625 1.7322774999166433 7.209495283244316 1.702978608892617 7.203468226965211 1.6744255558841414 7.194553431032355 1.6469022059606242 7.182839523417178 1.6206821872218016 7.1684429599395605 1.5960261704770944 7.151506866502348 1.5731792777420883 7.132199616180658 1.55236864531601 7.110713155312102 1.5338011656672863 7.087261095229382 1.5176614305766156 7.062076588606614 1.504109895986148 7.035410011532069 1.49328128679924 7.007526474351387 1.4852832574897414 6.978703186027643 1.4801953218365955 6.94922669822094 1.4780680624239793 6.919390056485974 1.4789226277658758 6.889489886909436 1.4827505220544985 6.859823447150942 1.489513689622819 6.830685671205065 1.4991448932815032 6.802366237264496 1.511548382768951 6.7751466878346465 1.5266008466689294 6.749297630730583 1.5441526383321476 6.725076048783066 1.5640292636140665 6.7027227449997 1.5860331156383365 6.682459948580565 3.727725253820151 4.899108359573446
8 0.0 0.0 0.206 0.059 1.447 0.423 -1.127 -4.299 3.583 -4.235 6.319 -6.466 0.441 -5.634 5.149 -2.605 0.3 bevel 2.0 2 7 -0.08260122984968893 0.2884042940514563 0.12248035079545146 0.3471412516148703 1.3625636253604578 0.7108723651859117 1.7104070354551677 0.27941471637831394 -0.6180058658384984 -3.9920560372769662 2.504573921864278 -3.949626078378245 4.9866806464304645 -2.3527056729596003 7 3.616072800312627 -3.947970157502417 3.772586991250846 -4.002498875812499 6.508586991250846 -6.233498875812499 6.276955665693023 -6.7630391791543385 0.3989556656930232 -5.931039179154339 0.27868064643046486 -5.3817056729596 1.5517796973937397 -4.562628139958802
4 0.0 0.0 1.168 2.078 -0.052 4.847 -4.851 4.262 4.0 mitre 10.0 1 2 -3.981245709463737 0.33841357199974864 -4.36698134271078 0.2913922455880962
8 0.0 0.0 1.547 2.38 6.129 -0.338 6.62 -5.587 4.476 -10.779 3.737 -9.747 4.792 -10.367 4.418 -11.982 4.0 round 1.0 2 38 -3.3537744652025485 2.1799534023816567 -1.8067744652025486 4.559953402381657 -1.583340166954286 4.870174780844231 -1.3313101742472264 5.1576483832236395 -1.0529867840464069 5.419748134761171 -0.7509124838140313 5.654079751125746 -0.42784672585642824 5.858502610229601 -0.0867407196945913 6.031149306836383 0.26928952726971955 6.170442711330084 0.6369916745184483 6.275110376812737 1.0130067585863556 6.344196162921879 1.393899877232015 6.37706897018408 1.7761915673104196 6.373428505116098 2.1563895897099785 6.333308023409396 2.53102083099812 6.257074026139012 2.8966630303535785 6.145422911771902 3.2499760419594903 5.999374614558707 3.5877323472749474 5.820263287422298 8.169732347274946 3.1022632874222986 8.48431993873763 2.8950276810112476 8.778017027471979 2.659116745834823 9.048218668080727 2.39662289318454 9.292528307969256 2.1098743114541585 9.508779043561237 1.801414316280109 9.69505283964303 1.4739787926115149 9.849697541370926 1.130471928787315 9.971341528053305 0.7739404578469993 10.058905878735995 0.40754663454157475 10.111613941688267 0.034540187725079385 10.602613941688269 -5.21445981227492 10.619972521628698 -5.601826537537616 10.59974278475276 -5.989053935695629 10.542114832806078 -6.372503175221182 10.447630203937608 -6.748570928486309 10.317176783787811 -7.113723232750591 8.75720488217199 -10.891416382559052 8.688872288027078 -11.269433582490482 8.314872288027079 -12.88443358249048 20 0.4221191086825471 -11.97858015557487 0.2740425319727633 -11.748980413149535 0.09598703991155766 -11.403207904964832 -0.047646682987362965 -11.041777774350777 -0.1555007379997333 -10.66810694529546 -0.22655548377146983 -10.28572806411501 -0.2601391759051639 -9.89825610217174 -0.25593431756383067 -9.50935418029962 -0.21398066105397762 -9.122698938029517 -0.1346748320113078 -8.74194577501002 -0.01876657974197604 -8.370694293227968 0.1326483108317018 -8.012454266734476 0.3181383786113474 -7.6706124605951445 0.5359500192113145 -7.348400612754861 0.7840240633576196 -7.0488648815133335 1.060015244066495 -6.774837047451868 1.3613143685618319 -6.528907742065459 1.6850729853204252 -6.313401956194032 2.0282303130452766 -6.130357059793619 2.076205209458608 -6.1104823134549076
4 0.0 0.0 0.577 -0.244 5.518 2.35 7.383 4.24 0.5 bevel 5.0 1 4 0.1947418827627772 0.4605166653857477 0.553950307924778 0.30861570223231927 5.216725988676098 2.7565493423596057 7.0271006130545235 4.591191723096991
6 0.0 0.0 5.013 -1.5 5.148 -1.812 2.202 2.939 3.182 5.035 2.979 7.098 -0.1 mitre 2.0 2 2 -0.028666402659232322 -0.09580311768715441 4.876215492687107 -1.5634517997177768 4 5.006216821595729 -1.3935895869617074 2.3155176681886083 2.9456879683123027 3.2842055697023254 5.017493929100824 3.0785193558085426 7.107792743203652
2 0.0 0.0 0.406 -0.279 4.0 bevel 2.0 1 2 2.2654260276607183 3.296641459606637 2.6714260276607185 3.017641459606637
2 0.0 0.0 -4.009 3.129 -0.3 mitre 5.0 1 2 0.1845821507496982 0.2364940371861745 -3.824417849250302 3.3654940371861746
7 0.0 0.0 2.728 -3.753 6.332 -5.49 7.721 -8.207 11.61 -4.588 12.516 -2.113 16.098 -0.138 -4.0 round 2.0 1 36 -3.235540727882574 -2.3518665349490178 -0.5075407278825739 -6.104866534949018 -0.26023359123337997 -6.4120336598517245 0.016117768176706182 -6.6933562302416885 0.3188273453223309 -6.94609992326475 0.6449529457190111 -7.167808189291354 0.9913247821674678 -7.3563261284216725 3.3830110165739304 -8.50903395005431 4.159426553312326 -10.027767580952956 4.353035705379103 -10.364965826920983 4.578469417417191 -10.681773027477824 4.833597521746432 -10.975195608799197 5.116009262507702 -11.242460962947693 5.423036075371262 -11.481043646792891 5.751776803328294 -11.68868924542241 6.099125110296621 -11.863435674553793 6.4617988335039955 -12.003631720656497 6.836370997292556 -12.107952643594746 7.219302195288808 -12.175412694358787 7.60697403495368 -12.205374429602017 7.995723328488445 -12.197554734969092 8.381876707019908 -12.1520275002994 8.761785330988566 -12.069222921427379 9.131859368754451 -11.94992343517708 9.488601917625482 -11.795256325962058 9.828642046781816 -11.606683073852231 10.148766649867108 -11.38598554476 10.44595080626523 -11.135249153237215 14.33495080626523 -7.516249153237215 14.59800183918236 -7.247294080962622 14.834621628434142 -6.954815445579722 15.042717084510475 -6.6414004523496875 15.220447438228062 -6.309821505206744 15.366240523792278 -5.96301168264881 15.757824963592554 -4.893285977896398 18.02935279378503 -3.6408383328293574
2 0.0 0.0 -2.339 3.947 -0.3 bevel 5.0 1 2 0.25808639794408356 0.15294250944798873 -2.0809136020559165 4.099942509447989
6 0.0 0.0 1.973 2.024 -1.05 3.543 0.391 2.24 -1.611 -0.243 -0.048 -3.466 1.0 bevel 4.0 1 2 -0.13771233012347422 -0.9892634608261545 0.8517775727320119 -3.0296511491839486
4 0.0 0.0 0.396 0.765 1.736 6.031 -2.501 8.832 0.3 bevel 1.0 1 4 -0.26642117470580895 0.1379121374947717 0.11375407131009856 0.872341590025502 1.3926809575702945 5.898333368418182 -2.6664410509729173 8.581741616218405
6 0.0 0.0 0.429 -4.726 -3.784 -7.225 -4.038 -7.959 -1.034 -8.425 -2.428 -11.051 -2.0 mitre 1.0 1 8 -1.991810577190404 -0.18080548828072013 -1.6769165621930204 -3.6497777840327816 -5.109475625418965 -5.685848303615415 -5.558010278362817 -6.235676438000982 -6.2339589058510025 -8.189008298537704 -5.269018116929842 -9.791957645275264 -4.11869917768881 -9.970402593905865 -4.194527485303734 -10.11324702417616
7 0.0 0.0 -1.084 -0.499 -2.546 3.7 -0.966 5.543 0.206 2.017 3.581 0.692 3.912 -1.292 -0.3 round 5.0 1 16 -0.12544637435594017 0.2725127651339462 -0.9093220252660612 -0.08833036199165378 -2.2059545291032148 3.6357188060057526 -1.0834093981126087 4.945117968294162 -0.07868562531899051 1.922373921476501 -0.06814523977683454 1.8951624544415724 -0.055010941731534174 1.8691037921499754 -0.03940700552740198 1.8444444969348304 -0.02148107277678593 1.8214178905719578 -0.0014027554019291621 1.8002418466315797 0.02063796920225469 1.7811167289981424 0.04443255569981275 1.7642234960636056 0.06975586403187195 1.7497219885319815 0.09636828965101416 1.737749417035602 3.313074316168212 0.4748944584769986 3.6160898888710733 -1.34136806793532
3 0.0 0.0 3.603 1.28 3.973 4.1 1.0 round 5.0 1 3 -0.3347619967793001 0.9423027143717331 2.691166220674509 2.017292477996733 2.9814979023834165 4.230090700751112
3 0.0 0.0 -1.393 2.459 -4.364 6.913 -0.1 round 2.0 1 4 0.08700879461689823 0.049289650630882156 -1.3059912053831018 2.508289650630882 -1.3098093408504525 2.5144915690016405 -4.280809340850452 6.968491569001641
7 0.0 0.0 -4.74 -2.27 -1.198 -2.827 -3.765 0.387 -4.442 -1.659 -4.202 -1.604 -3.415 -2.125 -0.5 bevel 10.0 2 11 -0.21596336883917194 0.4509543472676983 -2.357170952791165 -0.5744762889287204 -3.3743166763315333 0.6990361206773348 -4.239688512156198 0.5440694636997778 -4.916688512156197 -1.5019305363002222 -4.727637739304243 -1.7096998343685277 -4.955963368839172 -1.8190456527323018 -4.8176733520856825 -2.7639300055430662 -1.2756733520856827 -3.320930005543066 -0.8073166763315334 -2.514963879322665 -1.7166204604312798 -1.376474451158822 2 -3.2828940022481654 -1.0178077915167774 -3.7823153422639857 -1.2569821463344804
3 0.0 0.0 4.252 -1.851 4.982 -1.855 0.3 mitre 5.0 1 3 0.11974319211509303 0.27506647913202353 4.315253313897656 -1.5513420898753902 4.98364381093941 -1.5550045035578108
6 0.0 0.0 2.39 -1.724 5.644 2.159 4.553 1.631 4.61 2.979 9.475 2.862 2.0 mitre 5.0 1 5 1.1700392973820202 1.6220382370899238 2.051667237814233 0.9860856976317084 2.549039351361338 1.5796001158564803 2.6947546309807193 5.025638658434116 6.773517234166669 4.927547142591823
8 0.0 0.0 -0.689 -0.566 1.334 -0.945 3.993 -3.47 6.34 -5.851 7.737 -8.554 7.484 -10.081 6.785 -8.615 2.0 round 2.0 1 49 1.7195513446060346 1.0167004465554565 1.888488611165458 0.9765989123872342 2.06961634023716 0.9148033766976785 2.2440084088695134 0.8359785781380912 2.4100679985942874 0.7408462748427821 2.566274587166526 0.6302775443786303 2.7111978712046163 0.505284807735871 5.370197871204616 -2.019715192264129 5.417346628446267 -2.0659926346226842 7.764346628446267 -4.446992634622684 7.89789271122373 -4.596818872604131 8.015749857146979 -4.759275485174085 8.116731172338863 -4.932726434421979 9.513731172338863 -7.635726434421979 9.590280499552506 -7.802101476275946 9.65128985940747 -7.97478127260099 9.696247681496063 -8.152317883703661 9.72477698937681 -8.333222644947295 9.736638561564707 -8.515978649373968 9.731732937430529 -8.699053467141528 9.710101251189483 -8.880911995121767 9.457101251189483 -10.407911995121768 9.415957025461866 -10.598244673020936 9.356498148717645 -10.783673952163442 9.27928828182663 -10.962441991929126 9.185059362274238 -11.132854099207282 9.074704665508381 -11.2932947938228 8.949270336827677 -11.442243123036036 8.80994547408731 -11.578287079937368 8.658050855236997 -11.700136989052277 8.495026417552193 -11.806637732263518 8.322417607253504 -11.896779699150562 8.141860728917766 -11.969708357938774 7.9550674335660885 -12.024732356327243 7.763808492479362 -12.06133007540067 7.569897010562946 -12.079154574495263 7.375171238395197 -12.078036880142069 7.181477145898937 -12.057987587909075 6.990650922834754 -12.019196761956897 6.804501572008703 -11.962032133260182 6.624793760208094 -11.887035613575394 6.4532310894358265 -11.794918158201945 6.291439947029327 -11.686553026236936 6.140954087762489 -11.562967502215251 6.003200094089827 -11.42533315761251 5.879483852367514 -11.27495474453038 5.770978173254569 -11.11325782685032 5.678711673650893 -10.941775266110522 4.979711673650893 -9.475775266110523
6 0.0 0.0 4.293 -1.629 2.506 -0.488 0.757 -5.766 0.706 -9.417 -3.643 -10.733 -1.0 round 10.0 2 8 -0.354772405898398 -0.9349526939974355 1.119089312744811 -1.4942167843002045 -0.19223935335379627 -5.451445314699547 -0.21933607665290988 -5.549741207286262 -0.23628250263824846 -5.650285394384728 -0.24290245092861906 -5.7520325869632 -0.2836865916339817 -8.671697248047098 -3.9326286602673326 -9.77586090919253 46 2.990699338526072 -2.204408429303157 3.938227594101602 -2.5639526939974355 4.031280407213652 -2.59414395545522 4.126837965367483 -2.615098462754497 4.223985750404778 -2.626615674171576 4.321794025157978 -2.628585366096964 4.419326731349497 -2.620988687912595 4.515650447986115 -2.603898342398623 4.609843324513642 -2.57747788994322 4.701003903238593 -2.5419801832143305 4.788259746583267 -2.4977449472740996 4.870775786608512 -2.4451955282950992 4.947762316896399 -2.3848348419942416 5.018482550307801 -2.3172405605592346 5.082259670284566 -2.243059584130317 5.138483308212941 -2.163001849747078 5.186615384857693 -2.0778335370108145 5.226195259962418 -1.9883697354865522 5.256844140732634 -1.895466644020168 5.27826870701096 -1.8000133766257835 5.290263918450257 -1.702923453363867 5.292714976819114 -1.6051260576452147 5.285598424659756 -1.507557143631368 5.268982369783852 -1.4111504788366598 5.243025833457718 -1.3168287076572107 5.207977228515001 -1.2254945213519308 5.164171981961821 -1.1380220189817953 5.112029324826853 -1.0552483419861258 5.052048279978556 -0.9779656624558147 4.984802886307504 -0.9069136017784248 4.910936704980009 -0.842772152211301 4.831156660340044 -0.7861551691256272 3.044156660340044 0.3548448308743728 2.96112151013077 0.4024293408329981 2.8739178465953956 0.4418583000417895 2.783344378706011 0.4727705738625516 2.6902306798830833 0.4948830330155348 2.595429589831496 0.507993146794982 2.499809403277849 0.5119808380725221 2.404245917153336 0.50680958309821 2.3096144090630184 0.49252674602599833 2.216781620511664 0.46926314509968525 2.126597818312775 0.43723185447269064 2.039889006891317 0.3967262526359425 1.9574493628086134 0.3481173353285554 1.9381880390386903 0.3341178311077229
7 0.0 0.0 3.138 2.454 4.826 3.019 2.916 1.706 0.78 -2.728 4.48 -2.261 5.351 -1.828 -0.5 round 1.0 1 30 0.30801196917322315 -0.39386371608214105 1.9789084566199815 0.9128220647318631 0.32954329546968136 -2.511000559116653 0.3105565822309264 -2.555887021078331 0.29603012554035535 -2.602408755816674 0.2861019435725204 -2.6501237529335286 0.2808663655627616 -2.698578664655165 0.28037313557014487 -2.7473131131615576 0.2846269398512477 -2.7958640647092454 0.29358736233529076 -2.8437702289885456 0.3071692686236518 -2.8905764419161266 0.3252436148653222 -2.935837990221328 0.34763867382305247 -2.97912483673765 0.3741416664811352 -3.020025706254244 0.404500783692663 -3.0581519931070775 0.43842757865826826 -3.093141453383133 0.4755997075050226 -3.1246616466574153 0.5156639919268239 -3.1524130945622884 0.5582397747876322 -3.1761321261790547 0.6029225368054401 -3.195593383217277 0.6492877399542853 -3.210611961179726 0.6968948610675308 -3.221045166169404 0.7452915773185095 -3.226793870646947 0.7940180638116139 -3.227803455257138 0.8426113624517381 -3.224064327776083 4.542611362451739 -2.757064327776083 4.59762922231906 -2.746966424824404 4.651174866576952 -2.7307862972164716 4.70257813238884 -2.708726451063924 5.57357813238884 -2.275726451063924
7 0.0 0.0 1.843 -1.589 2.401 -0.2 3.758 -3.981 6.949 -1.389 10.669 3.299 12.706 2.744 -2.0 bevel 1.0 1 9 -1.3059767913337492 -1.514735825316614 0.5370232086662508 -3.103735825316614 1.2555096876126148 -2.9289463434007836 1.8755660082642474 -4.656605111553932 5.018983775201289 -5.533391676954983 8.20998377520129 -2.9413916769549826 8.515681121038066 -2.6321855311991484 11.415822136500848 1.0226158345238407 12.180246143840792 0.8143412522589073
7 0.0 0.0 -0.498 2.972 -2.157 5.476 -5.034 4.052 -6.343 1.131 -7.308 5.8 -6.531 7.402 1.0 bevel 1.0 1 9 -0.9862500465344746 -0.16525993377327333 -1.4491022693421074 2.5969826489260934 -2.503638073002003 4.188638858910649 -4.268381246627106 3.3151615286214082 -5.430442427987302 0.7220517419498041 -7.322302013135063 0.9285955359444558 -8.287302013135063 5.597595535944455 -8.207753967228419 6.2363975234310125 -7.430753967228419 7.838397523431013
7 0.0 0.0 3.616 -0.844 3.786 -0.623 3.142 -0.202 5.127 0.657 5.484 0.762 2.254 0.784 -0.5 round 10.0 1 61 -0.11364886148931037 -0.4869126577551497 3.5023511385106896 -1.3309126577551496 3.5492325426001776 -1.3395220546376951 3.5967207260746714 -1.34362817134036 3.644384118647 -1.343193691675519 3.691789557738287 -1.338222564173101 3.738506225038268 -1.3287599661965428 3.784109561761005 -1.314891893373121 3.8281851270143568 -1.296744378069901 3.87033236421852 -1.274482344017752 3.9101682413446244 -1.2483081074925544 3.9473307318910615 -1.2184595386747863 3.9814821049626135 -1.1852078998969648 4.0123119945523005 -1.148855380424846 4.1823119945523 -0.9278553804248462 4.209950261379735 -0.8880776789472371 4.233609942681702 -0.8458123407993456 4.2530690028230325 -0.801456007469343 4.268144827138588 -0.7554249435095262 4.278695935691049 -0.7081511300777706 4.284623310997498 -0.6600782109855964 4.285871327264659 -0.6116573292973914 4.282428272412347 -0.5633428935524691 4.274326457986153 -0.5155883133420878 4.261641915927893 -0.46884174426115455 4.244493685049491 -0.4235418821663613 4.223042693906431 -0.3801138462097744 4.1974902505545 -0.3389651892837874 4.169395634838244 -0.30220838020728713 5.297467173486203 0.18595960553507904 5.625083161995775 0.28231724921436474 5.6714475023593085 0.29846636167451995 5.716004514475784 0.3190847651492944 5.758324589278187 0.34397366145498226 5.79799968576493 0.37289307724029774 5.834647265242871 0.405564177757488 5.867913979682598 0.4416719553266214 5.89747907862365 0.48086826657145765 5.92305750178104 0.5227751891425301 5.9444026275348145 0.5669886655626427 5.961308650802345 0.6130823990616123 5.973612567366385 0.6606119638374595 5.981195745526455 0.7091190901138013 5.9839850699200205 0.7581360826778477 5.9819536464849925 0.8071903302964173 5.975121061766456 0.8558088625311562 5.963553194067438 0.903522910017136 5.947361578264571 0.9498724242356117 5.926702330412953 0.994410513202267 5.901774642508928 1.0367077503030033 5.87281886192398 1.076356314732408 5.840114174027388 1.112973923613694 5.803975910341326 1.1462075178874556 5.764752508182577 1.175736666430705 5.722822151105333 1.2012766555844065 5.678589122537229 1.222581234300955 5.632479907766027 1.2394449884434773 5.584939081860782 1.2517053213444822 5.536425023175248 1.2592440215277352 5.487405493763006 1.2619884024777277 2.2574054937630064 1.2839884024777277
8 0.0 0.0 -2.833 1.363 -4.584 3.663 -4.038 3.476 -3.412 7.756 -1.759 12.217 -3.849 16.535 -0.556 17.593 0.3 bevel 1.0 1 12 -0.1300643443176473 -0.27033916907695876 -2.9630643443176474 1.0926608309230412 -3.071698587511758 1.1812777275073532 -4.822698587511757 3.481277727507353 -4.486795734360072 3.9468156633123024 -4.282560418948716 3.876866938070684 -3.70884171138385 7.79941656806689 -3.6933086508392963 7.860237435516108 -2.0847265235193086 12.201365608519415 -4.119031954807808 16.404299030674313 -3.9407662542358466 16.820620297919323 -0.6477662542358464 17.878620297919323
8 0.0 0.0 1.354 -3.237 3.352 -8.816 4.056 -8.706 6.243 -13.922 7.087 -11.524 7.339 -11.458 4.427 -9.72 -4.0 bevel 10.0 3 4 -3.6901793189313423 -1.5435597151167864 -2.376532750305988 -4.684086999193796 -0.4137903133327825 -10.16463757770907 0.5625484466079326 -10.744523027235783 9 1.0232927305131412 -11.817635787166171 2.554132980925492 -15.468693284263027 8.077733485515276 -15.306800581058399 8.100437567350715 -15.393488893520985 8.352437567350716 -15.327488893520986 8.35653311546144 -15.298629167194031 10.016121826496816 -15.249987832178194 10.860121826496815 -12.851987832178192 9.737412286857833 -12.45683902006172 3 9.064842351760149 -10.307450901968474 9.388998376088079 -8.0232501316637 6.753554729045811 -6.45031020770784
4 0.0 0.0 -0.25 2.061 3.287 -0.021 3.209 1.112 4.0 bevel 5.0 1 4 -3.970893266623081 -0.48167070191934513 -4.220893266623081 1.5793292980806548 1.7791026123391704 5.508135417792337 2.5461684302777656 5.0566140627038
5 0.0 0.0 -2.801 2.735 -0.285 -1.338 1.76 -4.696 5.134 -4.075 -0.3 mitre 5.0 1 6 0.2095881094084603 0.21464581150021841 -3.6463616402270973 3.979737766249683 -3.831116436888586 3.831753635028242 -0.5407305775589678 -1.494852726279204 1.6111933839675174 -5.028427622516825 5.188304214316993 -4.370044153149006
2 0.0 0.0 1.088 -2.649 0.5 mitre 5.0 1 2 0.4625088134809014 0.1899620947781128 1.5505088134809015 -2.459037905221887
2 0.0 0.0 0.573 -3.24 0.1 round 2.0 1 2 0.09847192387629897 0.017414942092938052 0.671471923876299 -3.2225850579070623
6 0.0 0.0 -3.41 0.634 -3.137 -1.571 2.478 -2.362 2.637 -2.552 4.87 1.364 -4.0 round 2.0 1 53 0.7311650516064896 3.9326069810380595 -2.6788349483935106 4.56660698103806 -3.0704370706779427 4.619561066779711 -3.4653532498462702 4.633616983878763 -3.8597291938980454 4.608637549784359 -4.249715883404567 4.544866558086339 -4.631507137062223 4.44292639914531 -5.001376759155472 4.303811985704422 -5.355714906378722 4.1288810427675 -5.691063319085147 3.9198408565121126 -6.004149073113528 3.678731611565168 -6.291916522782934 3.4079064792654283 -6.55155712329891 3.110008651246978 -6.780536841511261 2.7879455424906383 -6.976620887500698 2.4448604156156635 -7.137895525619662 2.0841017033521854 -7.262786752116556 1.7091903286000885 -7.350075657054019 1.323785341023093 -7.398910320592412 0.9316482055570692 -7.4088141275335 0.5366060913686206 -7.379690418976279 0.1425145195553177 -7.106690418976278 -2.0624854804446824 -7.037269349179416 -2.458636752197414 -6.928417747052842 -2.845814287389638 -6.7812360690605935 -3.220103839349661 -6.597212277031163 -3.577721454981437 -6.378206795317698 -3.9150517293750946 -6.1264337024758015 -4.228684356446759 -5.844438347605309 -4.515448606091849 -5.535071617648011 -4.772445379298396 -5.201461115791082 -4.997076517152914 -4.8469795423537345 -5.187071067433785 -4.47521059781672 -5.3405082432448685 -4.089912752704601 -5.455836841584591 -3.694981250596249 -5.531890925534689 0.9877045504211426 -6.191553342027076 1.1075430887004545 -6.248046747063416 1.4701139290211338 -6.378013185726822 1.8435039101368567 -6.472505573949858 2.2242510327337044 -6.530647796679244 2.6088250835122526 -6.551900770529302 2.9936603666389714 -6.5360674420582985 3.3751887641847853 -6.4832946148096475 3.7498728190208315 -6.394071588178001 4.114238533433237 -6.2692256207203805 4.464907579354547 -6.1099142599756675 4.798628621564768 -5.917614609908865 5.112307463439456 -5.694109635490291 5.403035735739252 -5.441471631391009 5.668117862444062 -5.162043008069511 5.905096053609867 -4.858414573397335 6.111773093519261 -4.533401511192163 8.344773093519262 -0.6174015111921625
8 0.0 0.0 -0.353 0.857 -5.532 2.051 -5.102 3.393 -5.895 3.954 -7.312 2.974 -2.163 1.3 -5.099 -1.654 -4.0 bevel 10.0 3 4 3.6985336126463864 1.5234333316968196 3.3455336126463866 2.3804333316968194 0.5456135207742409 4.75475496154924 -0.9237337820334417 5.093507747714981 6 -2.4364890618068884 5.595000741868831 -2.7918733492302326 6.658473144492732 -3.584873349230232 7.219473144492733 -8.170270183970656 7.243854949680022 -9.587270183970656 6.263854949680022 -9.20942197463726 3.682923689656482 2 -9.082616687560852 2.8167670657329644 -8.68588820655693 0.10687215801033093
3 0.0 0.0 0.66 0.107 1.109 -0.252 1.0 bevel 2.0 1 4 -0.1600317718857802 0.9871118639683638 0.4999682281142198 1.0941118639683638 1.2844828895444786 0.8880384885946264 1.7334828895444785 0.5290384885946264
6 0.0 0.0 -5.038 -1.771 -5.3 0.141 -10.123 3.051 -10.65 4.027 -5.376 2.996 -1.0 mitre 10.0 1 5 -0.33163465313718815 0.9434078952598272 -4.213614775694617 -0.4212183050278278 -4.374147167174062 0.7503005213412579 -6.901710882804592 2.2753285977428424 -5.56785575499615 2.014576865325227
7 0.0 0.0 -1.19 0.557 -1.033 5.208 -0.858 7.591 -3.0 3.994 -1.592 2.163 -3.336 3.348 0.1 bevel 4.0 1 10 -0.042392682297143894 -0.09056964440502913 -1.2323926822971438 0.4664303555949709 -1.2899430746549836 0.5603736965643588 -1.1329430746549836 5.211373696564359 -1.1327314372710666 5.215323962032076 -0.9887459415370458 7.175995026798772 -2.879352536879874 4.001152858989178 -1.5127279453391873 2.223958521552389 -1.6482011619312564 2.080287066322269 -3.392201161931256 3.265287066322269
7 0.0 0.0 0.184 -0.502 -0.923 -1.868 -4.188 -5.984 -3.067 -9.406 -0.943 -5.24 2.614 -7.488 4.0 bevel 2.0 1 5 3.755666443452935 1.3765789354488847 3.939666443452935 0.8745789354488847 3.291654564067511 -3.020428698698927 3.2037808593610655 -3.128861833865146 4.750973307552041 -4.106677021813786
8 0.0 0.0 1.081 -1.489 3.776 -3.677 3.956 -4.325 4.574 -4.809 4.853 -3.632 6.767 -6.179 6.506 -8.211 -4.0 mitre 2.0 1 5 -3.2369173225405703 -2.3499715417504072 -1.8476128832693814 -4.263638803614237 0.26363011389418883 -5.977701763834606 0.45400731592791754 -6.663059691156029 2.511292079109546 -8.274266528340346
7 0.0 0.0 -4.827 1.606 -6.01 1.804 -3.222 -0.291 -4.395 1.812 -3.29 2.801 -3.0 2.716 -0.1 mitre 1.0 2 5 0.03156969682006701 0.09488600656940438 -4.087061868213551 1.4652034487579255 -4.268694874500206 1.7908421633536922 -3.264752852914055 2.689392986293695 -3.02812704352767 2.620037145611479 8 -4.368252334577007 1.5587588432016193 -4.799117461371367 1.7021127677161711 -4.806659935243263 1.703986641151392 -6.07095136698391 1.915592476725904 -6.1328591548414755 1.7712344987728401 -3.2172924372064142 -0.41962356200386536 -3.095194117689347 -0.31305561292357603 -3.9427050898337126 1.206395004654941
4 0.0 0.0 2.112 2.17 0.308 2.886 -2.349 5.015 1.0 mitre 5.0 1 4 -0.7166188580767542 0.6974649899806935 0.35004982332111967 1.7934266560002892 -0.20028111450887917 2.01185068675765 -2.9743037639051684 4.234618552984484
8 0.0 0.0 1.654 -2.647 2.172 -1.438 2.991 -1.516 1.021 -4.0 -1.123 -7.412 0.596 -11.065 -5.019 -12.443 0.3 round 2.0 1 61 0.2544156889929296 0.1589737625970176 1.6042779068911768 -2.0012954579450986 1.8962446948455154 -1.319851738569046 1.9089828992976077 -1.2937016814439353 1.924193719740692 -1.26890816854725 1.941734159701295 -1.2457042829610312 1.961439322021704 -1.224308163727951 1.9831239590532739 -1.204920955132619 2.006584214164098 -1.187724915750107 2.0315995381891794 -1.172881705038471 2.0579347628066142 -1.1605308635829623 2.085342311348035 -1.150788501279111 2.1135645262595557 -1.1437462057870285 2.1423360913328184 -1.1394701815185204 2.17138652593483 -1.13800062725137 2.2004427277883987 -1.1393513582218144 3.0194427277883986 -1.2173513582218143 3.0483978308312247 -1.2215420420231946 3.0768070423505436 -1.228533216730955 3.104400171861221 -1.2382583916265957 3.130914790360475 -1.250625073832541 3.156098726202127 -1.2655156479808867 3.1797124634165765 -1.2827884948137265 3.201531419666878 -1.3022793380764297 3.2213480821760436 -1.3238028068940169 3.238973981311489 -1.347154198771396 3.2542414830565116 -1.372111426450158 3.267005383321217 -1.3984371301060239 3.2771442889299323 -1.4258809347985477 3.284561772150993 -1.454181831703224 3.2891872877885713 -1.4830706604789003 3.2909768441143763 -1.5122726691615338 3.289913421258232 -1.5415101272379954 3.286007133078358 -1.5705049670478581 3.2792951309718514 -1.5989814283916781 3.2698412505402086 -1.6266686811937896 3.2577354044703233 -1.653303401276345 3.2430927274050685 -1.678632274747277 3.226052480936313 -1.702414407183791 1.266267493461468 -4.173534157888113 -0.7817000642997851 -7.432706409325331 0.8674472946717624 -10.937264467686624 0.8786762282362828 -10.964530352891488 0.8871741405592632 -10.992766905994728 0.8928589307183603 -11.021701325046235 0.8956756762223017 -11.051054065800162 0.8955971636338228 -11.080541542477128 0.8926241514869829 -11.109878867572915 0.8867853629587363 -11.13878260424352 0.8781372083655608 -11.16697350467493 0.8667632401661873 -11.194179207981422 0.852773345735819 -11.22013687156712 0.8363026857106882 -11.24459571052848 0.8175103881599344 -11.267319420563709 0.7965780112008022 -11.288088460980685 0.7737077889103061 -11.306702175746537 0.7491206774801424 -11.322980732086762 0.7230542204915411 -11.336766857904504 0.6957602539342906 -11.347927361234232 0.6675024731424445 -11.356354417049946 -4.947497526857555 -12.734354417049946
5 0.0 0.0 -2.429 1.895 2.54 5.14 3.278 3.985 9.035 4.433 -4.0 mitre 5.0 1 2 3.9970742539529276 0.028864044085564925 9.345335004696643 0.4450566472353277
3 0.0 0.0 -2.824 4.916 -4.066 2.592 -0.3 mitre 1.0 1 4 0.2601336078846754 0.14943395212903238 -2.651892933791481 5.218669957398149 -3.005291449629523 5.213259744401301 -4.330586028563547 2.7334009670722574
6 0.0 0.0 -2.095 -2.821 -1.676 2.807 -2.05 2.007 -1.268 4.838 0.426 3.434 2.0 bevel 10.0 1 8 1.6056511585708675 -1.1924279252768406 -0.4893488414291327 -4.013427925276841 -4.089480254273928 -2.672512575241511 -3.7088362028099744 2.440291056355457 -3.9778045385640346 2.5395125924256714 -3.195804538564035 5.370512592425671 0.008251310096351494 6.3778644724381905 1.7022513100963514 4.973864472438191
8 0.0 0.0 1.831 2.075 2.338 5.65 -2.329 2.021 -2.406 2.721 -6.172 5.739 -7.435 1.602 -7.586 0.841 -0.5 bevel 1.0 1 12 0.37490838204039995 -0.33082276988721554 2.2059083820403997 1.7441772301127847 2.326046496950593 2.004793405887007 2.833046496950593 5.579793405887007 2.0310765370632216 6.044712538309712 -1.9880245008182043 2.91951055277903 -2.093324087298585 3.1111714669428525 -5.859324087298585 6.129171466942852 -6.6502107680399325 5.884994730489349 -7.913210768039932 1.7479947304893488 -7.925438496815819 1.6993143403668713 -8.07643849681582 0.9383143403668713
4 0.0 0.0 -1.031 2.334 -6.523 4.438 -3.651 0.683 -0.1 round 5.0 1 38 0.09147304010255285 0.040406471442044546 -0.9395269598974471 2.3744064714420445 -0.9439500109195221 2.383216860943062 -0.9492190689556725 2.391548929768702 -0.955282925957474 2.3993217015886654 -0.9620826495159733 2.406459635675746 -0.969552155604222 2.4128933610585346 -0.9776188508237705 2.4185603507125246 -0.9862043379133644 2.423405529237402 -0.9952251776632602 2.427381808114722 -6.48722517766326 4.5313818081147215 -6.496687888073532 4.53447628084648 -6.506411400584548 4.536614493708752 -6.51629933705317 4.537775253024349 -6.526253689588196 4.537947053503661 -6.5361757919913375 4.537128192283532 -6.545967297723262 4.535326785805815 -6.555531154701207 4.53256068936829 -6.564772567266121 4.528857320145365 -6.573599935784442 4.524253385432749 -6.581925764571289 4.518794518809687 -6.589667529135884 4.512534827825091 -6.596748494153159 4.505536357690812 -6.603098474053938 4.497868476297887 -6.608654528694819 4.48960718665136 -6.613361587212384 4.480834373538767 -6.617172993878155 4.471636991899171 -6.620050970543879 4.462106204937549 -6.62196699109343 4.452336480527415 -6.622902064189822 4.44242465485801 -6.62284692151478 4.432468972607072 -6.621802109635052 4.422568113152851 -6.619777984584918 4.412820212477439 -6.616794609218578 4.403321890456167 -6.612881554349848 4.3941672931744415 -6.608077605650243 4.385447159764463 -6.602430379210642 4.377247923011195 -3.7304303792106412 0.6222479230111951
8 0.0 0.0 -1.14 -0.769 1.565 0.012 4.601 4.696 5.284 4.546 5.611 9.519 7.336 13.667 10.788 12.554 -4.0 bevel 4.0 1 10 -2.2368921487942486 3.3160689852086382 -3.3768921487942487 2.547068985208638 -0.03042419113548589 -4.612025048628054 2.674575808864514 -3.831025048628054 4.921587718778984 -2.163619196031809 7.957587718778983 2.5203808039681905 7.405452485796024 2.8782549643730295 9.275380480894366 4.283546467473868 9.558887930522529 8.595113889494803 9.615857740505112 8.732105641267413
6 0.0 0.0 -0.521 1.016 0.647 1.59 -0.074 1.892 2.027 -2.536 1.817 -1.645 -2.0 mitre 1.0 2 5 2.672590233821846 0.7689260536200467 2.607398086794529 2.9372220885219975 -0.5704635644322227 4.26830977045054 -2.470765790657528 2.2777952056224087 -2.3171028764019743 1.95394019166544 4 -0.4682584484179308 -1.9426248378982651 0.9912188248394737 -5.0185721801085394 4.386336133820931 -3.8281069150471603 3.763662280385141 -1.186190708326734
2 0.0 0.0 -0.901 -1.826 0.1 bevel 5.0 1 2 0.0896772106741049 -0.044249269889029864 -0.8113227893258951 -1.8702492698890298
5 0.0 0.0 -2.504 3.468 -1.587 2.815 -0.758 7.081 -1.399 8.685 -0.5 round 1.0 1 15 0.40537659865930536 0.2926940608543543 -1.1935818450381357 2.5072259629081586 -1.1719385018240798 2.53620984104176 -1.1462070571434366 2.5789881750253802 -1.1248696006751215 2.624119162774708 -1.1081388321316015 2.6711529217963967 -1.0961815300445084 2.719620602064439 -0.2671815300445083 6.985620602064439 -0.26033020468339957 7.032784081160544 -0.25800037746518684 7.080385618160791 -0.26021321565688044 7.127992737027509 -0.26694861487628074 7.175172911009891 -0.27814538174707926 7.22149749229557 -0.2937017898613462 7.266545606420746 -0.9347017898613462 8.870545606420746
4 0.0 0.0 0.641 5.259 0.891 4.893 1.84 9.301 0.3 mitre 5.0 1 4 -0.2977960861136971 0.03629726016331619 0.4395548678792408 6.085795960707561 0.7447353924113159 5.639011672792602 1.5467197781444955 9.364140410739763
4 0.0 0.0 0.79 1.33 -1.044 -3.192 -1.886 -3.867 -1.0 mitre 2.0 1 3 -0.9516203621838288 -0.30350550003539717 -1.8727656502869177 -2.574726324900265 -2.5114857659267873 -3.0867644223550297
7 0.0 0.0 3.169 -3.733 2.533 -5.87 1.969 -6.149 1.328 -5.254 1.94 -6.962 -0.682 -10.96 1.0 round 5.0 1 31 0.7623473068744929 0.6471681263019738 3.931347306874493 -3.085831873698026 3.9917574459760568 -3.164607367138739 4.044059340664858 -3.248984349100999 4.087737557689627 -3.338131287526473 4.122361649825747 -3.43116964261107 4.147590397916855 -3.52718252478244 4.163175173577086 -3.6252237306130413 4.168962389414689 -3.7243270676201625 4.164895012630131 -3.823515876057357 4.1510131270722415 -3.921812653860374 4.127453538213355 -4.018248689894101 3.4914535382133547 -6.155248689894101 3.4571337340133557 -6.252069158214233 3.4130624225545314 -6.344858012891695 3.359704646609134 -6.432636141102638 3.2976234402060003 -6.514477303469673 3.227473887466179 -6.589517907787995 3.149996210121188 -6.656966121695268 3.0660079566547784 -6.71611022812793 2.976395375488786 -6.766326135396686 2.9243058099590695 -6.792093846004471 2.930408669213388 -6.823831016697069 2.939356108728852 -6.926120089934236 2.937767225683972 -7.02878744905227 2.925658771849339 -7.130750660669677 2.9031584079999204 -7.23093471531035 2.8705033579733166 -7.328283361347989 2.828037907592469 -7.421770241184431 2.7762097748219485 -7.510409712251913 0.15420977482194853 -11.508409712251915
8 0.0 0.0 0.819 -3.762 0.383 -4.02 -1.361 0.374 -6.321 -1.0 -8.784 2.392 -6.188 2.263 -0.836 1.923 -0.1 mitre 1.0 1 9 -0.09771130283760038 -0.02127207789048238 0.7059278159565643 -3.7127133048790633 0.43277854554363254 -3.8743475061784585 -1.2821841402754084 0.44649311394130364 -1.3507824700204887 0.48059640422711786 -6.28084222003498 -0.8851096636196385 -8.580368926847886 2.2817578108056042 -6.19365179095003 2.1631574600618357 -0.8423399848658204 1.8232011794062617
2 0.0 0.0 -0.152 -1.035 2.0 mitre 2.0 1 2 1.9787748929085025 -0.2906026895865627 1.8267748929085026 -1.3256026895865627
7 0.0 0.0 -0.857 -2.051 2.061 2.286 -0.343 2.473 1.111 -1.721 2.618 1.408 2.345 0.456 -2.0 mitre 5.0 3 6 -1.8587002139752906 0.739207009975463 -6.500485716813015 -10.369663545824038 -4.696912699789675 -11.341003481295807 -0.05996991406025275 -4.449152603397073 0.8093098173473688 -6.95655232383969 3.649870256835262 -1.058666713250692 3 5.3060828813003855 3.5263686349439447 5.634229814536252 4.014090790339405 5.450052740966868 4.02841737634501 3 1.7970364962875935 4.312574629986868 -3.2331891892236775 4.703860904192611 -1.8587002139752906 0.739207009975463
6 0.0 0.0 0.305 0.354 1.498 -0.996 1.706 -1.041 1.707 -0.355 1.573 4.641 4.0 mitre 10.0 1 3 -3.0303696365312534 2.6109116924916167 -2.3938051526369923 3.3497439131426603 -2.425561994690107 4.533752740734893
4 0.0 0.0 0.945 0.15 -0.07 3.573 1.805 5.13 -2.0 round 4.0 1 21 0.3135350884014168 -1.9752710569289258 1.2585350884014168 -1.8252710569289259 1.4543537879243658 -1.7840524084747809 1.645073354308657 -1.723471990339601 1.8287844968329952 -1.6441362721815893 2.003648086002332 -1.5468394826864442 2.1679135650456822 -1.4325556585558878 2.3199364747137277 -1.3024288934408412 2.4581949159357217 -1.1577618844370272 2.5813047855282814 -1.0000028908038645 2.6880336324316167 -0.830731235462725 2.7773129957586247 -0.6516414944188299 2.848249101140816 -0.4645265323862553 2.900131808290131 -0.27125955444614347 2.932441720202717 -0.07377535341870398 2.944855382834555 0.12594905931871808 2.937248523195047 0.3259142456629166 2.9096972934420617 0.5241183571297159 2.8624775085238223 0.7185771753291498 2.2224569024908694 2.876991494985109 3.082703227835209 3.5913400435510487
2 0.0 0.0 2.437 -2.675 -1.0 bevel 10.0 1 2 -0.7392269091166176 -0.6734564401933447 1.6977730908833824 -3.3484564401933445
3 0.0 0.0 -4.826 3.39 -4.661 8.5 0.5 mitre 1.0 1 4 -0.28740219439688136 -0.40914542482576677 -5.216862538948536 3.053529786121211 -5.329819950941538 3.2797675809292 -5.160739548624189 8.516136404211936
4 0.0 0.0 1.724 0.342 1.901 0.46 -0.42 5.952 0.1 mitre 5.0 1 4 -0.019458408233224537 0.09808858419321374 1.6850575740729143 0.4362234252307425 1.7766728593135457 0.49730028205783 -0.5121119959377278 5.913072115336586
4 0.0 0.0 0.106 0.541 -3.563 -0.836 -3.394 -5.459 -2.0 bevel 1.0 1 6 1.9626812066476476 -0.3845549129475982 2.0686812066476477 0.15644508705240184 -0.5967502154699279 2.413469528365407 -4.265750215469928 1.0364695283654073 -5.561664971287311 -0.9090638936075179 -5.392664971287312 -5.532063893607518
2 0.0 0.0 0.15 -2.29 -1.0 mitre 5.0 1 2 -0.9978616106568631 -0.0653621142351657 -0.847861610656863 -2.3553621142351657
2 0.0 0.0 -0.737 1.343 0.1 mitre 10.0 1 2 -0.08766703276256195 -0.048109160942671744 -0.8246670327625619 1.2948908390573282
3 0.0 0.0 1.524 2.902 3.549 -0.009 -2.0 mitre 2.0 1 2 1.762701328526481 -0.9434226319502519 1.9071781008454618 -1.1511124513184263
3 0.0 0.0 0.348 -3.304 -0.742 -2.088 4.0 mitre 4.0 1 3 3.977995414881708 0.41898983183378763 5.620900235795088 -15.179163985113924 -3.720529637270745 -4.7578990991982835
6 0.0 0.0 -0.431 -0.884 -0.207 -2.793 1.428 -0.243 -2.723 -0.307 -1.233 0.558 2.0 mitre 5.0 1 3 -2.2785242911174572 -2.300384785877649 -10.354724389948085 -2.4249034094202075 -2.237131007365323 2.2876591918778395
3 0.0 0.0 3.859 -0.39 6.758 -1.663 0.1 bevel 1.0 1 4 0.010055026485733155 0.09949319797036985 3.869055026485733 -0.2905068020296302 3.8992061104566265 -0.2984387162499917 6.7982061104566265 -1.5714387162499917
4 0.0 0.0 2.155 -3.566 -1.856 -1.327 2.867 -4.983 2.0 round 5.0 1 8 1.7117159929729473 1.0344217512217335 3.866715992972947 -2.531578248778266 3.9589955450033196 -2.702518631580174 4.034256144344155 -2.8816051257170776 4.091787780051628 -3.0671482233742307 4.131047696801883 -3.257397504929121 4.151665515262435 -3.450558152467166 4.151689744559714 -3.453200475272144
3 0.0 0.0 0.499 0.548 -0.954 3.911 -0.1 mitre 1.0 1 4 0.07393903572043503 -0.06732769858484867 0.5927825825318991 0.5024644129435729 0.6024879151294773 0.5606061055477113 -0.8622016690443538 3.9506619015398616
8 0.0 0.0 -0.895 5.392 -2.244 6.236 -0.066 2.42 -0.552 2.865 -1.645 3.53 0.074 1.227 -0.117 0.211 1.0 mitre 1.0 2 2 -1.0889439399279224 0.45342055476462456 -1.229785800345266 1.3019337518264313 6 0.4178541779774373 3.5896140781258956 1.2265877900412085 2.1726593197992883 0.8440735084623198 1.8670978992535134 1.0008427824283168 1.6570690231955199 1.0955378003665155 1.2483876243223417 0.9420169363099207 0.431753080440141
4 0.0 0.0 0.669 0.286 -3.244 0.113 -0.137 3.277 -1.0 bevel 10.0 1 5 0.3930897349759977 -0.9195001143319668 1.0620897349759977 -0.6335001143319667 0.6248315438599906 1.2850240975483065 -0.7513023322537826 1.224183013835635 0.5765045259302591 2.576349379878219
2 0.0 0.0 0.163 1.879 -0.1 bevel 10.0 1 2 0.09962584725838115 -0.00864236993247266 0.2626258472583812 1.8703576300675273
4 0.0 0.0 0.425 -0.167 3.314 -4.457 6.209 -5.654 0.1 mitre 4.0 1 4 0.03657201265310187 0.09307248729082811 0.49055259655314415 -0.08531517744165909 3.3800921432122744 -4.376116373415238 6.247209802823485 -5.56158782023894
6 0.0 0.0 3.529 -3.737 8.082 -5.246 3.571 -2.717 2.102 2.413 4.925 1.014 -4.0 mitre 2.0 1 5 -2.9082036792712675 -2.746334167553734 1.313252457170307 -7.216603813879085 14.088544860990748 -11.450716758611138 16.714076366552877 -5.499670699300403 8.45055404519602 -0.8668957157687046
2 0.0 0.0 -0.836 4.752 -0.1 bevel 5.0 1 2 0.0984875225589115 0.017326508598327024 -0.7375124774410885 4.7693265085983265
3 0.0 0.0 0.408 0.574 2.998 -0.402 -1.0 round 1.0 1 2 0.7733637372398949 -0.6323272702067968 2.645372425180948 -1.337763748751379
8 0.0 0.0 -1.65 -2.2 -1.849 -3.057 -0.226 -2.725 3.416 1.291 1.106 5.807 1.119 7.525 -0.499 3.187 1.0 bevel 10.0 1 4 0.993073289600093 0.10785996413648036 2.2110002083457525 1.450856808091057 0.8865188894912789 4.040189118024738 0.4379490423651268 2.8375339901920755
8 0.0 0.0 5.125 1.638 4.422 1.937 6.92 0.424 7.888 0.052 11.851 -1.864 15.032 -5.367 12.819 -4.679 -4.0 round 4.0 2 7 1.2177540664094093 -3.8101279550355454 4.47227463000404 -2.769951431490569 4.847734209390563 -2.99736149698769 5.15948207168063 -3.1677372710244374 5.485117629346341 -3.3097799322385537 6.29725166473606 -3.6218810284833634 8.827270672888526 -4.8450746746151125 19 7.922871140703606 4.4930773117625185 7.682711642447005 4.713404226128826 7.372166413907966 4.947115154872072 7.0404052466445375 5.149584078607058 6.690560362886562 5.31889944852593 5.987560362886562 5.617899448525931 5.624679980502654 5.751912956346204 5.250551398886099 5.850247063424937 4.868673697503482 5.9119820890110395 4.482618430332001 5.936540649362635 4.095996222500827 5.923693057793172 3.71242300151516 5.873559472841894 3.3354861788891994 5.786608774477636 2.9687110984781295 5.663654178846403 2.6155280653048276 5.505845632576265 2.279240263247906 5.31465905777272 1.9629928616444836 5.091882548291872 1.6697435997416665 4.839599646392358 1.5227008992110658 4.686004098193855
5 0.0 0.0 0.511 2.285 0.639 2.052 0.432 1.649 0.085 3.343 -0.1 round 5.0 2 2 0.09758947549525299 -0.021824167167647384 0.44923675714751465 1.550610350592466 2 0.4060600948387437 2.2739558075065562 0.18296581227692632 3.363067377131106
5 0.0 0.0 -0.085 -1.989 0.234 -0.291 2.219 -1.612 3.606 -1.488 -2.0 mitre 4.0 1 6 -1.9981762138060912 0.0853921458891492 -2.41950395903834 -9.773677092545455 0.4261731483194532 -10.100091676365446 1.6416622143881527 -3.630184359172184 1.696514099026038 -3.6666878048178493 3.7840928723543814 -3.4800549512542487
6 0.0 0.0 -1.838 5.298 1.924 1.652 0.668 -0.533 -2.168 4.253 -1.581 4.455 -1.0 mitre 1.0 1 4 0.601088687443469 1.5415389288520314 0.6691467704613926 1.475579393848483 0.6548803314402664 1.4507607877488324 0.601088687443469 1.5415389288520314
4 0.0 0.0 -2.971 -4.349 -4.187 -6.2 -1.414 -7.222 -1.0 bevel 10.0 1 6 -0.8257168627226583 0.5640848009080289 -3.7967168627226586 -3.784915199091971 -3.8067824427225307 -3.7999392488651553 -5.022782442722531 -5.650939248865155 -4.532815120700231 -7.138302670941037 -1.7598151207002308 -8.160302670941038
2 0.0 0.0 -3.696 -1.708 -4.0 mitre 5.0 1 2 -1.6779769147296308 3.6310320122018243 -5.3739769147296315 1.9230320122018243
3 0.0 0.0 -1.341 -3.606 -5.288 -7.117 -0.5 mitre 2.0 1 3 -0.468643515921636 0.1742792442736866 -1.766277117032615 -3.3151068598323468 -5.620317019088951 -6.743415472986589
3 0.0 0.0 -0.833 0.447 -2.044 2.196 -0.1 bevel 10.0 1 3 0.04728377369807668 0.08811495188030843 -0.7644943629341554 0.5237269891847595 -1.961784165509315 2.2529258865455803
7 0.0 0.0 -0.358 -0.448 -2.193 -2.022 -1.48 -0.382 -6.081 3.431 -4.34 -0.272 -0.884 -0.473 0.5 bevel 4.0 3 6 0.39060447070736404 -0.31213482257418823 0.03260447070736405 -0.7601348225741882 -0.032468077503343795 -0.8275114852486432 -1.8674680775033439 -2.4015114852486428 -2.65153947311979 -1.822647168088774 -2.2480276812970574 -0.8945134533772989 4 -2.899582395202383 0.14507063664592956 -4.675575950163024 1.6168948976902515 -4.0140586546685455 0.2098882663197428 -2.899582395202383 0.14507063664592956 2 -1.2141253663140317 0.04704492402829113 -0.8549691965586963 0.026156500960923534
5 0.0 0.0 1.03 1.996 1.045 4.605 4.125 5.522 10.069 5.58 -0.1 bevel 5.0 1 6 0.08886557743831597 -0.045857487355443614 1.118865577438316 1.9501425126445564 1.1299983473016337 1.9954250765774149 1.1445722202596216 4.5303073797367786 4.140047512918359 5.4221420691419935 10.069975727439546 5.480004760333485
3 0.0 0.0 -4.994 -2.091 -5.203 0.024 2.0 mitre 4.0 1 3 0.7724296822616513 -1.8448177107674253 -6.718143603084809 -4.981139044299554 -7.193305948663975 -0.17267798736206708
6 0.0 0.0 0.402 4.174 0.037 5.093 -2.001 4.424 -2.659 4.377 0.732 2.838 -0.1 round 5.0 2 3 0.09953941615846293 -0.009586690296047461 0.3786599829443096 2.888545761853514 0.6906723160971684 2.7469394567157233 53 0.3989271650753879 3.0989816280602827 0.501539416158463 4.164413309703953 0.5019999281832239 4.173880152805302 0.5015621089568326 4.183348072532229 0.5002298915490481 4.192732015541908 0.4980152436937724 4.201947682881154 0.49493806027908055 4.2109122872708 0.1299380602790805 5.129912287270799 0.1257582582930894 5.139064862799939 0.12067986429662633 5.147751075891695 0.11475429214524699 5.155882986991647 0.10804153255863311 5.163378268319991 0.10060954577224618 5.170161037361148 0.09253357350529759 5.176162625101254 0.08389537721069815 5.181322271235891 0.07478241031897354 5.185587739309742 0.06528693285638018 5.188915845560463 0.055505077400861746 5.191272896112753 0.04553587583214369 5.192635028096439 0.035480256729185436 5.192988451235085 0.025440023565376765 5.192329587459281 0.015516824046269605 5.190665107131161 0.005811121024309012 5.188011861513391 -2.020449257920551 4.522865544774377 -2.666124704998791 4.476745869983073 -2.6758435339505806 4.4755712704800725 -2.685400942355448 4.4734520100503055 -2.6947053364839286 4.470408398693958 -2.7036675473769787 4.466469604957915 -2.7122016853995463 4.4616733763980605 -2.7202259633666412 4.456065677824367 -2.727663480353438 4.449700250795668 -2.7344429586777554 4.442638098585703 -2.740499426992002 4.434946901556298 -2.7457748429381685 4.4267003685404465 -2.7502186493986227 4.417977530451347 -2.7537882590118663 4.408861982887124 -2.7564494623098765 4.399441084989722 -2.7581767555656387 4.389805122235789 -2.758953585208931 4.380046441182905 -2.7587725064679938 4.370258564463403 -2.7576352547167384 4.360535294507217 -2.7555527288437367 4.3509698145833 -2.752544886802372 4.341653795774774 -2.748640554343155 4.332676518446179 -2.7438771487612197 4.324124016622234 -2.7383003203064784 4.3160782534780076 -2.7319635146929904 4.308616335842207 -2.7249274609002483 4.301809775241416 -2.7172595891750593 4.29572380256709 -2.7090333848116175 4.290416742933217 -2.7003276839028314 4.285939456715723 0.18614926665901538 2.975916446714342
6 0.0 0.0 2.241 -3.791 -1.466 -4.235 -0.411 0.327 -3.734 4.436 -4.435 4.331 -0.3 round 2.0 2 4 -0.2264497177446167 -0.20646122085730048 1.748747549341275 -3.547814562902198 -1.077446722834568 -3.8863174646680667 -0.2264497177446167 -0.20646122085730048 23 -0.11567203607209765 0.27642673311945754 -0.11339534522439115 0.28916523482442813 -0.11109862272315552 0.319308192185721 -0.11184714150185676 0.3495292532585943 -0.1156333009942539 0.3795215490865321 -0.12241865599784957 0.4089805336278835 -0.13213430705194906 0.4376070761597258 -0.14468160005259312 0.46511049869381044 -0.15993312800037407 0.4912115275622374 -0.1777340247092465 0.5156451292020379 -3.5007340247092467 4.624645129202038 -3.5195742256070712 4.645813219974321 -3.5403276791612655 4.66510921443918 -3.5628092089383823 4.682360940604832 -3.586818219433113 4.697414466832194 -3.6121404859178763 4.710135475317713 -3.638550065901596 4.720410460568191 -3.66581131514234 4.728147742174029 -3.693680990225582 4.733278282844224 -3.7219104189474503 4.735756304404051 -3.7502477191373296 4.735559696259084 -3.7784400461219705 4.732690212680966 -4.4794400461219706 4.627690212680967
3 0.0 0.0 4.206 -2.389 1.659 -2.578 -4.0 bevel 4.0 0
5 0.0 0.0 1.623 -2.124 6.989 -2.375 7.622 -2.301 4.628 -7.189 0.3 mitre 10.0 1 5 0.2383742301155532 0.18214754024366425 1.7765582369305393 -1.8308548198765024 6.978522259628458 -2.0741818734913324 8.200215523024402 -1.931361491988489 4.883823993307451 -7.345697429615898
9 6.209012 0.0 5.638773 2.599245 4.032797 4.721057 1.686072 5.9757 -0.970353 6.132719 -3.448542 5.163273 -5.293299 3.245431 -6.165776 0.731464 -5.905716 -1.916859 0.1 mitre 2.0 1 9 6.111334993142397 -0.021429006774456794 5.545797232432708 2.5563869560689354 3.966301620822368 4.64321312449372 1.6582709502866122 5.877168753965853 -0.9543531889640906 6.031598722709938 -3.3916802014430187 5.078137577115455 -5.206019638363537 3.191918213599002 -6.064110663707315 0.7194031550812138 -5.8061946831465985 -1.907086206552639
12 4.571589 0.0 4.146247 1.925633 2.949369 3.492943 1.203671 4.410284 -0.766007 4.506957 -2.593146 3.764972 -3.937751 2.3224 -4.549617 0.447674 -4.314887 -1.510356 -3.277241 -3.187337 -1.629763 -4.271217 0.320981 -4.560307 1.0 mitre 2.0 1 12 3.595126067216019 -0.21568528206371865 3.2174255477479026 1.4942624409566887 2.2886661330922533 2.7104715434583193 0.9340307039346747 3.422314381806557 -0.594409692264923 3.497331170551623 -2.012242355383718 2.921561856589084 -3.055635839573474 1.802147437280377 -3.530434627309352 0.34738833620770354 -3.3482876567866904 -1.1720136690429566 -2.543090013004946 -2.47332562887006 -1.2646715203700811 -3.31440043278069 0.4675747596829296 -3.571110219969847
4 0.0 -1.263555 2.304223 0.026835 2.976821 1.93538 5.760041 -0.523459 0.3 bevel 4.0 1 5 -0.146583182973766 -1.0018044117116842 2.0588955564650537 0.23328772589151614 2.6938771183408843 2.0350933884273927 3.1754462836880752 2.1602088163911195 5.958666283688075 -0.2986301836088805
11 0.0 1.3913 1.758898 0.44248 3.249059 -0.329799 5.883213 1.978692 8.882376 -1.879652 12.850123 0.550975 3.428378 -1.267853 12.316811 1.059024 6.109179 1.153848 18.587865 0.895197 27.727776 -0.838457 -1.0 round 2.0 4 4 -0.4747673038639266 0.5111886393292164 1.2841306961360734 -0.43763136067078356 1.2987672965251087 -0.445371190076187 2.4538814824295705 -1.0440114902693285 4 5.491837522987428 0.30603250888092615 5.529802963646966 0.3393042454891796 5.537335599475557 0.3334851989926403 5.554830095090403 0.3225231509544225 25 7.344289469097738 -1.5303657578256684 8.092848169541549 -2.4933667586066104 8.156210592959065 -2.5671720372476954 8.226444004972539 -2.6344719903945926 8.302883855923831 -2.694629824823476 8.384806870731165 -2.7470763261510784 8.471437892529408 -2.791315244750214 8.561957217216634 -2.826927991271617 8.655508349507315 -2.853577597343005 8.751206107104315 -2.871011903969156 8.848144996307806 -2.8790659474643254 8.94540777981102 -2.877663520341251 9.042074155614193 -2.8668178923876093 9.137229464936668 -2.8466316851070737 9.229973346732796 -2.8172959007130163 9.319428256922418 -2.779088114862541 9.404747771726862 -2.732369850231212 13.372494771726862 -0.30174285023121183 13.454521640685304 -0.24570704645125319 13.530584050894637 -0.1818092507964848 13.59993138665603 -0.11068003345798039 13.661879299435805 -0.033021327322602434 13.68108753560722 -0.0033129391487948193 18.483602235324806 -0.10285669155963785 27.541419251240086 -1.8209391434467066 5 12.590346304330446 2.0197248953740163 12.52842332790672 2.0363776835137513 12.43081189247795 2.052504647277153 12.332084608186857 2.0589073516430574 7.024417478867173 2.1399840372247105
9 10.712396 0.0 9.799935 4.32628 7.217995 7.915552 3.406426 10.156362 -0.985448 10.666973 -5.209446 9.360401 -8.545982 6.459227 -10.426659 2.457685 -10.53109 -1.962539 0.3 mitre 1.0 1 9 10.418853861477006 -0.061911331041640726 9.519450656518272 4.202457335179565 7.011408454466456 7.68900065169464 3.308930523613228 9.865676338855286 -0.9572434564945442 10.361673118853258 -5.060346235381473 9.092496569996971 -8.30138709253633 6.274357197990979 -10.128237154296892 2.387343505667697 -10.2311736912035 -1.9696247404611005
15 0.0 0.0 1.066243 4.198654 2.132485 0.010341 3.198728 -4.198629 4.26497 -0.020682 5.331213 4.198578 6.397455 0.031022 7.463698 -4.198501 8.529941 -0.041363 9.596183 4.198399 10.662426 0.051703 11.728668 -4.198272 12.794911 -0.062043 13.861153 4.198119 14.927396 0.072382 -0.1 mitre 5.0 1 15 0.09692352755858609 -0.024613610169985308 1.066362450822972 3.7928450863182523 2.03556150386038 -0.014272803827011139 3.198369554752409 -4.604431146684148 4.361893392922759 -0.04529642012835707 5.3318104338332395 3.792789432751292 6.300531780040729 0.006406549020299957 7.4628615223167385 -4.604268858499799 8.626863977908174 -0.06597989413382688 9.597258534785517 3.792658170447568 10.56550333254007 0.027084253554686397 11.727353447880315 -4.603978810874545 12.891833287879921 -0.0866640110383623 13.86270657900052 3.7924530202236966 14.830576998615134 0.0473603899231574
17 11.544897 0.0 11.440333 1.550299 11.128535 3.072516 10.615151 4.539076 9.909481 5.923414 9.024307 7.200453 7.975664 8.347061 6.782547 9.342467 5.466569 10.168641 4.051567 10.810617 2.563175 11.256766 1.028352 11.499006 -0.525099 11.532949 -2.069038 11.357981 -3.575498 10.97727 -5.01719 10.397713 -6.367999 9.629809 -2.0 bevel 5.0 1 32 13.540363279322237 0.13458947985585368 13.435799279322238 1.6848884798558537 13.399652753855143 1.9516294151855673 13.087854753855144 3.4738464151855672 13.016216392268914 3.7333177564154107 12.502832392268914 5.199877756415411 12.397000240614993 5.447378418646878 11.691330240614993 6.831716418646878 11.553220520596394 7.062764862741383 10.668046520596395 8.339803862741382 10.500162253178157 8.550212708861707 9.451519253178157 9.696820708861706 9.256899965010998 9.882780506277868 8.063782965010997 10.878186506277867 7.8459560789653215 11.036326832091818 6.529978078965321 11.862500832091818 6.29288740988914 11.989958623446904 4.87788540988914 12.631934623446906 4.625827487190917 12.726400101724007 3.1374354871909174 13.172549101724005 2.8749739674437342 13.2323118496074 1.340150967443734 13.4745518496074 1.072041695109172 13.498528745692397 -0.4814093048908279 13.532471745692398 -0.7503089013603204 13.52022867340515 -2.29424790136032 13.34526067340515 -2.5590696980985084 13.297019146829168 -4.0655296980985085 12.916308146829168 -4.3214741545965465 12.83294227084239 -5.763166154596547 12.253385270842388 -6.005596917568163 12.136405544788584 -7.356405917568163 11.368501544788584
12 11.798976 0.0 11.74863 1.088816 11.598023 2.168339 11.348439 3.229359 11.002009 4.262819 10.561689 5.259901 10.031236 6.212095 9.415178 7.111276 8.718772 7.94977 7.94796 8.720422 7.109321 9.416654 6.210013 10.032526 -2.0 bevel 4.0 1 22 13.796841357146567 0.09237973107568202 13.746495357146568 1.181195731075682 13.729445846882761 1.3651646579271342 13.57883884688276 2.444687657927134 13.544885055081803 2.626299848198464 13.295301055081804 3.687319848198464 13.24473313623303 3.865022864702273 12.898303136233029 4.898482864702274 12.831552507520616 5.070761172490806 12.391232507520616 6.0678431724908055 12.308867925372066 6.233228181751187 11.778414925372068 7.1854221817511865 11.681141383247047 7.342498567905026 11.065083383247046 8.241679567905027 10.95372920605805 8.389110177950066 10.25732320605805 9.227604177950065 10.13283876302384 9.364130346485746 9.36202676302384 10.134782346485744 9.225474440433626 10.259238705941145 8.386835440433625 10.955470705941146 8.239383624485093 11.066792922861303 7.340075624485093 11.682664922861305
11 2.848632 0.0 2.728095 0.81988 2.376684 1.570375 1.824139 2.187972 1.11722 2.620405 0.315753 2.831078 -0.512436 2.802162 -1.297258 2.536105 -1.972296 2.055421 -2.480421 1.400791 -2.778634 0.627614 2.0 bevel 5.0 1 11 0.8699020621620623 -0.29090863360146707 0.7921339786048414 0.23806169374112893 0.690097811387348 0.45597642411636646 0.5296601492752102 0.635302666879345 0.32439804264579497 0.7608645891873859 0.09168266027538623 0.8220359758447544 -0.14879274541881912 0.8136398406255548 -0.3766746522311314 0.736387194190104 -0.572678763900905 0.5968157324148062 -0.7202187972912504 0.4067362597293021 -0.9126206236820795 -0.0921040554929794
15 1.607819 0.0 1.372331 1.95721 -1.081377 2.983002 -3.818766 1.031143 -3.637426 -3.036238 0.463456 -5.501185 5.446556 -3.17268 6.435356 2.965628 1.406215 7.741708 -6.081609 6.152484 -9.300561 -1.578281 -4.382959 -9.228126 5.425596 -9.567319 11.727404 -1.124975 8.162263 9.55127 2.0 bevel 4.0 2 15 -0.37785983255159983 -0.23891331891821085 -0.47415317031552456 0.5614089208771544 -0.8262101833190942 0.7085891344490047 -1.7723216303726135 0.033976887912456566 -1.6872128933968287 -1.8749767886581001 0.581310963326389 -3.2385349390897207 3.6404332105865933 -1.8090670479463316 4.293005445480096 2.241994208146577 0.7920314779337908 5.566802907468899 -4.6389856942615735 4.414117850439647 -7.051110708763348 -1.378938907702387 -3.2669984414254873 -7.265521902367916 4.448856752650623 -7.532346533605061 9.49916621798296 -0.7665977496383554 8.393360409788786 2.544871202277998 2 7.748128335503022 4.477096521538303 6.265237446647058 8.91779225775015
13 0.0 0.0 0.605509 0.31293 1.211018 0.429574 1.816527 0.276765 2.422036 -0.049645 3.027545 -0.344916 3.633054 -0.423836 4.238562 -0.236904 4.844071 0.098627 5.44958 0.372294 6.055089 0.412438 6.660598 0.193878 7.266107 -0.146292 -1.0 mitre 2.0 1 13 0.4591169566774299 -0.8883758326807718 0.9364003675403081 -0.6417134415993503 1.181879345738835 -0.5944248795251467 1.4513736420889236 -0.66243568354451 1.9654381214874508 -0.9395509480913181 2.7361862899343703 -1.3153993375380322 3.719857054965963 -1.443607666029092 4.632586669402962 -1.1618304272709965 5.293087156314621 -0.7958269675801317 5.69641889256475 -0.6135363884733571 5.9124229477146715 -0.5992157643539163 6.243094942947318 -0.7185726546363849 6.77631485345529 -1.0181312358589545
12 0.0 -0.41201 2.081454 0.503564 3.282103 -1.667192 8.837104 1.215668 2.360434 0.107166 6.549247 0.131642 5.694382 1.871532 4.737189 -0.540556 20.228825 1.37743 17.184919 -0.737501 4.605225 -0.572343 25.463897 -1.861949 -2.0 mitre 4.0 4 7 1.3893470991793884 -2.3773372756874718 1.6613922160010623 -2.8691909061917658 1.6332458643561327 -2.9401185843575224 1.6963043037623482 -2.9323114551451543 2.474637801780637 -4.339527145013041 5.737577353437562 -2.6461704892915243 25.340480866687045 -3.8581374825932846 7 16.479438345619712 2.9284966223655626 16.668162790424198 3.026438306435297 16.17300762207846 4.50031241444184 7.371308079366946 2.993874453808552 5.499684820240833 6.803152634949359 3.7415103386809316 2.3726234011617553 3.3685214580538667 2.3087852065103585 9 -0.15136549408633015 1.7063457235320205 -1.323847739884627 1.5056717792934067 -3.3215696964958417 1.531899743416381 -3.33544759208406 1.1613802746524762 -5.727099743978132 0.7520416494517354 -5.490573767279707 -1.9387430159033079 -3.451117102609998 -1.9268260978350018 -3.4567689384374356 -2.0777218294688975 -0.8013076831614346 -2.2418980899504595 2 0.5711408167843464 -2.3267509425300044 1.3893470991793884 -2.3773372756874718
10 0.0 -1.775841 0.328758 -0.38838 1.384691 0.073541 3.613845 -0.896718 7.382569 -1.806452 2.042127 -1.008863 16.90651 -1.838893 14.483573 -1.001694 19.819354 1.824642 20.493324 -1.772577 -2.0 mitre 5.0 1 4 17.171109294575874 -3.8567839755406843 26.597661128348065 -4.383164439404266 26.839271258554103 -3.154940541093006 22.487751777622275 -1.6513571801072908
15 0.0 0.0 1.000316 3.312489 2.000633 -0.509072 3.000949 -3.234254 4.001266 1.00612 5.001582 3.079631 6.001898 -1.479405 7.002215 -2.852272 8.002531 1.91775 9.002848 2.557548 10.003164 -2.3108 11.00348 -2.202418 12.003797 2.649273 13.004113 1.795271 14.00443 -2.925175 -0.1 mitre 10.0 1 15 0.09573021749164462 -0.028908916600288177 0.9934464858047136 2.9438269627699207 1.9051059095601077 -0.5390310703396709 3.0218201206596866 -3.581319174531519 4.096083943061492 0.9725176408512352 4.9659200222246405 2.7755625569993922 5.908718943624618 -1.5213338471605615 7.053903018160771 -3.0930210471743815 8.091784216436329 1.8561311698858003 8.934174575894575 2.39492004101432 9.923515628060045 -2.420014972149175 11.086703941533685 -2.293986121475088 12.067565974161266 2.463345300405109 12.913332047408224 1.7412875525683769 13.90660242591161 -2.945905792266107
13 2.401642 0.0 1.310607 2.337333 -1.542738 2.523558 -3.233533 -0.121864 -1.601949 -3.127489 2.098281 -3.158501 4.05847 0.306344 1.835094 3.941853 -2.703183 3.754194 -4.872919 -0.553043 -2.008674 -4.777143 3.35524 -4.307845 5.673369 0.861389 -4.0 bevel 5.0 1 12 5.9712083239865255 4.845475688208696 5.247521152536314 6.028798358324675 1.6698341258016145 7.938437688703585 -2.8684428741983856 7.750778688703585 -6.275528754151317 5.553734444890601 -8.445264754151316 1.2464974448906014 -8.18358975392091 -2.79791697399782 -5.319344753920909 -7.02201697399782 -1.6600389877128876 -8.761920738871712 3.7038750122871122 -8.292622738871714 7.005043709990828 -5.944589597833515 9.323172709990828 -0.7753555978335143
9 15.672068 0.0 11.576932 10.56354 1.431653 15.60654 -9.461812 12.493512 -15.410503 2.851334 -13.305616 -8.28096 -4.247172 -15.085598 7.030859 -14.006454 14.63454 -5.607492 0.3 mitre 5.0 1 9 15.392351302638911 -0.1084369365917581 11.33925273744702 10.346666097189575 1.4022605629175926 15.286131195798683 -9.267557030102102 12.23701496676018 -15.094118910305848 2.792794922898563 -13.032446118814452 -8.11094843562041 -4.1599757801381365 -14.775884358437807 6.886512518803246 -13.718895636836244 14.412140140760995 -5.406150740913664
18 0.0 0.0 1.028491 1.21452 2.056981 -0.96449 3.085472 -0.448587 4.113962 1.320728 5.142453 -0.600246 6.170943 -0.844053 7.199434 1.270536 8.227924 -0.164921 9.256415 -1.139567 10.284905 1.069888 11.313396 0.289934 12.341886 -1.300134 13.370377 0.742545 14.398867 0.710455 15.427358 -1.306741 16.455848 0.32727 17.484339 1.046844 -2.0 round 1.0 1 93 0.3301657433224805 -1.9712957000400213 0.3422506148018165 -1.9939071681481173 0.4531941097916361 -2.1594241449618825 0.5800569252424956 -2.313080107260798 0.7215798104234641 -2.4533498533366305 0.8763579975468003 -2.5788410541633726 1.0428551456084487 -2.688308073769563 1.2194185902350902 -2.7806643335232986 1.404295748166518 -2.854993097601023 1.5956515135410971 -2.9105565725826454 1.79158647330734 -2.94680323084965 1.99015576095394 -2.9633732850935637 2.189388361414577 -2.9601022595943407 2.3873066755254326 -2.9370226228198777 2.581946149836995 -2.894363465141334 2.771374776933036 -2.8325482248632805 2.95371227269498 -2.7521904851402934 3.98220327269498 -2.2362874851402936 3.988232520809728 -2.232889502777391 3.9984111970716807 -2.2407240867638927 4.157531438830251 -2.3409152731081755 4.325357777808343 -2.4257200200483733 4.500406733005295 -2.494388706091113 4.6811309799617735 -2.5463143425378076 5.709620979961774 -2.790121342537808 5.899252018201381 -2.8255130703545106 6.091410631949835 -2.842471024946816 6.284309145360449 -2.8408374443219486 6.476152999206551 -2.8206275258867266 6.665157445892564 -2.782029285064166 6.849564153186245 -2.725401806162263 7.027657562205449 -2.6512719017673336 7.19778084747903 -2.560329211740008 7.358351330603401 -2.4534197874085275 7.507875204099557 -2.3315382206464106 7.556173117418913 -2.283721712502243 7.880712895262819 -2.591270729767782 8.031986145454173 -2.7209505651591916 8.195411991590541 -2.834934988416107 8.369368413521308 -2.9320926911454572 8.552128873930794 -3.01145937207336 8.741879454417917 -3.072247307845182 8.93673685884307 -3.1138531712696182 9.134767105256962 -3.135864019409834 9.334004720891931 -3.138061392089183 9.532472249703165 -3.12042348013336 9.72819987884536 -3.083125341828943 9.919244989289721 -3.026537165449944 10.103711436539264 -2.951220595096994 10.279768370079063 -2.8579231563156298 10.445668404776297 -2.7475708368200444 10.599764963876874 -2.621258895959482 10.734517933995203 -2.48626253798814 10.779454759001416 -2.5486565737453137 10.911971978777816 -2.6984708306356664 11.058790170881267 -2.834299927563935 11.218440965276079 -2.954785399526246 11.389327649461535 -3.058722237427806 11.569741137642737 -3.1450709397178 11.757877063778363 -3.2129679087367906 11.951853827552965 -3.261734087799816 12.149731412790986 -3.2908817526332994 12.349530790104199 -3.300119389242697 12.549253709721283 -3.2893546094259505 12.74690268654584 -3.2586950747738834 12.940500977566687 -3.2084474199163497 13.128112351820734 -3.1391141857830496 13.307860455183446 -3.0513887935503403 13.477947576314227 -2.946148609541007 13.636672626073185 -2.8244461704368895 13.782448150592097 -2.687498656563468 13.881497387900536 -2.573780776484534 13.995291323913674 -2.702873169689912 14.142432770769311 -2.8393750578515355 14.302514497507287 -2.960442029479007 14.473924346236299 -3.0648548381432525 14.65493607533023 -3.1515619588709276 14.84372674413606 -3.219690177887034 15.038395071522444 -3.268553386613502 15.236980583382953 -3.2976594913607635 15.437483356262437 -3.306715369125904 15.637884158271582 -3.295629819588317 15.836164784453672 -3.264514483573789 16.03032838180927 -3.213682718737304 16.218419559288698 -3.143646443787385 16.398544080227747 -3.055110983033301 16.568887938907167 -2.9489679631748835 16.72773562911897 -2.826286333870274 16.873487420759616 -2.688301602512051 17.004675470460256 -2.5364033916266013 17.11997860400646 -2.3721214442042333 17.93331736383416 -1.079931456664422 18.630868313405962 -0.5918965326960253
18 3.824009 0.0 3.807877 0.350874 3.759619 0.698789 3.679642 1.040807 3.56862 1.374045 3.427489 1.695689 3.257441 2.003028 3.059911 2.293467 2.836564 2.564556 2.589286 2.814008 2.320162 3.039719 2.031463 3.239784 1.725625 3.412516 1.405228 3.556456 1.072975 3.670391 0.73167 3.753359 0.384191 3.80466 0.033471 3.823862 2.0 bevel 1.0 1 18 1.8261195040612401 -0.09185620293462779 1.8142104695749677 0.1671675118147068 1.7912181340817044 0.3329302538085469 1.7531140524344544 0.4958806245004846 1.7002202065360095 0.6546441075894767 1.6329808230264844 0.8078857360732093 1.5519619540792318 0.954316497760378 1.4578525254925987 1.0926906603142845 1.3514425517325557 1.2218465181347893 1.2336295071544259 1.3406953425191002 1.1054093656413215 1.4482320035417673 0.9678613547192269 1.5435511518766383 0.8221493358932338 1.6258467738590323 0.6695021717179342 1.6944242974044854 0.5112041771119948 1.7487072745797938 0.3485960360566048 1.7882357674148934 0.1830438858938593 1.8126775059242681 -0.0758657056568629 1.8268528651195148
6 10.500682 0.0 4.079552 9.675825 -7.330842 7.518184 -9.775668 -3.834143 -0.264921 -10.49734 9.569822 -4.322364 -1.0 round 1.0 1 54 11.333899732576693 0.5529450335428953 4.9127697325766935 10.228770033542895 4.854891551929431 10.307369597961117 4.7896261102333035 10.379951947344285 4.717595241953066 10.445825533375153 4.639485241017924 10.504362727326379 4.556040321967174 10.555005799966029 4.468055529241272 10.597272235476387 4.376369162177045 10.630759328756259 4.281854787879948 10.655148022304694 4.185412918072964 10.670205946129173 4.087962429223223 10.675789631714682 3.990431807693485 10.671845878959497 3.893750303332676 10.658412263053792 -7.516643696667323 8.500771263053792 -7.6115549196346155 8.477975777809233 -7.703791573234518 8.446035613041756 -7.792474847440795 8.405255087435332 -7.876759788024405 8.356022748637553 -7.955843347086766 8.298807671265308 -8.028972034318961 8.23415498766766 -8.095449096087412 8.162680694027808 -8.154641153945297 8.08506578129043 -8.205984239319509 8.002049746833595 -8.24898916687598 7.914423548704584 -8.283246195367173 7.823022069550057 -8.308428931554266 7.728716162042557 -10.753254931554267 -3.623610837957443 -10.769123440301163 -3.719922650954742 -10.775526529246966 -3.8173227297259076 -10.77240319120158 -3.9148830682458784 -10.759783184626816 -4.011674133570784 -10.737786750104462 -4.106773722218584 -10.70662346471109 -4.199275746716259 -10.666590245214842 -4.288298868597275 -10.618068519119308 -4.372994895596109 -10.561520590508131 -4.452556863033211 -10.497485235315766 -4.5262267223928205 -10.42657256799166 -4.593302563838586 -10.34945822846711 -4.653145303852474 -0.8387112284671112 -11.316342303852473 -0.7561299460012187 -11.368381773606966 -0.6688685354035315 -11.412122153652668 -0.577758403727775 -11.44714669550644 -0.4836676277747046 -11.473121693227124 -0.3874926832519904 -11.489799662890524 -0.2901499033557167 -11.497021700560467 -0.19256674815420768 -11.494718996289693 -0.09567296795752131 -11.482913489725524 -0.0003917448660363809 -11.46171766107385 0.09236910310053786 -11.431333459413077 0.1817257714886552 -11.39205037856882 0.2668268901005803 -11.34424269888198 10.101569890100581 -5.16926669888198
14 0.0 0.0 1.576557 -1.9267 3.153114 3.496631 4.729671 -4.41909 6.306229 4.523264 7.882786 -3.789862 9.459343 2.35469 11.0359 -0.483499 12.612457 -1.477222 14.189014 3.164405 15.765572 -4.265634 17.342129 4.576993 18.918686 -4.040828 20.495243 2.75642 -4.0 round 5.0 1 85 -3.0956984027785825 -2.533111011983907 -1.5191414027785826 -4.459811011983907 -1.2542687649327455 -4.7527264486718686 -0.9618031895033365 -5.01809572820184 -0.6445954292523723 -5.2533322138202 -0.30573740669873306 -5.456142982470558 0.051467923810533556 -5.624551174626632 0.42353877102166715 -5.756915263355791 0.806848444874495 -5.851945054791689 1.00994822375066 -5.881447235163993 1.036896057681573 -5.956429658431128 1.2068235701047234 -6.3136997185648145 1.4112127331985485 -6.65243608412962 1.6480641450361744 -6.969325124736533 1.915060847310996 -7.261266927705237 2.209590990583853 -7.5254056224281385 2.528773384252131 -7.759157317434687 2.8694856813025957 -7.96023537686645 3.2283949221354282 -8.12667278910014 3.6019901386697826 -8.256841408701394 3.986616699786755 -8.349467883478203 4.37851206213139 -8.403646110830287 4.77384257654762 -8.418846101542355 5.168740990093502 -8.394919164312682 5.559344276779738 -8.332099360300276 5.941831426958743 -8.231001213461719 6.312460825696066 -8.092613699075999 6.667606854476643 -7.9182905692634815 7.003795358195987 -7.709737110138018 7.023140772838728 -7.694902262642406 7.370573453831327 -7.756931234024963 7.755329273609485 -7.787830832156875 8.141271969037842 -7.781501387997189 8.524807645933263 -7.73800184126109 8.902364824243024 -7.657737259254777 9.270427695628214 -7.541455064893107 9.625568862632768 -7.3902380767055345 9.9644812545713 -7.2054944256417475 10.284008922935376 -6.988944442571571 10.581176429551693 -6.742604638582616 10.853216553830006 -6.468768927250957 11.097596061091169 -6.169987263742856 11.312039292020916 -5.849041899659985 11.494549353584665 -5.5089214747427615 11.566278141077941 -5.3373396424870245 11.578540678459323 -5.34128942177874 11.937884799816295 -5.418364523394154 11.953219637346757 -5.476406258920825 12.090658315486891 -5.845193879010065 12.263673304503678 -6.198690007073037 12.47058967117038 -6.533472497931571 12.709404287898714 -6.846300370437989 12.977805224728959 -7.134145182947506 13.27319413079141 -7.39422035122626 13.592711388567459 -7.624008124972528 13.933263797435552 -7.821283961795317 14.291554518501558 -7.984138062689322 14.664114990821968 -8.110993860524445 15.047338510043566 -8.200623282565456 15.43751514438958 -8.252158639267517 15.830867649975673 -8.26510102425389 16.223588037764767 -8.239325144156812 16.61187443816126 -8.175080531564578 16.991967906363843 -8.072989129332436 17.36018881216951 -7.9340392696432485 17.60172895585128 -7.814589693068738 17.674558002957724 -7.8424257597551765 18.05091791791695 -7.9455659624909405 18.435537069799675 -8.01154167782245 18.82475473315828 -8.039724962552238 19.21486641486509 -8.029847574011933 19.60215911271091 -7.982003523140433 19.982946654991242 -7.896648179707245 20.353604784725274 -7.7745939381973255 20.710605654583397 -7.6170024856085705 21.05055140420761 -7.425373744755525 21.370206500342825 -7.201531598314604 21.666528531972435 -6.9476065294864355 21.93669716735642 -6.666015344497902 22.178140997364842 -6.359438169940898 22.388562009617516 -6.0307929438823855 22.56595746049001 -5.683207643534059 22.708638936812775 -5.31999051381294 22.81524842583807 -4.944598580151259 24.39180542583807 1.8526494198487418
5 0.0 -1.396076 2.60198 0.571036 4.337012 -1.267593 4.234152 1.696218 10.772868 -1.079464 -0.3 mitre 1.0 1 6 0.18091851207221588 -1.6353843617209718 2.568367892554924 0.16954124329524684 4.261189565411463 -1.6243570937628284 4.644026291854427 -1.464498776407066 4.550301091620038 1.236101840274691 10.655642874026334 -1.3556129993471968
15 0.615584 0.0 0.874228 0.322151 0.94944 0.809681 0.765681 1.363661 0.296855 1.856444 -0.424451 2.154733 -1.307879 2.144962 -2.216609 1.756782 -2.987677 0.980563 -3.458352 -0.124321 -3.494548 -1.432331 -3.016748 -2.765919 -2.019068 -3.91943 -0.57798 -4.689547 1.151369 -4.907898 -0.5 round 10.0 1 69 1.005472776822733 -0.3130283401030539 1.2641167768227328 0.009122659896946106 1.2946916797194206 0.0515769915719832 1.3206630183475399 0.0969937785012619 1.3417464382377697 0.14487576228272395 1.3577111016670265 0.19469869361666384 1.3683822150498768 0.24591707219590325 1.4435942150498766 0.7334470721959032 1.448587758084345 0.7805002597871106 1.4491110577167698 0.8278147828431992 1.4451594274055588 0.8749669042420711 1.4367682569707396 0.9215343412905522 1.424012695651519 0.9671000475833558 1.2402536956515189 1.521080047583356 1.2200936025228957 1.572249558335228 1.1944355746144006 1.620895357633704 1.163590048219477 1.666428880306135 1.1279302231381048 1.7082992165921818 0.6591042231381048 2.201082216592182 0.6211615714249776 2.237003125144275 0.5796775483939054 2.26876839428195 0.535105152356546 2.2960311527946224 0.48793110612028906 2.3184936961041185 -0.23337489387971094 2.616782696104118 -0.2808386665380142 2.633664621087607 -0.32976028194675405 2.6456847979543006 -0.3796431252216513 2.652721207046962 -0.42998082382709973 2.6547024201133116 -1.3134088238270998 2.644931420113312 -1.3623810870290185 2.6419826459589797 -1.4108286089698021 2.634248601096908 -1.4582849412041183 2.6218037482252403 -1.5042931783732378 2.604767905283921 -2.413023178373238 2.216587905283921 -2.456304517922546 2.1955827049764647 -2.4973667632767365 2.1705151003918397 -2.5358297613520397 2.141617166690655 -2.5713374228210646 2.1091564401100626 -3.3424054228210647 1.3329374401100624 -3.3741800958387023 1.2977622385033403 -3.402480995517639 1.2597361457404215 -3.427053761901061 1.2192009288825199 -3.4476775423706063 1.1765209062419992 -3.9183525423706063 0.07163690624199918 -3.9346784983471674 0.02770882264123685 -3.946819995832091 -0.017554820674428345 -3.954670373549072 -0.06375638923097118 -3.958160667080185 -0.11049000901855924 -3.994356667080185 -1.4185000090185593 -3.993483685858247 -1.464937462199398 -3.988305490078301 -1.5110935608495333 -3.9788667613385735 -1.5565700333810994 -3.965248944509678 -1.6009744725617838 -3.487448944509678 -2.9345624725617836 -3.4699094879053423 -2.9772118438906925 -3.4485152558595153 -3.0180638725783333 -3.4234482363885688 -3.056771054697027 -3.394921659728582 -3.0930041312540677 -2.3972416597285813 -4.2465151312540685 -2.365689896534949 -4.279781579492188 -2.3312235002623334 -4.310017946122218 -2.2941322878544805 -4.336969983171801 -2.2547281474976373 -4.360411059549492 -0.8136401474976376 -5.1305280595494915 -0.7724541465887829 -5.150176793118687 -0.7296482854097522 -5.165988739566199 -0.6855791127104479 -5.177832194270648 -0.640613699915259 -5.185608507915022 1.0887353000847413 -5.403959507915022
10 0.0 0.0 1.54408 0.212805 3.08816 -0.418416 4.632241 0.609884 6.176321 -0.780736 7.720401 0.925197 9.264481 -1.038384 10.808561 1.116471 12.352641 -1.156818 13.896722 1.158062 0.5 mitre 10.0 1 10 -0.06826469432974283 0.4953180104822222 1.6089146113729238 0.7264667476914703 3.0318091742773436 0.1447864403945099 4.678301072220644 1.2412882551665954 6.140317617024822 -0.0754242516566163 7.747245372772147 1.6999443090042956 9.24590683072437 -0.2058786822055441 10.819529032816176 1.9902042087641836 12.348881117708558 -0.26140145396891157 13.480765506443397 1.4355150509259107
16 1.529156 0.0 1.511101 1.54496 -0.061882 2.792348 -2.500961 2.340006 -4.052929 -0.179724 -3.126867 -3.493998 0.353427 -5.309039 4.522667 -3.87046 6.558822 0.582837 4.569602 5.58553 -0.867746 7.800428 -6.681113 5.223155 -9.032013 -1.20789 -5.830022 -7.807909 1.60295 -10.251741 8.964379 -6.389152 2.0 bevel 2.0 1 16 -0.4707074423531046 -0.0233711775396678 -0.47763604626361567 0.5695070222710895 -0.5917267751190435 0.6599818755184002 -1.2635443457890747 0.5353892306913882 -1.8913373504401474 -0.48387718949862063 -1.4338103746439037 -2.1213158925013573 0.5149088707421308 -3.137610874438146 3.06014905877753 -2.259386285672861 4.384729480207916 0.6376181255898744 3.0259726788631376 4.054758079335519 -0.8346342275087715 5.627372250013822 -5.094233489641801 3.7389399234266008 -6.862392856993092 -1.0979788985597412 -4.400444550599483 -6.172604529679768 1.4233649944033988 -8.087371883570444 8.035118828158918 -4.618142250441888
13 0.0 0.0 0.789099 3.885458 1.578198 -4.039526 2.367297 0.314244 3.156395 3.712821 3.945494 -4.174287 4.734593 0.626987 5.523692 3.522439 6.312791 -4.289099 7.10189 0.936733 7.890988 3.315222 8.680087 -4.383411 9.469186 1.242002 -1.0 bevel 10.0 1 13 0.26691081166505365 -0.962906752410575 0.5831186384912384 -4.138607099606915 2.5621670231544824 -4.217865455736564 2.8087467949442955 -2.85738772984243 2.9504616599869475 -4.273839209057104 4.932255802336888 -4.336463278933932 5.167745332649251 -2.9036268931813676 5.317854508364865 -4.389604609857213 7.301581870760837 -4.43840611269067 7.52728046362166 -2.943710353442389 7.685298948484963 -4.485375369085065 9.67039145752738 -4.522324935231137 10.45949045752738 1.1030880647688626
18 10.758401 0.0 10.569576 2.006802 10.009729 3.943159 9.098514 5.741101 7.867915 7.337514 6.36113 8.67636 4.631052 9.710641 2.738411 10.404052 0.749644 10.732252 -1.265438 10.683719 -3.236099 10.260159 -5.093164 9.476438 -6.771444 8.360068 -8.212028 6.950236 -9.364347 5.296431 -10.187952 3.456707 -10.653931 1.495643 -10.745927 -0.517922 -0.3 bevel 1.0 1 34 11.057081743946947 0.02810361534211268 10.868256743946947 2.0349056153421126 10.857772192462683 2.0901263940872763 10.297925192462683 4.026483394087276 10.277324266501994 4.078778959245412 9.366109266501994 5.876720959245412 9.336114853696966 5.924256219206203 8.105515853696966 7.520669219206203 8.067181043535387 7.5617751065114795 6.560396043535388 8.90062110651148 6.515066410970009 8.933854818156934 4.784988410970009 9.968135818156934 4.734255267176354 9.992330697440511 2.841614267176354 10.68574169744051 2.7872583785039717 10.700048509461327 0.7984913785039714 11.028248509461328 0.742420631981296 11.032165025649881 -1.272661368018704 10.98363202564988 -1.3284782182695152 10.977020774424451 -3.2991392182695147 10.553460774424451 -3.3527434796284563 10.536553763648312 -5.209808479628456 9.752832763648312 -5.259318091012109 9.726223544097211 -6.937598091012109 8.609853544097211 -6.981275215363633 8.574476164627704 -8.421859215363634 7.164644164627704 -8.458170694969144 7.1217404422553745 -9.610489694969145 5.467935442255374 -9.638160810693535 5.419011573801422 -10.461765810693533 3.5792875738014223 -10.47982539131175 3.5260606116159687 -10.94580439131175 1.5649966116159686 -10.953618378689454 1.5093351530171188 -11.045614378689454 -0.5042298469828811
16 0.0 0.0 0.414428 2.040238 0.828857 3.466073 1.243285 3.848125 1.657714 3.071343 2.072142 1.369648 2.48657 -0.744507 2.900999 -2.634458 3.315427 -3.731062 3.729856 -3.704084 4.144284 -2.561647 4.558712 -0.647789 4.973141 1.461145 5.387569 3.130067 5.801998 3.856392 6.216426 3.421392 -1.0 mitre 4.0 1 10 0.9799868832849251 -0.19906207220236313 1.1736881689340535 0.7545335430316613 1.5073906793084433 -0.9478100023382666 1.939813325625017 -2.9198187488995697 2.6416920849829366 -4.777036540716078 4.447029676985942 -4.6595148480810105 5.1073524164517 -2.839229709270299 5.538093409256037 -0.8500371474585442 5.949614751707082 1.244100451070155 6.242343180719257 2.422932275184015
9 14.368048 0.0 13.842619 3.850024 12.304763 7.418464 9.866955 10.444329 6.707493 12.706311 3.057455 14.038973 -0.8162 14.344846 -4.630159 13.60156 -8.105476 11.863476 -0.3 mitre 5.0 1 9 14.665292648394109 0.04056622981079311 14.134327416129851 3.931156371167592 12.564063868718378 7.574794821793007 10.074883412820512 10.664424530197197 6.848841386253941 12.974073766471317 3.1218853775207487 14.334819229535098 -0.8333999337025051 14.647137952808025 -4.727731296520262 13.88818853008393 -8.239666358898639 12.131791015566879
10 2.988292 0.0 0.905375 3.043715 -2.816038 1.837921 -2.707303 -2.296249 1.504429 -3.421005 3.893703 0.489997 0.671033 4.056511 -3.86516 1.881689 -3.032132 -3.306228 2.400685 -4.009557 -0.5 round 1.0 3 2 -3.3097812960511006 1.5934631124914596 -3.309253711855825 1.5734040445502908 2 -2.600209158537129 -2.842371045746155 -2.4868254490973745 -2.8726505145002497 58 2.065324385862348 -3.4619689088566923 4.320381909951073 0.22933417602434358 4.343992638114098 0.27265109641064156 4.363219666829524 0.31808394183019806 4.377875815429566 0.36519041043435685 4.3878184020821696 0.41351190717024666 4.392950632839777 0.4625780083358355 4.393222543956317 0.5119110412902955 4.388631488298678 0.5610307347348763 4.37922216111731 0.609458894292463 4.365086164925074 0.6567240578677034 4.346361117720374 0.7023660854664298 4.323229313236265 0.7459406387911638 4.295915946258405 0.7870235070025464 4.26468692028889 0.8252147365341613 1.0420169202888903 4.391728736534161 1.007180118466851 4.42665301969843 0.9690715183301206 4.457974624244572 0.9280620397731529 4.48538868968937 0.8845508376167326 4.508628388539166 0.8389614165409978 4.527467523384095 0.7917375090155993 4.541722728530241 0.7433387563480676 4.5512552547407035 0.6942362348877494 4.555972319714294 0.6449078709298148 4.555828011157307 0.5958337889471439 4.55082373365859 0.5474916384268367 4.5410081950183505 0.5003519447963379 4.5264769321637734 0.4548735296896952 4.507371381265829 -4.081319470310305 2.332549381265829 -4.124690061097676 2.309057865719809 -4.165535051240432 2.2814074366429797 -4.203456960257899 2.2498671724658124 -4.238086753451536 2.214744005307077 -4.269087433143144 2.176379734083022 -4.2961573181468085 2.135147698312484 -4.319032979560589 2.0914491449865835 -4.337491804308499 2.0457093238585937 -4.351354161485796 1.9983733491524196 -4.360485150425966 1.9499018679612177 -4.364795913478161 1.9007665774888658 -4.364244500719905 1.8514456347579675 -4.358836278190153 1.8024190034545295 -3.5258082781901527 -3.38549799654547 -3.5155968955244736 -3.433749350351655 -3.50068146618203 -3.4807599390270285 -3.4812071152308057 -3.5260723560349874 -3.457363325416544 -3.5692457178147685 -3.4293820935217934 -3.6098599535176206 -3.39753567306925 -3.647519892238155 -3.3621339253325733 -3.6818591079726954 -3.323521304428978 -3.7125434848936925 -3.2820735058282366 -3.7392744682505947 -3.2381938108876356 -3.761791969266346 -3.1923091629800506 -3.7798768957652724 -3.144866013393885 -3.7933532839097013 -3.096325977423676 -3.8020900103038024 2.336491022576324 -4.505419010303803
16 5.918332 0.0 5.732015 1.473318 5.184792 2.853872 4.31112 4.054738 3.166007 5.000306 1.821553 5.631039 0.362409 5.907226 -1.119554 5.811476 -2.531026 5.349819 -3.783137 4.551322 -4.797052 3.46626 -5.508929 2.162952 -5.873948 0.723458 -5.869126 -0.761587 -5.494767 -2.19868 -4.774441 -3.497338 0.1 bevel 2.0 1 16 5.819122152173661 -0.012546158546532394 5.634391761996107 1.4482255852858235 5.096488644952105 2.8052670470803127 4.2376963291725716 3.9856808557875905 3.112086020067959 4.915144663079474 1.790529723276721 5.53513550526822 0.35623673653536875 5.806618701669077 -1.1004866164121705 5.712499441576399 -2.487919534241672 5.258705020896135 -3.7187055615721505 4.473807395633433 -4.715352338520779 3.407225339850225 -5.41510518213051 2.1261143064844714 -5.77390746489023 0.7111366389687553 -5.769167589391724 -0.7486162456594966 -5.40118438009812 -2.161233797777583 -4.686992398624072 -3.44883292689013
7 0.0 -1.943138 1.677474 -1.023111 5.063884 -0.225188 4.416716 0.631869 2.195547 1.28311 10.747693 -1.372329 3.309895 -1.22992 -2.0 bevel 10.0 2 2 0.9617631915995669 -3.696709088745539 2.3070819380669825 -2.958855881866519 4 5.079748761676701 2.4817581850472545 4.979422935565506 2.551077405740887 2.7582539355655067 3.202318405740887 2.1356746162713933 1.1396217827899937
10 0.0 0.0 0.695797 1.723399 1.391595 1.500831 2.087392 -0.416391 2.78319 -1.863448 3.478987 -1.206403 4.174785 0.812846 4.870582 1.914274 5.566379 0.854211 6.262177 -1.17038 -0.5 round 4.0 1 35 0.4636387632503239 -0.18718733186759748 0.985635167757501 1.1057301160824005 1.0053658666619738 1.0994187696948416 1.6173871519654601 -0.5869648632499985 1.6367776471704834 -0.6330628833260004 2.3325756471704833 -2.080119883326 2.3561750895138296 -2.123560026293457 2.383948994948393 -2.164457335213018 2.4156258480298916 -2.202412001313554 2.450895978414767 -2.2370529828611936 2.4894145881723193 -2.2680416324331816 2.530805122501276 -2.2950750075075868 2.5746629508989587 -2.3178888320047966 2.6205593227962143 -2.3362600798290143 2.668045558988171 -2.3500091551532587 2.716657437885708 -2.359001648133588 2.7659197337080164 -2.3631496488888186 2.8153508622512464 -2.3624126069003855 2.8644675888165767 -2.35679772743092 2.9127897522733925 -2.346359901086187 2.9598449590755096 -2.331201167208978 3.0051732013421226 -2.3114697163507842 3.048331353857495 -2.2873584415729984 3.0888975060270876 -2.2591030527400076 3.12647508644127 -2.2269797722386997 3.82227208644127 -1.5699347722386996 3.855681270626822 -1.5351908137597658 3.8855897351484385 -1.497391343013614 3.9117195327209258 -1.4568876404970434 3.9338278322122235 -1.4140561178491957 3.9517091753374567 -1.3692948197584605 4.628561307650727 0.5949720958139311 4.878627120835617 0.9908195750134776 5.113929187975467 0.6323313734281436 5.7893225611650125 -1.3328874757481914
4 0.0 0.424276 2.334628 -0.062621 4.822516 -1.824394 6.163489 -1.053198 -1.0 bevel 1.0 1 5 -0.20416168122150702 -0.5546611828267674 1.9266384668402092 -0.9990489823780472 4.244603730305643 -2.6404928962967156 5.321053449672567 -2.691262162567973 6.662026449672567 -1.920066162567973
10 0.0 0.0 2.383162 2.461758 4.766324 0.673161 7.149485 -2.277684 9.532647 -1.295988 11.915809 1.9233 14.298971 1.821909 16.682132 -1.425104 19.065294 -2.211599 21.448456 0.820348 0.5 round 2.0 1 47 -0.35924159157070296 0.34777216519691195 2.023920408429297 2.8095301651969122 2.059047681496909 2.842480876304113 2.0971823136710923 2.871898974552921 2.137970465189771 2.8975114982732832 2.181033675084368 2.919080796574587 2.225972372805108 2.9364067344366687 2.2723695857157553 2.949328549702367 2.319794808057074 2.9577263447411424 2.3678079954800575 2.9615221989430633 2.415963648084859 2.960680891720672 2.4638149440801342 2.9552102293102007 2.5109178857078165 2.94516097233986 2.5568354189645386 2.930626364837262 2.6011414888940476 2.9117412690461832 2.6434249928227738 2.888680914080438 2.683293594857674 2.8616592700257266 5.066455594857674 1.0730622700257264 5.0984012222486434 1.0469586972422715 5.128086174678069 1.0183104299172383 5.155308366533942 0.9873124962437522 7.3040384108576575 -1.6732586139927836 9.213561215570223 -0.8866688230783989 11.51394111341668 2.2207931961122074 11.544845139816903 2.258539935625302 11.57928055696847 2.2930953583142637 11.61691955689141 2.324130513806319 11.657403835097112 2.3513499629149743 11.70034800146816 2.374494590073577 11.745343248979879 2.3933440699861515 11.791961245339087 2.4077189650142223 11.839758210493713 2.417482433333552 11.888279141197335 2.4225415315999914 11.93706214241293 2.422848099723716 14.32022414241293 2.321457099723716 14.369721424586448 2.316878067135349 14.41851942414303 2.3074068622866615 14.466135831710961 2.293137096614629 14.512100016530246 2.2742098095425547 14.55595767807006 2.250812074475476 14.597275336241577 2.223175149805179 14.635644615825841 2.1915721931999093 14.670686282770276 2.1563155617702705 14.702053992459906 2.11775372479591 16.990631021552385 -1.0003903556773204 18.88893205324867 -1.626870750180073 21.055354654171254 1.1293323554415458
9 0.0 1.565999 2.600359 1.67245 1.237421 0.185756 4.062331 1.646913 1.338541 -0.230609 7.280368 1.390606 7.016958 -0.420614 9.099428 -0.160858 3.876045 -0.005389 -2.0 bevel 5.0 3 4 0.08180556182190138 -0.43232726216416495 1.0439598848721363 -0.392939512302311 1.8649924357986194 -2.1600775500794183 3.064382999325739 -1.8328263573993522 4 6.963626688205049 -2.0981736185513555 7.264508787167044 -2.405234519840752 9.346978787167044 -2.145478519840752 9.209795982637422 0.7606779760365404 3 9.190775061150553 1.1636277096141197 9.15892973703915 1.8382566898788284 8.402995929912256 1.860756336766719
12 0.651047 0.0 0.264658 1.144462 -1.525866 0.745586 -1.400167 -1.725217 1.687167 -2.165951 2.965347 1.376217 -0.780476 3.711583 -4.31551 0.086298 -1.184533 -4.692802 4.771029 -2.450628 3.800583 4.49611 -3.837667 5.135294 -2.0 round 10.0 1 62 -4.114727563867623 3.1569666652096258 -5.747435032377487 1.4825754443679644 -5.875463360340385 1.33791515934336 -5.988938161604741 1.1815779587083555 -6.086800777244079 1.0150223845458486 -6.16813820163547 0.8398023108734822 -6.232191600311447 0.65755244683394 -6.278363389477861 0.4699730857369702 -6.3062228111496115 0.278814242236361 -6.315509951891199 0.08585932563349027 -6.306138167669428 -0.10709149837323882 -6.278194892195685 -0.2982381022671446 -6.231940821216391 -0.48579719093580154 -6.1678074803617475 -0.6680189388562882 -6.086393199243479 -0.8432033150271394 -5.988457529361019 -1.009715943344181 -2.8574805293610193 -5.788815943344181 -2.7441058921137964 -5.944893208412474 -2.6162217992499275 -6.089321667638914 -2.475018017903009 -6.220757633704026 -2.3218082346655144 -6.337978294692 -2.1580178337315146 -6.439893090497209 -1.985170635862964 -6.525553858828621 -1.8048747215533214 -6.594163656418963 -1.6188074702824216 -6.645084173370674 -1.4286999550495951 -6.677841671659438 -1.2363208373701895 -6.692131392546541 -1.0434599125680755 -6.68782039189578 -0.8519114584501762 -6.6649487770166145 -0.6634575422783147 -6.623729333526597 -0.47985144134161595 -6.56454554570459 5.475710558658385 -4.3223715457045895 5.652585936059034 -4.245859842544636 5.821276290953788 -4.152679887529939 5.980215378106675 -4.043696831846654 6.127927490218255 -3.9199225542822314 6.263041159476784 -3.7825062661990643 6.384301891273348 -3.632723841411572 6.490583811851827 -3.4719659700359875 6.580900121748313 -3.30172524630121 6.654412257962606 -3.1235823102069875 6.710437679793407 -2.9391911717004424 6.748456206047841 -2.7502638536320916 6.76811484478596 -2.5585544960774245 6.769231070757352 -2.365843069611219 6.751794520099715 -2.1739188487525096 5.781348520099715 4.77281915124749 5.745554904768476 4.96203305122336 5.691729900869493 5.146927485422536 5.620372507672411 5.325788339939884 5.532144263208071 5.496957436804066 5.427863111301103 5.658847906565306 5.308495818600278 5.809958899798209 5.175149011906575 5.9488895011326575 5.029058918889848 6.0743517168189864 4.87157990730555 6.185182415422721 4.704171928961819 6.280354110949405 4.52838698484101 6.358984488431667 4.3458547368544505 6.42034458366898 4.15826739962052 6.463865541287613 3.967364052330936 6.489143888468378 -3.6708859476690643 7.1283278884683785
12 18.65099 0.0 18.112031 4.451264 16.526303 8.645271 13.985452 12.339633 10.636325 15.320836 6.67248 17.416585 2.323005 18.505758 -2.160726 18.525406 -6.519579 17.474396 -10.50164 15.413467 -13.876767 12.461732 -16.449899 8.789781 4.0 mitre 1.0 1 12 14.679992227239762 -0.48080837007400135 14.199249481730106 3.489647409212172 12.956089700101346 6.777614088409034 10.964144017131142 9.673875395045735 8.338536425503683 12.011042432599867 5.231009524905343 13.654042195305541 1.8211613753886626 14.507918706505981 -1.6939396293639404 14.523322107053733 -5.111140057905132 13.699364101954437 -8.232947877498725 12.083662015063453 -10.878938872949885 9.769596727754848 -13.17413112045744 6.4942756527273655
15 4.011757 0.0 3.817101 1.234474 3.252026 2.349153 2.371366 3.235863 1.260584 3.808559 0.027471 4.011662 -1.208307 3.825465 -2.326829 3.268036 -3.219549 2.393469 -3.799837 1.286634 -4.01138 0.054941 -3.83365 -1.182083 -3.283893 -2.304396 -2.415459 -3.203084 -1.312624 -3.790938 -4.0 round 2.0 1 54 7.9629374454047195 0.6230353825035616 7.768281445404719 1.8575093825035616 7.681983036261589 2.265341035937455 7.553708608808226 2.6619765666514468 7.384851336151858 3.0431081639171564 6.8197763361518575 4.157787163917156 6.612168127193122 4.519278545921729 6.368065165165359 4.857200033282185 6.090118670459079 5.167881435640165 5.209458670459079 6.054591435640165 4.900690394922969 6.33465600780926 4.564451441313345 6.581064974036762 4.204393659139479 6.791142117148138 3.0936116591394787 7.363838117148138 2.7136419170985295 7.5353032479404565 2.3178903953273413 7.666291907602586 1.9106553831583668 7.75538141769231 0.6775423831583669 7.95848441769231 0.263249980414536 8.004706987524518 -0.1536031989870094 8.00756141495794 -0.5684897459887324 7.96701669828441 -1.8042677459887324 7.780819698284409 -2.2126823796313504 7.697315991036507 -2.610188531063667 7.571760259701588 -2.992468901326225 7.405516160228857 -4.1109909013262245 6.848087160228857 -4.473894604738781 6.64295959749783 -4.813478972936467 6.401176902049421 -5.126055771289542 6.125365082009269 -6.018775771289541 5.250798082009268 -6.3009493493891195 4.943953637629604 -6.549655945907234 4.609408468672463 -6.762194367184799 4.250796058534409 -7.342482367184799 3.1439610585344093 -7.516544310904107 2.7651761079806847 -7.650239189665635 2.3703327486465415 -7.74211494674174 1.9637193643623752 -7.95365794674174 0.7320263643623752 -8.002716682431224 0.3180597706700222 -8.008425734865469 -0.0987645411941038 -7.970723098347029 -0.5139194658189471 -7.792993098347029 -1.750943465818947 -7.712288001792215 -2.1599210495017003 -7.589457023580952 -2.5582783355610497 -7.425834230787682 -2.9416887660965734 -6.876077230787682 -4.064001766096574 -6.673439435283274 -4.428301591842171 -6.433987682901114 -4.769533620652879 -6.160322665696848 -5.083991722096853 -5.291888665696847 -5.982679722096853 -4.986984235260919 -6.266947241793973 -4.654150672643754 -6.5179383851631725 -4.297002856842931 -6.732927157248863 -3.194167856842931 -7.320781157248863
18 0.0 0.0 0.50448 3.216462 1.008959 0.380416 1.513439 -3.17147 2.017919 -0.755511 2.522398 3.082114 3.026878 1.120038 3.531358 -2.949646 4.035838 -1.468897 4.540317 2.775917 5.044797 1.797209 5.549277 -2.563358 6.053756 -2.100382 6.558236 2.314943 7.062716 2.374174 7.567195 -2.034145 8.071675 -2.614755 8.576155 1.724894 -1.0 mitre 4.0 1 11 0.19216632057051075 -0.9801506913651924 1.0697859852558285 -7.159196442079738 1.6980744997242732 -7.179549328879991 2.5451691625056414 -3.12280580208287 3.015585688941753 -6.917696800680674 3.22845507568001 -6.939595630267943 4.587424845743745 -2.950749436063801 4.78118459391838 -4.625547968847305 6.846883028741122 -2.729792548779286 8.803285398035278 -4.98143142373147 9.569465802862599 1.6094225796551465
15 2.196028 0.0 2.210872 0.931439 1.817636 1.862037 1.026407 2.610627 -0.072586 3.007319 -1.317807 2.928382 -2.50005 2.325306 -3.397431 1.241962 -3.815913 -0.184314 -3.628103 -1.73915 -2.802922 -3.1633 -1.419982 -4.195713 0.335082 -4.620394 2.194824 -4.308769 3.850702 -3.249571 -2.0 bevel 4.0 1 28 4.195774072147823 -0.031869216014105535 4.210618072147823 0.8995697839858945 4.053146278196016 1.7099153862169154 3.6599102781960164 2.6405133862169152 3.1921618089153405 3.314854538655707 2.400932808915341 4.063444538655707 1.705443667071468 4.491825874327877 0.606450667071468 4.888517874327877 -0.1991159423275356 5.003312530474132 -1.4443369423275356 4.924375530474133 -2.2266171049798618 4.709972355016128 -3.408860104979862 4.1068963550161275 -4.040265551239862 3.6011335963933706 -4.937646551239863 2.5177895963933707 -5.316529816016237 1.805042575375388 -5.735011816016237 0.37876657537538794 -5.801480308459988 -0.4241524113834969 -5.613670308459987 -1.9789884113834968 -5.358600814530021 -2.7418350522007495 -4.5334198145300215 -4.1659850522007495 -3.9993648931436727 -4.765961662187624 -2.6164248931436727 -5.798374662187624 -1.8903565603554418 -6.139613144804363 -0.13529256035544168 -6.5642941448043635 0.6656011677365083 -6.5928942103317425 2.5253431677365086 -6.281269210331741 3.272524316334816 -5.993572260969018 4.928402316334816 -4.934374260969019
13 0.0 0.0 0.717399 0.937415 1.434798 -0.12464 2.152198 -0.920843 2.869597 0.247077 3.586996 0.887991 4.304395 -0.365145 5.021794 -0.839441 5.739193 0.476759 6.456593 0.776051 7.173992 -0.579943 7.891391 -0.698941 8.60879 0.672876 -0.1 mitre 1.0 1 19 0.07941320364351474 -0.06077452662977852 0.7123366041530145 0.7662574172237989 1.3538817828864151 -0.18350173326247424 1.3581744164753953 -0.18899032464940171 2.1114341150036915 -1.02499204160971 2.211191325013649 -1.0158614444834124 2.9471411659439966 0.18225918046779518 3.5615498413855455 0.7311630983878715 4.223433251162251 -0.42499955111950416 4.239467960193153 -0.4420985676008858 5.003295230935914 -0.9470898196157468 5.088570906384136 -0.9258777838094081 5.810161787977951 0.398012991552392 6.410876014656018 0.6486248710212129 7.096547310499039 -0.647398908124508 7.134534751684702 -0.6747644375981893 7.90699104222303 -0.8028950227557934 7.964990380727997 -0.7739938568472089 8.697404246482996 0.6265347082587148
14 2.648177 0.0 1.809579 2.709139 -1.481198 3.572785 -4.391766 0.871446 -3.594904 -3.599381 1.115749 -5.586536 5.828792 -2.407993 5.74654 3.848773 -0.009366 7.526073 -6.771006 4.510542 -8.074623 -3.359344 -1.809423 -9.178643 7.059482 -7.033174 10.367383 2.084005 -0.1 bevel 5.0 1 26 2.743705041488591 0.029570141855493417 1.9051070414885913 2.738709141855493 1.8349637817394442 2.805863417062295 -1.4558132182605559 3.669509417062295 -1.5492251051942447 3.6460810637339494 -4.459793105194245 0.9447420637339493 -4.490214468206304 0.8538989458930502 -3.693352468206305 -3.61692805410695 -3.6337715310986534 -3.6915184789447553 1.0768814689013466 -5.678673478944755 1.171662914314184 -5.669443383181874 5.884705914314184 -2.490900383181874 5.9287833601376025 -2.4066785047233603 5.846531360137603 3.8500874952766395 5.800378050327437 3.933043186524894 0.04447205032743635 7.6103431865248945 -0.050096637565086 7.617402158342458 -6.811736637565086 4.601871158342457 -6.869661668808027 4.526883940277727 -8.17327866880803 -3.3430020597222736 -8.142678240591554 -3.4326139408217715 -1.8774782405915524 -9.251912940821772 -1.7859102891977354 -9.275839463056682 7.082994710802264 -7.130370463056683 7.153485944570974 -7.067280574221068 10.461386944570974 2.049898425778931
16 0.0 0.0 1.762717 -4.216305 3.525433 -3.941558 5.28815 0.53159 7.050866 4.438508 8.813583 3.617693 10.5763 -1.056554 12.339016 -4.605399 14.101733 -3.248744 15.864449 1.568353 17.627166 4.714898 19.389883 2.839309 21.152599 -2.060606 22.915316 -4.76564 24.678032 -2.394492 26.440749 2.527181 -0.3 round 4.0 1 91 -0.27678482921250286 -0.11571585162718906 1.4859321707874973 -4.332020851627189 1.4981509463439624 -4.3577433372812004 1.5127535935752927 -4.38219139319895 1.5296085353700948 -4.405144730242045 1.5485639003232097 -4.426396527432266 1.5694488911725772 -4.445755295511406 1.5920753237674814 -4.463046602354683 1.6162393227013048 -4.4781146446909075 1.6417231583303011 -4.490823651967418 1.6682972086259327 -4.501059109710251 1.695722028183504 -4.5087287913564955 1.7237505057443026 -4.5137635892614645 1.7521300907908928 -4.51611813739294 1.7806050691528355 -4.515771220101673 1.8089188671184946 -4.512725963284929 3.5716348671184948 -4.237978963284928 3.599433032811444 -4.2322881070475935 3.626569207481036 -4.22399643140825 3.652800635774914 -4.21317811221025 3.6778926560395537 -4.199929928197126 3.701620799561334 -4.184370395247308 3.7237727986233966 -4.166638706152328 3.7441504854145746 -4.146893485423064 3.762571564803095 -4.125311370263319 3.7788712451161377 -4.102085430405063 3.7929037123365883 -4.077423440941242 3.804543434529087 -4.051546023607046 5.564595313633421 0.4148388486735259 7.19945982806701 4.038384331327478 8.576045306454866 3.3973727512253244 10.295596682597525 -1.1624107314781904 10.307618261578163 -1.1900085744387214 12.070334261578164 -4.738853574438722 12.084696469938796 -4.76452654830465 12.101504030140509 -4.788669467270272 12.120595332894887 -4.811050190566348 12.141786810104236 -4.831453521416981 12.16487469991906 -4.849683276215478 12.189637005963966 -4.865564170883388 12.215835631893533 -4.878943506274857 12.2432186707538 -4.8896926364206825 12.271522827136526 -4.897708205494492 12.300475948836553 -4.902913141607284 12.329799643669697 -4.905257397874719 12.359211956289746 -4.904718433631602 12.388430079266223 -4.901301431166544 12.417173072355194 -4.895039245892841 12.445164563816542 -4.885992090434682 12.472135407803847 -4.874246955666308 12.497826272275312 -4.859916774270958 12.521990132542271 -4.843139334862227 14.28470713254227 -3.4864843348622263 14.306215874768245 -3.4682588148224025 14.325918816065416 -3.4480947458603644 14.34364195853916 -3.42617019811769 14.35922878802087 -3.4026787886330796 14.372541656254239 -3.377827971498296 14.383462996475558 -3.351837205818237 16.137921603330124 1.4426942398050582 17.688857327807902 4.211198230619768 19.128658515501115 2.6792023005729595 20.870309770676265 -2.1621579128712662 20.883973886413084 -2.1941745155656704 20.901254803233495 -2.224392735579538 22.663971803233498 -4.929426735579538 22.680873394291016 -4.9528208340305735 22.69994474547147 -4.974482578807116 22.721009351923463 -4.994211491033463 22.743872261270713 -5.0118249801481065 22.768321877891143 -5.0271600337745594 22.794131921228782 -5.04007472639659 22.82106352001432 -5.050449532875128 22.848867423012404 -5.058188434650271 22.877286305835245 -5.063219808390515 22.906057152473007 -5.065497088864799 22.934913689500057 -5.064999199902491 22.963588850428465 -5.061730749452784 22.991817247401304 -5.055721986938253 23.019337627350257 -5.047028523297246 23.04589528988586 -5.035730816306118 23.071244444542874 -5.021933425944639 23.09515048556456 -5.005764046696141 23.11739216317275 -4.9873723257384475 23.1377636312287 -4.966928477963197 23.156076352333677 -4.944621710641517 24.91879235233368 -2.5734737106415166 24.935218537655366 -2.548942914043414 24.94915407269131 -2.5229163812504773 24.960464002693747 -2.4956461588586465 26.723181002693746 2.4260268411413537
10 0.0 0.0 1.474769 4.224312 2.949537 2.007918 4.424306 -3.269899 5.899074 -3.562181 7.373843 1.576707 8.848612 4.311629 10.32338 0.472715 11.798149 -4.086936 13.272918 -2.415335 0.1 round 5.0 1 62 -0.09441187062290246 0.03296056257839554 1.3803571293770975 4.257272562578396 1.3839704804946165 4.26621222500692 1.3884280205927646 4.2747623248255096 1.393688306195899 4.282843368446719 1.3997024303927021 4.290380223280128 1.4064144775426697 4.297302816269106 1.4137620431454598 4.303546785387153 1.4216768140396894 4.309054078036568 1.4300852035368363 4.313773490785916 1.4389090355851655 4.317661145428155 1.4480662716027408 4.320680896933307 1.4574717732218754 4.3228046695027915 1.4670380938534904 4.324012717600998 1.4766762917119005 4.324293809537164 1.4862967567410224 4.32364533189076 1.4958100437537496 4.322073313809466 1.5051277040384794 4.319592370953854 1.5141631077010187 4.316225569609936 1.522832249096243 4.312004212232972 1.5310545278610925 4.306967546416428 1.5387534982873474 4.3011623999919095 1.5458575800669645 4.294642745652686 1.5523007238019082 4.287469199148669 1.5580230250909695 4.279708455718324 3.0327910250909693 2.063314455718324 3.038132900381406 2.0542943564287666 3.0425011260156434 2.044764591079061 3.0458476961450067 2.034829889715592 4.504067492776557 -3.183761789658293 5.828318268004664 -3.4462130125524846 7.277722861978556 1.6042917614950447 7.281238702017203 1.6144488069932175 7.285824368992044 1.6241698338332768 8.760593368992042 4.3590918338332765 8.765723456939103 4.367570839701978 8.771667604398383 4.375500433250727 8.77836743309947 4.382802736876442 8.785757143124991 4.389406033674615 8.793764159140446 4.3952454717806555 8.802309843166315 4.400263701288766 8.811310266892205 4.404411437493067 8.82067703594807 4.40764794491931 8.83031815803718 4.409941437393441 8.840138946404826 4.41126939021789 8.850042949769648 4.411618761389638 8.859932899584624 4.410986119687493 8.869711665324534 4.409377678370567 8.87928320841789 4.406809234157026 8.888553525454642 4.403306012082398 8.89743157140629 4.398902417761114 8.905830153791344 4.393641699484348 8.913666789004381 4.387575523472739 8.92086451239862 4.3807634664555035 8.927352634166047 4.373272430559376 8.933067433591518 4.365175986253837 8.937952784862452 4.356553649805656 8.941960708287983 4.3474901023389565 10.416728708287984 0.5085761023389562 10.418526970711328 0.5034892418989908 11.839281183199653 -3.8891602955720304 13.197930363108705 -2.3491772014161643
11 0.0 0.949248 1.84058 1.742977 2.500997 -0.0562 2.100477 0.101463 6.065346 1.139756 10.154595 -1.80732 9.811029 -0.038163 9.907503 1.117278 17.243988 -1.344454 14.514074 -1.850487 18.797369 0.657919 -0.5 round 2.0 3 3 0.19799367334569176 0.49012001641037006 1.5533047481550872 1.0745823620282657 1.7722522347818204 0.4781027405972214 30 2.9841380434713836 -0.18398997122534216 5.964122831453804 0.596388231804476 9.862258653926176 -2.2129546395023545 9.903982113487984 -2.2399782729061304 9.948182754963826 -2.2627252976186445 9.994423677318096 -2.280970870779659 10.042247812368315 -2.2945346441059122 10.091182442673455 -2.3032825465428894 10.140743874107292 -2.307128109489536 10.190442216930755 -2.3060333214967486 10.239786228104775 -2.300009003991362 10.28828816697983 -2.289114704311809 10.335468616366132 -2.2734581071127287 10.380861221330608 -2.2531939699564982 10.424017298880084 -2.228522593612825 10.46451027296624 -2.199687842186717 10.501939890974587 -2.16697473264487 10.535936180019569 -2.13070661756678 10.566163103939846 -2.0912419889676745 10.592321884846163 -2.0489709347858485 10.614153956390012 -2.004311283060249 10.631443519561508 -1.957704471911164 10.644019675753691 -1.9096111861471685 10.651758116009029 -1.860506803628272 10.65458234975072 -1.810876696395667 10.652464460853446 -1.76121143301404 10.645425383580188 -1.7120019295488693 10.315054299050448 -0.010790759661922174 10.352733755263989 0.4404851132865476 14.856267234725962 -1.0706598668317073 2 17.259352789318175 -0.822212344721675 19.050041974585945 0.22646058031869376
14 14.347874 0.0 14.100874 2.650819 13.368378 5.210369 12.175607 7.590526 10.563627 9.709339 8.587939 11.493858 6.316567 12.882642 3.827715 13.827873 1.207073 14.297009 -1.455128 14.273895 -4.067229 13.759329 -6.539294 12.771026 -8.78621 11.343015 -10.730616 9.524461 0.5 mitre 1.0 1 14 13.850030537219531 -0.04638843138923305 13.607352957377012 2.5580420929855325 12.900493811816942 5.028009609556653 11.749468983245848 7.324862738025813 10.193907250924672 9.369518639925731 8.28736692649715 11.091580743459831 6.095491398387094 12.431758250020094 3.693747549121552 13.343906798983678 1.1648262467202188 13.7966233562713 -1.4041994844661843 13.774318330936758 -3.924878722121836 13.27776179173574 -6.310423099421575 12.324048736165414 -8.478698593651437 10.946017133386013 -10.38907814670326 9.159287212926701
12 0.0 -1.54612 1.237682 -0.279689 3.882568 -0.659179 2.993457 -1.556997 7.338392 0.774013 12.306335 1.689786 6.782918 1.568489 11.65145 -0.247479 22.702407 1.537571 20.700007 1.539767 20.682182 -0.084378 6.85324 0.049472 1.0 bevel 5.0 4 6 -0.7151777393745343 -0.8471773692332606 0.5225042606254656 0.4192536307667393 1.3797081864671155 0.710173900788593 4.024594186467115 0.3306839007885931 4.081392860513699 0.1614904506585143 6.580701985150549 1.5023423995644807 2 13.039202400434602 0.9896450575637147 20.32298790888268 2.166187625040472 4 21.68712598977119 0.3606118725040476 21.682121780069316 -0.0953523443964264 20.672503477179248 -1.0843311620011051 13.190071122479623 -1.0119088775865386 2 10.77684698298492 -0.9885513386604684 6.843561477179249 -0.9504811620011051
11 0.0 0.024968 2.114095 -0.271113 3.620233 -0.948867 5.093514 -0.731905 4.053864 -0.359241 10.624646 1.767914 10.902082 -0.019152 8.82556 -1.337497 7.189121 1.608851 24.929018 -0.195934 21.061132 -0.317096 -0.5 mitre 1.0 3 8 -0.0693486629630914 -0.4701994090095505 1.9740310146202857 -0.7563766613650804 3.4803616369240427 -1.4342173403658494 3.6222270514043244 -1.4539659753117393 5.552495653757469 -1.1697059213887318 5.629637310249431 -0.3929277124688816 5.602865393049445 -0.38333128121661814 7.400448068433755 0.1985989937273855 6 8.37000751802952 0.5124738462190495 9.483277356918421 0.8728719699342665 10.270034943012583 0.7928304516538082 10.357793378201345 0.2275465096309905 9.005209434331656 -0.6311837515850645 8.37000751802952 0.5124738462190495 2 11.298253810808612 0.6882236442233446 20.56563709648885 -0.2546022551179205
8 17.693638 0.0 14.9366 9.484873 7.524693 16.013864 -2.232222 17.552265 -11.293484 13.620648 -16.835224 5.444268 -17.130406 -4.428773 -12.087037 -12.921624 -0.5 bevel 10.0 1 14 18.173765476467864 0.13956219524141256 15.416727476467862 9.624435195241412 15.267099706200142 9.860066209162452 7.855192706200142 16.389057209162456 7.602567381045786 16.507762350651973 -2.1543476189542146 18.04616335065197 -2.431241774099475 18.010949128259735 -11.492503774099475 14.079332128259734 -11.70737512335589 13.901172754713732 -17.24911512335589 5.724792754713732 -17.335000680403574 5.45921021284758 -17.630182680403575 -4.41383078715242 -17.560316955387005 -4.684070023950991 -12.516947955387005 -13.17692102395099
12 0.0 0.0 0.77085 1.317095 1.5417 -0.206874 2.31255 -1.284602 3.0834 0.408644 3.85425 1.220417 4.6251 -0.600333 5.395951 -1.126123 6.166801 0.777211 6.937651 1.004048 7.708501 -0.934916 8.479351 -0.857202 -0.5 round 1.0 1 72 0.4315261512153789 -0.25255728224947693 0.7388649960829495 0.27257011721974905 1.0955294416928263 -0.4325548208507423 1.1140303063750474 -0.46590803860253416 1.1350197281930612 -0.49775396927089083 1.905869728193061 -1.5754819692708908 1.936838697792747 -1.6145126203106082 1.9715384337325523 -1.6502673000652677 2.009624371965309 -1.6823909690272822 2.050718323877697 -1.7105646431730668 2.0944122316559723 -1.7345085614345799 2.140272220249133 -1.753984963691815 2.1878429056940227 -1.7688004517011182 2.2366519170212524 -1.77880790951561 2.2862145868399706 -1.7839079643281768 2.336038764024566 -1.7840499732310446 2.385629700713922 -1.7792325260935313 2.4344949650959307 -1.769503459564469 2.482149331193926 -1.7549593820602511 2.5281195971000776 -1.7357447144553153 2.571949283811275 -1.7120502560008843 2.613203168008657 -1.6841112897122144 2.651471603770852 -1.6522052460376182 2.6863745903068477 -1.6166489480087378 2.717565545316423 -1.5777954652273822 2.744734746509133 -1.536030607928446 2.767612407107997 -1.4917690959324277 3.503717581367889 0.12515656002510547 3.6913363889860404 0.3227357029408606 4.164664728168522 -0.7952672464870489 4.185299280765574 -0.8381886859965344 4.2099237665854226 -0.8789522656793223 4.238314788871833 -0.9171881726775808 4.270214780326491 -0.9525495255312211 4.305334339795316 -0.984715521134693 4.343354857755935 -1.0133943451073237 5.114205857755936 -1.5391843451073237 5.156474927080974 -1.565043505899737 5.201096006267541 -1.5865918169871258 5.247630850204133 -1.6036176420270405 5.295622417773826 -1.615953762190867 5.344599360675228 -1.6234790185004888 5.394080652761188 -1.6261195017889687 5.443580314428277 -1.6238492785980787 5.492612185656565 -1.616690645883284 5.5406947008213425 -1.6047139120246032 5.587355618381081 -1.5880367062941438 5.632136658989077 -1.5668228235623607 5.674598006475655 -1.5412806155897374 5.714322627494627 -1.5116609447037899 5.750920367408648 -1.4782547199593137 5.784031782185844 -1.4413900399804331 5.813331668672781 -1.4014289705459777 5.838532258571278 -1.3587639885670701 5.859386044749475 -1.3138141273823367 6.539594419531639 0.36571331220725173 6.6414461901184865 0.395685096710863 7.243872382224265 -1.1196326682890583 7.264508373342076 -1.1648519638538462 7.289532128378444 -1.2077989137417 7.3186963496917805 -1.2480490940639886 7.351712821419235 -1.2852047317985265 7.3882552577743645 -1.3188986357875467 7.427962527571406 -1.3487978255099284 7.470442223109737 -1.3746068217662861 7.515274538148977 -1.3960705667566733 7.56201641665057 -1.4129769446931886 7.610205931285861 -1.4251588780374915 7.65936684843998 -1.4324959786471285 7.709013334597815 -1.434915737513191 7.758654757601157 -1.4323942413317032 8.529504757601156 -1.3546802413317032
10 1.747836 0.0 -0.087481 1.993688 -2.234754 -0.196497 0.326774 -2.469621 2.69689 0.477957 -0.649612 2.915183 -3.123147 -0.841221 1.052187 -3.319457 3.502821 1.281839 -1.529426 3.671984 -0.1 mitre 5.0 1 10 1.8214084295924522 0.06772811531309338 -0.0851984341832879 2.138857639546415 -2.379736491498934 -0.2015354241496627 0.33892055659511133 -2.6140972168732746 2.840551953390646 0.49703897616697695 -0.6754791519757534 3.0577314325909466 -3.264289980738008 -0.8737348100156258 1.0912139213989793 -3.4589092100555647 3.640303327639237 1.3272460822384593 -1.4865228423642693 3.7623129492072374
10 0.0 0.0 1.923538 4.222107 3.847075 -0.630525 5.770613 -4.127945 7.694151 1.246987 9.617689 3.941721 11.541226 -1.83564 13.464764 -3.667589 15.388302 2.383353 17.31184 3.311662 -0.3 round 2.0 1 60 0.27300270251066355 -0.12437654289243658 1.904352813433427 3.45638698908758 3.568186219771722 -0.7410738501196795 3.5842088626990516 -0.7750981436349056 5.507746862699052 -4.272518143634906 5.523457011669638 -4.297985928697893 5.541626134397819 -4.321761963606617 5.562073464897349 -4.343609698778382 5.584595571119298 -4.363311769431483 5.608968378913007 -4.380672158163982 5.634949401356882 -4.39551814514577 5.662280151279253 -4.407702026521315 5.690688712966936 -4.417102583926579 5.719892447475381 -4.42362629049975 5.749600804625063 -4.42720824138712 5.779518213707353 -4.427812799486418 5.809347024140021 -4.425433950003056 5.83879046681555 -4.420095360291777 5.867555606679599 -4.411850144388341 5.895356257164175 -4.4007803345739385 5.921915827479599 -4.386996065229771 5.946970074437353 -4.370634477101704 5.970269731425681 -4.3518583528765395 5.991582988382112 -4.330854497644663 6.010697798089428 -4.307831880361962 6.027423985849577 -4.283019554801774 6.041595141546243 -4.256664380681435 6.053070275271763 -4.229028567636148 7.9625557899202954 1.1066366473067701 9.519307132786468 3.2875297584213574 11.256587772264199 -1.9304085565544957 11.26718643804496 -1.9577150526663394 11.280397542597886 -1.9838577985575052 11.29609514351703 -2.0085875735589416 11.314129594448493 -2.0316686269542927 11.33432897167983 -2.0528809254083633 13.25786697167983 -3.8848299254083636 13.279732934556774 -3.903731975379206 13.303316412989908 -3.920442073243373 13.328398497841023 -3.934805110706166 13.35474636944381 -3.946687765613181 13.38211545870798 -3.955979739487767 13.410251717285181 -3.9625947813555857 13.438893975724309 -3.9664714883528225 13.467776367727094 -3.9675738756865533 13.496630798001291 -3.9658917106567166 13.525189430804064 -3.9614406076392017 13.553187176076158 -3.9542618831483805 13.580364150089787 -3.94442217232445 13.606468087769755 -3.9320128104054586 13.631256684295861 -3.917148984925386 13.654499844251168 -3.899968666507844 13.675981817438796 -3.8806313281800864 13.695503201541955 -3.8593164650950693 13.712882793037902 -3.836221928401943 13.727959269185057 -3.811562088730518 13.740592685470572 -3.785565846336798 13.750665774618565 -3.7584745063800384 15.635059623841377 2.1693303442670437 17.442231051616908 3.04148025809608
13 0.0 0.0 0.901177 1.280126 1.802355 2.178744 2.703532 2.428043 3.60471 1.953726 4.505887 0.897152 5.407065 -0.426796 6.308242 -1.623548 7.209419 -2.336443 8.110597 -2.353022 9.011774 -1.668343 9.912952 -0.486457 10.814129 0.840405 -0.3 round 4.0 1 35 0.24531057265647693 -0.17269256771196423 1.1314747476746934 1.0861076465737636 1.9583450289126345 1.910629015698927 2.6689742385030186 2.107215425828872 3.4139109344770664 1.7151329084745615 4.26705800673425 0.7148710123952561 5.1590648884170465 -0.5956034188382799 5.167412732137121 -0.6072587122376779 6.068589732137121 -1.8040107122376778 6.084848771692336 -1.823786521634275 6.10273470719405 -1.8421040628387362 6.122117281533811 -1.8588299355069187 7.02329428153381 -2.5717249355069187 7.045943895467556 -2.5879899940152473 7.070005856453308 -2.602081806288595 7.095272280607088 -2.6138786257798126 7.121524878056746 -2.623278533586452 7.148536838862496 -2.630200318981548 7.176074792546783 -2.634584181035624 7.203900824304075 -2.6363922452682433 8.105078824304075 -2.6529712452682435 8.133689097195283 -2.6521319380614488 8.162089167305272 -2.648569892406977 8.190020514428038 -2.6423175329000075 8.217228885049975 -2.6334317735291854 8.243466606769186 -2.621993499599869 8.268494842808238 -2.6081068314512352 8.292085766097987 -2.5918981766694835 9.193262766097988 -1.9072191766694835 9.21397071916138 -1.8899653967932255 9.233046467876134 -1.8709226015397538 9.250336025965245 -1.850244511173926 10.151514025965245 -0.6683585111739262 10.161124636061619 -0.6550106790171846 11.062301636061617 0.6718513209828153
12 0.0 0.124162 2.946291 1.679641 2.42971 0.692076 7.619857 -1.985705 8.913037 1.122901 3.712371 1.70104 14.143804 0.960715 13.438575 0.805688 5.415936 0.639752 11.961539 0.207725 15.427503 -1.818636 32.152677 0.877846 0.3 round 10.0 2 31 -0.1400622406434556 0.38945913293953016 2.8062287593565443 1.94493813293953 2.832756789916907 1.9573278436581178 2.8603662229001405 1.9670726139194494 2.8887940811146104 1.9740796257247628 2.917769591947131 1.978282137961068 2.9470167664460436 1.9796401221038251 2.9762570280894156 1.978140643484786 3.005211866199599 1.9737979844934657 3.033605488730625 1.966653508538756 3.0611674491608976 1.9567752660664386 3.087635222470279 1.9442573463852377 3.1127567056656384 1.9292189814752114 3.136292619037593 1.9118034103146189 3.1580187852767105 1.8921765145424385 3.177728264740804 1.870525238451725 3.1952333265351016 1.8470558083632114 3.210367236630953 1.8219917683394542 3.2229858459914005 1.795571850949155 3.232968963576883 1.7680477033624222 3.240221501153318 1.7396814904356988 3.244674378998379 1.710743397616738 3.2462851838792006 1.6815090574542215 3.2450385730343405 1.6522569242242622 3.240946420312104 1.6232656216802284 3.234047703073282 1.5948112891883108 3.2244081309355437 1.5671649515266395 3.212119519895648 1.5405899374003598 2.8353747175356463 0.8203544259459029 7.46796550799255 -1.5697635417071285 8.185994621502028 0.15626810928518894 71 7.46369591239229 0.9821709413950801 3.679225276089084 1.402876687390247 3.650525378957001 1.4074840101823747 3.6224060826871467 1.414847208943182 3.595131368583035 1.4248971586565857 3.568957289090397 1.4375395113417495 3.544129564000954 1.4526555817830378 3.520881273658163 1.4701034617356357 3.4994306708209217 1.4897193521467775 3.4799791317272337 1.5113191008858191 3.4627092655930634 1.5346999315470855 3.447783200294224 1.55964234709566 3.4353410603251593 1.5859121904848614 3.425499651323393 1.613262842900534 3.418351363509212 1.6414375389952325 3.413963304334986 1.6701717773771083 3.4123766684867265 1.6991958037240507 3.413606351152258 1.7282371432118409 3.417640808186597 1.7570231584821254 3.4244421644872998 1.785283609136244 3.433946569562351 1.8127531887266257 3.44606479695257 1.8391740154287168 3.460683081881198 1.8642980530112478 3.477664189266904 1.8878894393769983 3.496848702073792 1.9097267008139398 3.5180565179035153 1.9296048311695722 3.541088539779618 1.9473372164293647 3.5657285452511873 1.9627573866315389 3.591745216268847 1.9757205786713818 3.618894310776807 1.9861050953236306 3.646920955634266 1.9938134477245564 3.6755620393404387 1.9987732705882277 3.7045486821005307 2.0009380015649985 3.733608760043914 2.0002873183644545 14.165041760043913 1.2599623183644544 14.194345189000453 1.2564270021480703 14.22315938519484 1.250029228548439 14.25120543059859 1.240830927261154 14.278211842792476 1.2289211367602777 14.303917202884408 1.214415142416389 14.328072686013543 1.1974533605477613 14.350444469945659 1.1781999792069264 14.370815998444861 1.1568413688596457 14.388990077512476 1.1335842783407324 14.40479078420174 1.1086538335496603 14.418065169531229 1.0822913582583475 14.428684739013 1.0547520381254423 14.436546696464118 1.0263024505291753 14.441574939061598 0.9972179841297083 14.44372079400879 0.9677801731393095 14.442963489682317 0.9382739721043079 14.439310356698943 0.9089849975786161 14.432796756956071 0.8801967633890989 14.42348574133273 0.852187936255091 14.411467439364493 0.8252296383273453 14.396858186800173 0.7995828227575177 14.379799399485467 0.7754957477023668 14.360456204474211 0.7532015732140097 14.339015841617925 0.732916104278054 14.31568585110609 0.7148357018467321 14.290692064501535 0.6991353820879903 14.264276418717476 0.6859671222495773 14.236694614096674 0.6754583895371702 14.208213639262206 0.6677109072468229 13.502984639262207 0.5126839072468229 13.474051382514885 0.5077930079580766 13.444778713660337 0.5057521502974002 12.091853978953393 0.47776897434017074 12.112953830392494 0.46671061569556815 15.486006239081416 -1.5053300205958922 32.104926714753816 1.1740214720751
17 12.189831 0.0 11.90994 2.597172 11.083121 5.075076 9.747343 7.319923 7.963948 9.228625 5.814832 10.713529 3.398687 11.706447 0.826468 12.161782 -1.783704 12.058623 -4.311965 11.401708 -6.642212 10.221204 -8.667435 8.571321 -10.294632 6.527827 -11.44908 4.184562 -12.077762 1.649133 -12.15181 -0.962027 -11.667822 -3.529009 -2.0 round 5.0 1 47 14.178317335855901 0.21429440523347806 13.898426335855902 2.811466405233478 13.864017960252836 3.0232932565152324 13.807111038765072 3.230213901986799 12.980292038765072 5.7081179019868 12.901541813405316 5.907749852942645 12.801854966417604 6.097794706528051 11.466076966417605 8.34264170652805 11.346601350479734 8.520911229926023 11.208712495295757 8.685353041495727 9.425317495295758 10.594055041495727 9.270602429832008 10.74277631377296 9.100842947611731 10.874064114064971 6.951726947611731 12.358968114064972 6.768878188635193 12.471310519401845 6.575044903260178 12.563414494217609 4.158899903260178 13.55633249421761 3.9563138674708522 13.627137572860358 3.7473075304682566 13.675828559204827 1.1750885304682568 14.131163559204827 0.9620678044933759 14.157179878374476 0.7474858271663778 14.160221845573162 -1.8626861728336221 14.057062845573162 -2.076358479788982 14.037095480339174 -2.2866612691195454 13.994348699948164 -4.8149222691195455 13.337433699948162 -5.019434139188617 13.272399694827268 -5.215800470146203 13.18582723449796 -7.546047470146203 12.005323234497961 -7.732007740217274 11.898208843345506 -7.905420452276812 11.771785957232968 -9.930643452276811 10.121902957232967 -10.089511528118006 9.97762763376656 -10.23200637138576 9.817160646118264 -11.85920337138576 7.773666646118265 -11.983684348168538 7.598855554776364 -12.088718238645237 7.411713060702276 -13.243166238645237 5.068448060702275 -13.327544023740117 4.8711280285173535 -13.390293734919137 4.665903080068277 -14.018975734919136 2.1304740800682773 -14.059374760496842 1.9197080680238012 -14.076958292813197 1.705826763342817 -14.151006292813197 -0.9053332366571828 -14.145571832701354 -1.1198679150484692 -14.1171818659659 -1.3325852659578854 -13.6331938659659 -3.8995672659578853
5 15.450744 0.0 13.299318 7.864709 7.444186 13.539187 -0.484065 15.443159 -8.27751 13.046391 -4.0 mitre 1.0 1 8 19.308988022018347 1.0554397503219572 17.015805980331468 9.438349244719245 16.468876470238726 10.363213679100335 9.842162949644965 16.785466855444067 8.900617715656256 17.30315206473175 -0.07240746712322987 19.458026917118115 -1.1463590814249283 19.424363951517577 -9.45330884843977 16.869674545332167
9 15.465089 0.0 14.753715 4.636472 12.685037 8.8464 9.449369 12.242483 5.344384 14.512289 0.747729 15.447002 -3.917715 14.960631 -8.222739 13.097921 -11.771293 10.030236 0.1 round 4.0 1 9 15.366245656732078 -0.015165536311634302 14.657198506596247 4.606140918920872 12.602053474152083 8.788528229148755 9.387552699889874 12.162394593979366 5.309421874802161 14.41735187532608 0.742837474200829 15.345950128803722 -3.892085922561892 14.862760891636395 -8.168947127388758 13.012236449764979 -11.705894086042736 9.954585606390909
11 18.274171 0.0 17.485753 5.309782 15.188528 10.161395 11.58072 14.136204 6.973637 16.891232 1.764815 18.188754 -3.596289 17.916809 -8.647077 16.098863 -12.951729 12.891782 -16.138805 8.572299 -17.9333 3.513131 -0.1 bevel 10.0 1 20 18.373086524077504 0.014687378815578354 17.584668524077504 5.324469378815579 17.576133323103747 5.35257682673948 15.278908323103748 10.20418982673948 15.262574417276468 10.228604583308627 11.654766417276468 14.203413583308626 11.632043201929465 14.22202899020511 7.024960201929465 16.97705699020511 6.997808437522463 16.988266744334684 1.7889864375224627 18.285788744334685 1.7597489575339187 18.288625593627675 -3.6013550424660816 18.016680593627676 -3.6301553778806763 18.010899745821487 -8.680943377880675 16.192953745821487 -8.706821457549857 16.179054020644916 -13.011473457549858 12.971973020644914 -13.032196320918342 12.951153796875492 -16.219272320918343 8.631670796875492 -16.23305184626596 8.605728507458544 -18.027546846265956 3.5465605074585445
6 2.125906 0.0 1.010486 1.870399 -1.165297 1.778077 -2.118264 -0.180087 -0.848411 -1.949275 1.311731 -1.672973 4.0 bevel 4.0 0
14 1.018663 0.0 0.995799 0.689503 0.493936 1.313987 -0.38882 1.548227 -1.345894 1.178372 -1.968647 0.224436 -1.915991 -1.027142 -1.078247 -2.10658 0.338171 -2.536599 1.851602 -2.03539 2.868587 -0.662681 2.91457 1.159338 1.842826 2.772683 -0.06698 3.521141 4.0 mitre 2.0 0
18 10.054331 0.0 9.79305 2.277222 9.022788 4.436088 7.783577 6.364394 6.139824 7.961918 4.176961 9.145631 1.997006 9.854011 -0.286741 10.050241 -2.555585 9.724123 -4.691606 8.892604 -6.583786 7.598904 -8.133782 5.910259 -9.261035 3.914436 -9.906956 1.715165 -10.037976 -0.573249 -9.647284 -2.83187 -8.755186 -4.943307 -7.408049 -6.797823 -4.0 mitre 2.0 1 18 14.028259104114827 0.4559555058625059 13.714663377460786 3.1891320010633297 12.635951083282043 6.212512741232896 10.900499417932215 8.913006732170734 8.598507510052203 11.150257292713654 5.849618834257827 12.80798646743985 2.7967040764319773 13.800036191470243 -0.40156527591649666 14.074846139775087 -3.5789651767213044 13.618134571747202 -6.570353082092748 12.453634840851972 -9.220254054296642 10.641874391137792 -11.390943710052353 8.277013943921412 -12.969603620702003 5.481966373542344 -13.874182774144163 2.4020004034470896 -14.057669533742938 -0.8028055000827017 -13.51052535705951 -3.9658887664022124 -12.261188268590207 -6.922847031151557 -10.644322550461268 -9.148681036246515
20 16.229685 0.0 15.464939 4.923246 13.242769 9.382523 9.772595 12.957587 5.381447 15.311522 0.483149 16.222492 -4.460681 15.604647 -8.984135 13.516213 -12.660919 10.154004 -15.144533 5.834878 -16.200919 0.96587 -15.730523 -3.994162 -13.777675 -8.577782 -10.526413 -12.353029 -6.283137 -14.96412 -1.447735 -16.164985 3.524103 -15.842455 8.163827 -14.026925 12.034188 -10.88949 14.770442 -6.725826 2.0 mitre 4.0 1 20 14.253385514980064 -0.3069859044157162 13.536324833099135 4.3092737868118975 11.591279036806165 8.212439603718762 8.553866217184375 11.34166171896957 4.710333091101225 13.40204026898577 0.4228960220566624 14.199404281299337 -3.904394854203459 13.658609991964362 -7.86373412285646 11.830622187470262 -11.081990760412287 8.887710275565743 -13.255876287717378 5.107217211020639 -14.180521630469833 0.8454174796492895 -13.768788163529267 -3.4960547511863456 -12.059477478752498 -7.508057037568335 -9.213676416207017 -10.812497566806408 -5.499574580790524 -13.09796235286781 -1.2671898153565613 -14.149068906437268 3.0846164550802073 -13.866761221350991 7.145725776407871 -12.27764389321897 10.53341871303372 -9.531474637011936 13.099055349241949 -5.627433236154667
7 0.0 -0.403338 2.571469 -1.015796 5.195929 1.618797 0.957209 0.762501 11.887325 0.72167 4.660452 -1.202603 5.674239 -0.471292 -1.0 mitre 5.0 2 2 -0.23169337229775694 -1.3761268677576926 1.980272027769374 -1.9029603255961165 5 6.729104992528531 1.7409462406050873 8.235360191552395 3.253017067960764 -4.0673049546098525 0.7676623018997484 -3.9704913572064213 -0.21909785324614578 -0.9837409194048169 -0.23025528351732288
20 0.0 0.0 0.812782 0.254302 1.625563 0.30665 2.438345 0.115473 3.251126 -0.167406 4.063908 -0.317341 4.87669 -0.21526 5.689471 0.057769 6.502253 0.284921 7.315034 0.285804 8.127816 0.059716 8.940597 -0.213795 9.753379 -0.317521 10.566161 -0.169089 11.378942 0.113625 12.191724 0.306104 13.004505 0.255491 13.817287 0.001981 14.630069 -0.253102 15.44285 -0.307185 -0.5 round 10.0 1 36 0.1493020275938347 -0.47718854193742943 0.9048081898199553 -0.24080691923118483 1.5834790627264246 -0.19709642051762255 2.2985519438311455 -0.36529095261965877 3.0867762523730438 -0.6396232809787414 3.1232268444198965 -0.6507710856256546 3.1604207450265838 -0.659109728601083 3.973202745026583 -0.8090447286010829 4.023967137772944 -0.8157431744781611 4.075150413147405 -0.817214592167683 4.126215782915858 -0.8134435500721703 4.938997782915858 -0.7113625500721703 4.988003533323093 -0.702711841004964 5.035906657133613 -0.6892326322175126 5.836467170458329 -0.42030873218474385 6.571074666625599 -0.21500452765094805 7.247054711056267 -0.21427014732065947 7.980979464811969 -0.41842277339643286 8.781127834006876 -0.6876827346982692 8.8286682012153 -0.7011059315443418 8.877301113813418 -0.7097724498824067 9.690083113813419 -0.8134984498824067 9.741174701427818 -0.8173720329051657 9.792394451505883 -0.8159964703531479 9.843204483945817 -0.8093862075862859 10.655986483945815 -0.6609542075862858 10.693583974094953 -0.6525798330804182 10.730425233656788 -0.6413360344439947 11.519050109979423 -0.36702438925952685 12.234723621966843 -0.1975421395125758 12.913218219342571 -0.23979293899851084 13.667987971565275 -0.4752086837935206 14.480349499358534 -0.7301597230563088 14.53796123293856 -0.7445449359009603 14.596872071484777 -0.7519987467694643 15.409653071484776 -0.8060817467694643
14 0.0 0.0 1.198675 4.001056 2.39735 -1.192641 3.596024 -3.645551 4.794699 2.279313 5.993374 2.96613 7.192049 -3.163462 8.390723 -2.02316 9.589398 3.766529 10.788073 0.900427 11.986748 -4.03493 13.185422 0.302311 14.384097 3.944816 15.582772 -1.478188 -2.0 bevel 5.0 1 11 0.5476633411580372 -1.9219072423770491 0.6004291332376799 -2.070749990156776 1.79910313323768 -4.5236599901567764 5.5563086850500865 -4.042141410320374 5.630537402138566 -3.6752404124321054 8.570539933193528 -4.612517812280272 9.769213933193527 -3.4722158122802713 9.78502563779437 -3.443764933303822 10.043248566638795 -4.506957491280619 13.914483072310814 -4.5676940105927 14.336294966924385 -3.041424279535167
12 0.0 -0.196035 0.523871 1.369784 2.964205 -0.122713 5.508646 1.828929 7.55523 1.099897 13.929874 0.083035 9.527725 0.900262 14.065076 -0.655924 2.851501 0.446288 12.612687 1.859789 15.371799 -1.779909 31.479359 0.147828 -4.0 bevel 2.0 2 2 2.3042417365878953 -3.4598269242012307 2.458317661395024 -3.4516992495260594 3 13.085197531819112 -4.578885591261459 15.847123133814236 -5.751566962087589 31.954683133814235 -3.823829962087589
19 0.0 0.0 1.363075 0.634662 2.726151 -1.249309 4.089226 1.824557 5.452302 -2.342265 6.815377 2.786107 8.178453 -3.142085 9.541528 3.398974 10.904604 -3.548671 12.267679 3.586456 13.630755 -3.511138 14.99383 3.325091 16.356906 -3.034183 17.719981 2.647587 19.083057 -2.177497 20.446132 1.638736 21.809207 -1.048296 23.172283 0.424796 24.535358 0.2121 -0.1 mitre 1.0 1 27 0.04220990468772845 -0.09065497198859464 1.3304470477070522 0.5091617377764073 2.6790436998730693 -1.354796679346235 2.7941150187223847 -1.3427308410127214 4.07511725543494 1.5460531373851496 5.380475398061658 -2.444329663409627 5.529764752695987 -2.440120905328652 6.808354484179644 2.3703875248225197 8.09902566583339 -3.2429066522521843 8.259935866330284 -3.241252784437667 9.53857355411941 2.894612487430896 10.822356999969099 -3.648875651631308 10.987347899280834 -3.648465731095578 12.267938036916977 3.054887545122804 13.548076323705422 -3.610846297656272 13.712726539731364 -3.6114284522345232 14.997369718324624 2.831441494137774 16.275859545641982 -3.1332054647432965 16.43552212852444 -3.1351457685024178 17.727871735161028 2.2518162288194916 19.006678329828954 -2.274966752486537 19.15266378982157 -2.2799125687267328 20.462114238975243 1.3861865204100103 21.743657136742105 -1.1401211117248962 21.847128165743865 -1.1545533334177216 23.209500664516447 0.317778384668359 24.519940440974608 0.11329565356878965
7 0.0 0.576353 1.062766 0.700033 5.748206 -1.246473 5.075057 -1.422225 8.583799 -1.592808 8.055894 0.689385 10.707639 0.32816 0.5 mitre 1.0 1 9 -0.05779771657688871 1.073001189323688 1.0685855055652327 1.2040846798705602 1.195444173226894 1.18634407839996 6.271846526165298 -0.92258222060477 6.267894067743965 -0.9796261024737783 7.947648694844916 -1.0612900103800198 7.509608912463754 0.8324054936818992 7.863328950056677 1.22023428182849 10.775126527807398 0.8235844983753284
13 0.0 0.0 1.543792 0.694405 3.087585 -1.21341 4.631377 1.425919 6.175169 -1.278255 7.718962 0.807716 9.262754 -0.133156 10.806547 -0.575038 12.350339 1.137983 13.894131 -1.413485 15.437924 1.331954 16.981716 -0.913984 18.525508 0.265151 0.3 bevel 1.0 1 18 -0.12306498144697092 0.2735964370043161 1.4207270185530292 0.9680014370043162 1.7770030384821023 0.883118040169723 3.047770028849949 -0.6872921934099304 4.3724221527067595 1.5773864455562474 4.891910111643528 1.5746553363046856 6.20765523420509 -0.7300617182323162 7.477819074100994 0.9861819331325341 7.875088025800186 1.0638891134757116 9.384272173178129 0.14410904782452258 10.709062228842033 -0.2350874373110348 12.127484910025709 1.3388213792548893 12.607012085754116 1.2932856949201472 13.884641123363114 -0.8182873701884639 15.176430323127642 1.478995004334757 15.685151498393433 1.5018909413580395 17.050277499757087 -0.4841203614927892 18.3434105773831 0.5035635178682578
13 2.108242 0.0 2.003802 1.588097 0.686454 2.925931 -1.470341 3.125353 -3.495321 1.735608 -4.256132 -0.904011 -3.060067 -3.69765 -0.110996 -5.247042 3.443197 -4.538473 5.951877 -1.52987 6.024637 2.680207 3.264785 6.240015 -1.401073 7.358864 2.0 bevel 1.0 5 10 0.11255295747240002 -0.13124498289561856 0.05691646526962539 0.7147541204914891 -0.22567200789064396 1.001737110105392 -0.9346557578820752 1.0672913038933 -1.7722070453356615 0.49247934822846184 -2.136822486021054 -0.7725468474055858 -1.501056519899484 -2.2575000880989395 0.19237975804690832 -3.1472028526508673 2.3594739238130957 -2.7151678601946942 3.2658577682694605 -1.6281622821285586 3 3.921499230611019 -0.8418663533830831 3.964356941509143 -0.7904680731794583 3.965298014431395 -0.7360152218147529 3 4.006017293638892 1.6201049107863796 4.012773466491738 2.0110341017675744 3.670737208358068 2.4522111677820932 3 2.6006368290277093 3.8324851430326663 2.1148632655970006 4.459062444021685 1.553684029845213 4.593630368450944 2 -0.21541186935194492 5.0178505606901505 -1.8674417478765437 5.413998917017619
10 0.0 -0.370022 1.069523 1.977749 4.030241 -1.11026 7.062249 -0.552636 1.966848 1.755423 11.077746 1.487618 15.353697 1.133638 14.127941 1.65176 12.286788 -1.558347 23.705896 -1.287764 0.3 bevel 2.0 3 8 -0.27300671520072595 -0.2456542652159746 0.796516284799274 2.1021167347840253 1.2860712515352832 2.185370903365256 1.8658547224554438 1.580660635027409 1.9756623687753363 2.0552934835476346 11.086560368775336 1.787488483547635 11.102496511993413 1.786595276989513 13.734466685739038 1.5687104597634791 4 2.0503098749230317 1.3882751491701661 4.134934373016635 -0.7859742091724821 6.066186816748411 -0.4307928532250413 2.0503098749230317 1.3882751491701661 3 14.065142253234743 0.9392833959607937 12.811878585051968 -1.2458204352141296 23.698789304763658 -0.9878481870077243
16 0.0 0.0 0.683414 0.422712 1.366827 0.805798 2.050241 1.113345 2.733654 1.316525 3.417068 1.39629 4.100482 1.345163 4.783895 1.167937 5.467309 0.881224 6.150723 0.511904 6.834136 0.094596 7.51755 -0.33158 8.200963 -0.726672 8.884377 -1.053644 9.567791 -1.281845 10.251204 -1.389882 -2.0 mitre 5.0 1 16 1.0520725367803128 -1.7009242714926016 1.6988876311545404 -1.300849789300082 2.267915897337267 -0.981881958165942 2.7487174084634165 -0.7655137503997654 3.1375642120719576 -0.649908847424283 3.4587725014284003 -0.6124188644849275 3.772233423317136 -0.6358692423721312 4.142714036724711 -0.7319440861222076 4.602937272439941 -0.925021758779807 5.153458128252825 -1.222525705829201 5.783822323739904 -1.6074408620968195 6.487621809649028 -2.0463292221637874 7.267463210178413 -2.497168024788197 8.133184974235705 -2.9113631929254336 9.091670508413946 -3.231414226976549 9.938913112575833 -3.3653501474607044
14 0.0 0.0 1.300381 -1.59657 2.600763 2.959554 3.901144 -3.889543 5.201526 4.250476 6.501907 -3.989546 7.802289 3.144928 9.10267 -1.840194 10.403052 0.266232 11.703433 1.346681 13.003815 -2.762569 14.304196 3.774282 15.604578 -4.2338 16.904959 4.073896 2.0 round 4.0 1 96 0.24237456547373382 1.983702062233963 0.6775626764424976 3.5084624764041434 0.7413130841199491 3.6960633416472533 0.8233131555597595 3.876435699293515 0.9227580969788391 4.047809275859917 1.0386719010492866 4.208502116848315 1.1699169259708928 4.356937094371579 1.3152050609132184 4.49165738595375 1.4731103682434656 4.611340772586753 1.6420830784623552 4.714812615714669 1.8204648004940238 4.801057385782316 2.006504798047794 4.869228629200621 2.1983771723066496 4.91865727590751 2.394198782302068 4.94885820598933 2.5920477270947977 4.959535010914401 2.7899822083673 4.950582902649294 2.9860595882999963 4.922089742106213 3.178355455686854 4.874335176827689 3.291008731632139 4.834165389820903 3.325092033365095 4.942571057675457 3.4013509863094997 5.121894338161646 3.4946991207433706 5.292945186233855 3.60425027659954 5.454099804781019 3.728964477447625 5.6038283422591135 3.8676578030596467 5.740709415673897 4.019013628443737 5.863443603864498 4.181595122653014 5.9708657829951814 4.353858888717603 6.061956187153632 4.534169615215033 6.135850089056795 4.720815600390654 6.191846008964655 4.912025001456576 6.229412373874198 5.10598265481345 6.248192563777395 5.300847307519601 6.248008297078722 5.494769096428031 6.228861323034241 5.685907109060665 6.190933405145797 5.872446859513314 6.134584595667967 6.0526175134914 6.06034981760799 6.224708698958043 5.968933786665978 6.387086742809901 5.861204321321767 6.5382101794449135 5.73818410457619 6.676644383998095 5.601040975553138 6.8010751913310745 5.451076843124852 6.910321371489418 5.28971532680415 7.003345843197383 5.118488242229427 7.0545519768236495 4.997441616981778 7.159157945907311 5.038702655882169 7.344903609228969 5.091925330329252 7.534918291046651 5.126975654319589 7.727428484362619 5.14352648473837 7.920637390257359 5.141423343977414 8.112741688359243 5.12068586175597 8.301948368182346 5.08150759190621 8.486491464236657 5.024254205833486 8.664648538713127 4.949460079512715 8.834756757901975 4.857823305876243 8.995228412294551 4.750199179145234 9.144565735511534 4.627592211918699 9.281374883744567 4.491146759528908 9.404378945233859 4.342136339170996 9.512429858357457 4.181951743496946 9.604519127094408 4.012088059616029 9.679787233848705 3.8341307146602044 9.737531661779236 3.6497406781585577 10.023996646411257 2.5515526108776965 10.425300891977383 2.884984713328958 10.581747283389518 3.002525543775782 10.748931381538524 3.104215255812507 10.925252761465423 3.189080391107766 11.109023528565638 3.2563085501440385 11.298484476517196 3.305256169180161 11.491821927863862 3.3354546809776506 11.687185096041212 3.346615000315247 11.88270380264186 3.3386302913526045 12.07650638031553 3.311576990351638 12.168545966782991 3.28938713061662 12.342632357860538 4.164497424908562 12.391060226641946 4.3573013073112445 12.4583892051355 4.544345163663895 12.543954106673828 4.723781066339454 12.646909580072759 4.893836251621934 12.766238461404212 5.052830633989489 12.900761823218668 5.199193404769471 13.049150621934427 5.331478551176582 13.20993882832155 5.448379142411479 13.381537911355913 5.548740241678186 13.562252532347967 5.631570316554131 13.750297294293734 5.696051034982332 13.943814380970322 5.741545350104797 14.140891911507914 5.767603794061804 14.339582829101468 5.773968918576541 14.537924137248309 5.7605778384536865 14.733956293464342 5.727562852863059 14.925742568875776 5.675250138270274 15.111388182420379 5.604156525927782 15.289059020619092 5.514984395763571 15.43082127111167 5.425195566490531
14 0.0 0.0 1.153237 -0.508534 2.306475 0.997198 3.459712 -1.4469 4.61295 1.840068 5.766187 -2.161342 6.919425 2.398169 8.072662 -2.541294 9.2259 2.585126 10.379137 -2.527953 11.532374 2.372008 12.685612 -2.123384 13.838849 1.791795 14.992087 -1.390198 1.0 bevel 1.0 1 20 0.40347613707507546 0.914990167603442 0.8373690807548797 0.7236597522410615 1.512574293861302 1.605245423144344 3.2108551039138757 1.4239258144727938 3.3234561378283716 1.1852862618150557 3.669342475008253 2.171134215097449 5.573838529805721 2.1170034316222437 5.703248728214484 1.6679862200561848 5.9499545924896236 2.6433773378714194 7.893235853177723 2.625528675917426 8.054558428769258 1.9345632514651327 8.250281828332465 2.8046007892403515 10.201395457589825 2.805145572360317 10.399877678748929 1.9251397479877315 10.55897034192591 2.6011047447345788 12.501008134246359 2.620499275446057 12.752131064322166 1.6416067910852006 12.879597239878201 2.074347757380335 14.779007258650308 2.132533093983665 15.932245258650308 -1.0494599060163352
10 7.11066 0.0 6.830643 1.975804 6.012645 3.795995 4.721094 5.317213 3.057709 6.419649 1.153501 7.016475 -0.841558 7.060684 -2.770335 6.548796 -4.480921 5.521125 -5.838591 4.058612 -4.0 round 10.0 1 34 11.071084328073852 0.5612834770423865 10.79106732807385 2.5370874770423866 10.721033013077866 2.905785476237028 10.616752805708103 3.2662971379596524 10.479144652172087 3.6154489902639138 9.661146652172087 5.435639990263914 9.491422336411866 5.770357743689003 9.291075579199536 6.087695883049399 9.061869961888421 6.384860993402624 7.770318961888421 7.906078993402624 7.514271394451955 8.180455924224662 7.233636349336797 8.429628612155474 6.93088417014566 8.651403667002656 5.26749917014566 9.753839667002655 4.945295817494866 9.946264375458401 4.60647671421339 10.107645551979168 4.254024363504186 10.236562615873936 2.3498163635041855 10.833388615873936 1.986831944691719 10.928707040232176 1.6165119588681178 10.989587237524637 1.2421162238631105 11.015493297294936 -0.7529427761368895 11.059702297294937 -1.1281171815652302 11.050406275479919 -1.5007691094913218 11.0059901621531 -1.8676182389035387 10.926844936399469 -3.796395238903539 10.414956936399468 -4.15421365434554 10.301778796396325 -4.4998501916597204 10.155564248975562 -4.830262313727048 9.977600377937193 -6.540848313727048 8.949929377937194 -6.85312641828253 8.74178354344589 -7.144522843194135 8.505287398552198 -7.412472529488694 8.242522734612216 -8.770142529488695 6.780009734612216
15 0.0 0.0 1.262054 1.447201 2.524108 0.216937 3.786162 -1.414682 5.048216 -0.428999 6.310269 1.350375 7.572323 0.631422 8.834377 -1.255724 10.096431 -0.819656 11.358485 1.132856 12.620539 0.989473 13.882593 -0.984533 15.144647 -1.137055 16.406701 0.814087 17.668755 1.259088 -4.0 mitre 5.0 1 8 0.6827826124483914 -3.9403186335222484 3.0810137963029645 -7.040819535995213 6.2407848182396775 -4.572991233707323 7.224541216338247 -6.043999567460178 11.43872653194809 -4.58790389944015 11.52906800456613 -4.729208953738022 17.14590988887661 -5.4080166417440845 19.025290222667724 -2.502484942439722
10 0.0 -0.573781 1.968802 -1.735066 5.534439 0.27517 2.720418 1.763209 5.594893 0.986663 12.1616 0.45522 16.137976 0.826868 11.846476 -1.662494 11.238662 -0.767695 4.762069 0.627414 -2.0 bevel 5.0 1 4 -1.0160976945398903 -2.2964375168804603 0.9527043054601096 -3.45772251688046 2.951018466366788 -3.4772631223710424 6.093927018653345 -1.7053531055874158
18 2.690129 0.0 2.294326 2.082512 0.338634 3.490511 -2.339221 3.139663 -4.243038 0.831104 -4.049899 -2.447578 -1.470604 -4.925588 2.39806 -5.003872 5.516977 -2.247504 5.979248 2.183882 3.14948 5.997293 -1.801129 6.952858 -6.348219 4.161674 -7.901042 -1.248845 -5.26689 -6.553333 0.529085 -8.800008 6.598383 -6.445832 9.626195 -0.353074 4.0 round 2.0 0
6 17.447801 0.0 14.93007 9.028773 8.1035 15.451829 -1.061752 17.415465 -9.920581 14.352972 -15.916316 7.148191 4.0 round 2.0 1 6 13.594803007349592 -1.0744330917427751 11.376684393713806 6.879907324128594 6.174851198536933 11.774263628287196 -0.8090529499123958 13.270550430487992 -7.559463505027627 10.936936690775156 -12.84170028700322 4.589531542902727
12 0.0 0.024967 1.940543 1.552393 1.441949 -1.968643 8.383099 -0.634249 3.155703 -0.132995 8.536011 -0.021515 2.089298 -1.131524 19.697024 1.557594 19.652017 -1.542875 21.621442 1.174404 25.07286 0.814654 7.423791 -0.491936 0.3 round 4.0 6 27 -0.18555021826734722 0.26070226783436495 1.7549927817326527 1.7881282678343648 1.779225241297461 1.8053289221763278 1.805040541042978 1.820047784408201 1.8321853827951968 1.8321404339358582 1.8603934229936196 1.8414882184068395 1.8893878860383109 1.8479994179201231 1.9188842799954977 1.8516101449762972 1.948593188015374 1.8522849713378755 1.9782231080728867 1.8500172756490396 2.0074833131681356 1.844829308403987 2.036086703922273 1.8367719736264145 2.0637526255794043 1.825924329402288 2.0902096217742323 1.8123928121666415 2.115198098045646 1.796310192355655 2.1384728689620163 1.777834271671092 2.159805563865954 1.7571463347394578 2.178986867633518 1.7344493703581099 2.195828574461666 1.7099660797813416 2.210165434532314 1.683936691589023 2.2218567754336482 1.6566166045781707 2.2307878824294 1.628273881805258 2.236871124032964 1.5991866203675698 2.2400468118422903 1.5696402227311497 2.240283786198911 1.5399245963789077 2.2375797219246416 1.5103313092557715 1.8958907979233224 -0.9026520042416014 3 1.8399465529941113 -1.2977263540905164 1.7978906779307708 -1.5947220060829668 4.713228146290777 -1.0342660548710234 63 3.935801267115913 -0.509174545576927 3.1270674063578157 -0.43162521075698235 3.0981066861470112 -0.4274141988144591 3.0696940626576725 -0.42040144164187343 3.0420999154460766 -0.41065367387826035 3.0155868353033095 -0.3982636570077399 2.9904071253948015 -0.38334929662480843 2.9668004002987276 -0.3660525204238234 2.944991305791252 -0.3465379275899322 2.9251873810775426 -0.3249912224440795 2.9075770838119466 -0.3016174472478063 2.892327996701579 -0.2766390309847807 2.879585232759606 -0.2502936726872035 2.8694700543841196 -0.22283207944972616 2.8620787194036805 -0.19451558065634578 2.8574815650707808 -0.16561364112371124 2.8557223387200903 -0.13640129682621246 2.8568177814610776 -0.107156537604947 2.8607574688666433 -0.07815766176716674 2.8675039101738182 -0.0496806277503065 2.8769929050525005 -0.021996428052628608 2.8891341545471647 0.004631489579377229 2.903812120377714 0.029949729166398376 2.92088712442221 0.05371735785730908 2.9401966779186175 0.07570819868884493 2.9615570277366343 0.09571298292563488 2.9847649050050182 0.1135413414985437 3.0095994594541584 0.12902361659044317 3.03582436106635 0.142012476130042 3.0631900490340893 0.15238431582996523 3.0914361066249088 0.16004043542703947 3.1202937393531154 0.16490797793147519 3.1494883328757166 0.1669406229468823 8.529796332875717 0.2784206229468823 8.55968922936623 0.2775491092710395 8.589346831398649 0.2737057463729725 8.618474426505646 0.2669287263816773 8.646782568985847 0.25728539365900066 8.673989956173354 0.2448715755876445 8.699826223788582 0.2298106303187093 8.724034632592565 0.21225222094146567 8.746374619646971 0.19237082825663035 8.749377909408173 0.18910691530428136 19.651732036611904 1.8541553563032975 19.680514272998586 1.8571393703770747 19.709450108817553 1.857336542558867 19.738270337439644 1.854745038443104 19.76670682779556 1.8493889682746671 19.79449501895257 1.8413181626374948 19.821376381476142 1.8306077088521602 19.847100822677145 1.8173572523955857 19.87142901336716 1.8016900698421834 19.894134614474797 1.783751921951381 19.915006382807515 1.7637096975719155 19.93385013636785 1.7417498609794286 19.95049056093961 1.7180767170926714 19.96477284113626 1.6929105107080014 19.976564100737036 1.6664853774360837 19.98575463891039 1.6390471654044017 19.99225895082359 1.6108511479915248 19.996016523143062 1.5821596488728762 19.996992397024542 1.5532396014735566 19.9851701965865 0.738824822218307 4 19.97642725135011 0.136535607782363 19.965752987623535 -0.5987994241475811 20.52832059404603 0.17739319197748757 19.97642725135011 0.136535607782363 45 20.989101580979337 0.8131475362115402 21.378533284045282 1.3504589792344168 21.39637357323852 1.3727577326977052 21.416253258273382 1.3932591581952039 21.43799220483438 1.411777487680686 21.461393431417463 1.4281449223887268 21.486244894223912 1.442213153297213 21.512321408537083 1.4538547049888833 21.53938668917198 1.4629640907348713 21.56719549150867 1.4694587683337792 21.595495833709176 1.4732798880452034 21.624031279981814 1.4743928258405232 21.652543264203803 1.4727874971390427 25.103961264203804 1.1130374971390427 25.133240358451648 1.1085148723754326 25.161930596947144 1.1011263874293638 25.18975217989433 1.0909440980483214 25.21643377900736 1.0780673063866462 25.241715183622986 1.0626215925673494 25.265349838389152 1.0447575899696442 25.28710724778097 1.0246495161861284 25.306775223994247 1.002493473976371 25.32416195629405 0.9785055387867442 25.339097881637155 0.95291965148785 25.351437338325287 0.9259853368804893 25.361059986561898 0.8979652702203068 25.36787198205867 0.8691327154934265 25.371806891246212 0.8397688604261435 25.372826339163367 0.8101600742188232 25.370920383706686 0.7805951147477916 25.366107612590167 0.7513623124718102 25.358434962069737 0.7227467585069137 25.347977259200253 0.6950275242927397 25.334836492089263 0.6684749399653847 25.319140815264195 0.6433479579792873 25.30104329985319 0.619891627689257 25.28072044076827 0.5983347055216304 25.25837043544952 0.5788874240412167 25.23421125095667 0.5617394416710694 25.208478498258668 0.5470579930603161 25.181423134452142 0.5349862581384734 25.15330901531765 0.5256419657619423 25.124410322082312 0.519116245570537 25.095008887484187 0.5154727392512481 21.311354605348853 0.2353625051932813 2 19.375718482367425 0.09206413620133584 8.675522790561791 -0.7000891886542884
16 1.645729 0.0 1.411374 1.262577 0.237617 2.128436 -1.385789 1.946763 -2.572651 0.581667 -2.521933 -1.402237 -1.025872 -2.960831 1.305191 -3.119439 3.276422 -1.561392 3.720902 1.09051 2.176975 3.504214 -0.756758 4.307369 -3.630663 2.859153 -4.859692 -0.305275 -3.592483 -3.644197 -0.259807 -5.358906 0.1 round 10.0 1 16 1.5474083991098537 -0.018249916180645014 1.3202549518218067 1.2055290431613799 0.2097911387543731 2.02469782061596 -1.3359112256349932 1.8517205212554122 -2.471690616969388 0.5453783315206182 -2.422955974887877 -1.360943908395757 -0.9805054740637171 -2.8636865745581197 1.273466568036529 -3.0170492239817666 3.184169990337389 -1.5068427920589798 3.615912506064694 1.0690635275555633 2.113464407435538 3.417921333302589 -0.746085883421051 4.200767663849002 -3.5513551330407642 2.7871385384578495 -4.752575178360329 -0.3056886817057935 -3.5126072371250276 -3.572834226193922 -0.21405613473927868 -5.2699854830880115
12 0.0 -1.744569 1.010844 -0.398375 5.042187 -1.317462 8.802847 -1.907318 10.671306 -0.439351 4.473235 -1.25348 12.344305 -0.722184 16.577518 -0.744332 22.248963 0.901017 10.590286 -0.446965 16.072141 -1.610094 15.144949 1.256416 -2.0 round 2.0 2 69 1.599316291696923 -2.9454800704431046 1.8311649628673794 -2.6367150285200767 3.5627869540157193 -3.0314994120316148 3.6411003066447947 -3.0721476035258997 3.825501860428135 -3.145685533207314 4.016285489994285 -3.2005796752363596 4.211571415681491 -3.2362891609233575 4.409435496974302 -3.252462146847158 4.523133109461146 -3.2504442319017848 4.59762362274606 -3.267426974968671 4.732277845399165 -3.2933051911198303 8.492937845399164 -3.8831611911198305 8.697112115169027 -3.9045210778390516 8.90240039122246 -3.9048387438963204 9.10663978824652 -3.884110842411517 9.307678471754402 -3.842555759327335 9.503398329478552 -3.7806113125289893 9.691737287471735 -3.698930139063145 9.870711035797061 -3.598372819055613 10.03843393490854 -3.4799988087731353 10.870589143011943 -2.8262106419608424 11.854748551461013 -2.759780035058432 15.657026275658941 -3.566539697083169 15.853728542602896 -3.598132228619802 16.05259800004986 -3.609998515508915 16.251661372278043 -3.6020208149048933 16.448943459452554 -3.5742782852824444 16.64248673648149 -3.5270462009892114 16.830370776495 -3.460793220845014 17.010731306218382 -3.3761767378899554 17.181778704163055 -3.2740363564233648 17.34181575808752 -3.1553855610574586 17.48925450553062 -3.0214016604492406 17.62263199031742 -2.8734141054936577 17.740624778694222 -2.7128912978903434 17.84206209105697 -2.5414260199755256 17.8857705070212 -2.4472578034150474 22.80620869771952 -1.019784195432022 22.9935976631867 -0.9551939843390189 23.173673102553817 -0.8723727558728902 23.34466638149467 -0.7721339494905559 23.504898067301788 -0.6554620736536274 23.652794423653 -0.5235030363506277 23.786902867267194 -0.3775528904127865 23.905906234639772 -0.21904510416275236 24.008635718735142 -0.04953648241920239 24.094082348576908 0.1293081238639715 24.161406898987398 0.3157321691476326 24.209948133146806 0.50790466544765 24.23922929701654 0.703938165621301 24.248962801840946 0.9019073011746297 24.239053048737645 1.099867692519289 24.209597367634387 1.2958750459493125 24.16088506133051 1.4880042497743848 24.093394564071907 1.6743682820544508 24.007788742546914 1.8531367442308926 23.904908385455 2.0225538386238116 23.785763945591306 2.1809556132270833 23.651525615553222 2.326786304429194 23.503511834541737 2.4586136171477033 23.34317633913952 2.5751427923015036 23.172093885248177 2.6752293234553743 22.991944781418532 2.757890197738646 22.804498385481878 2.822313550633842 22.61159572657213 2.867866639809526 22.415131423218952 2.894102059681329 22.21703507510571 2.9007621356640287 22.019252311255432 2.887781454955971 16.854228093407286 2.290598800764301 4 13.244853144919169 1.8732810843705014 10.360575311255433 1.5397994549559708 10.278176561408914 1.5261902260059297 4.751163372638704 0.8002060092455373
12 13.570796 0.0 12.955172 4.04104 11.164157 7.715445 8.360244 10.689847 4.797825 12.694383 0.800111 13.547188 -3.270195 13.170889 -7.043804 11.599626 -10.178345 8.975956 -12.389429 5.537918 -13.476449 1.597438 -13.340783 -2.487973 2.0 round 10.0 1 12 11.59360806375447 -0.30121066509196126 11.02387129641435 3.438619273786502 9.499852927782804 6.565260152724756 7.1139352470161 9.09625106489209 4.082586344839664 10.801959462184252 0.680833847196484 11.527632068767062 -2.78268870204911 11.20743008106428 -5.993744340046692 9.870404195518905 -8.661001488410932 7.637859602084392 -10.54246673819109 4.712349298349359 -11.467438577176933 1.359298726982744 -11.341884822231949 -2.4215947285886092
19 19.191735 0.0 18.200311 6.088627 15.32847 11.548191 10.872924 15.81462 5.294012 18.447117 -0.831866 19.173698 -6.871798 17.919294 -12.20175 14.813507 -16.271044 10.17722 -18.659249 4.489446 -19.11962 -1.662169 -17.604594 -7.642052 -14.270699 -12.832374 -9.462387 -16.696884 -3.676441 -18.836307 2.489347 -19.029604 8.397941 -17.256804 13.438878 -13.701068 17.091339 -8.729767 -2.0 bevel 10.0 1 36 21.165736573048576 0.3214308473089444 20.174312573048574 6.410057847308944 19.9703630294669 7.019710139671272 17.0985220294669 12.47927413967127 16.71169430700374 12.992729167205708 12.256148307003738 17.259158167205708 11.726409238818569 17.623366236241782 6.14749723881857 20.25586323624178 5.529577755541875 20.433195743357366 -0.5963002444581256 21.15977674335737 -1.2385578896155929 21.13191190734539 -7.278489889615593 19.87750790734539 -7.878729176691177 19.647324556850002 -13.208681176691178 16.54153755685 -13.704886350289138 16.132817847541038 -17.77418035028914 11.496530847541036 -18.115084606751747 10.951503049440353 -20.503289606751746 5.263729049440353 -20.653671776566863 4.638703456468077 -21.114042776566865 -1.5129115435319234 -21.058365434744164 -2.153357496667696 -19.543339434744162 -8.133240496667696 -19.287354999522563 -8.722938404061882 -15.953459999522563 -13.91326040406188 -15.523616721031514 -14.391282972430782 -10.715304721031513 -18.255792972430783 -10.15601206176088 -18.572752938304916 -4.37006606176088 -20.712175938304917 -3.739110064225092 -20.83532490597012 2.426677935774908 -21.028621905970116 3.064108743324156 -20.94523677754662 8.972702743324156 -19.17243677754662 9.550750670248757 -18.89113256677626 14.591687670248758 -15.335396566776263 15.050629777301051 -14.885236994851201 18.703090777301053 -9.913935994851203
14 2.141719 0.0 2.217123 0.696301 2.056093 1.432773 1.643719 2.127157 0.993927 2.692833 0.150391 3.048873 -0.815998 3.130139 -1.813045 2.896246 -2.736028 2.3383 -3.47853 1.482504 -3.9442 0.390059 -4.058192 -0.846866 -3.776987 -2.11284 -3.095429 -3.279944 -4.0 mitre 2.0 1 14 6.118468874067231 -0.4306511803144971 6.264063855728696 0.9138123935789452 5.825609507188762 2.919086882667324 4.754819860986765 4.722156905724857 3.138241685809656 6.129467977300817 1.1196266880491195 6.981485773580598 -1.1124377645148134 7.169185498848644 -3.3416762569778182 6.646237956037074 -5.344491979102161 5.435529827180539 -6.9117345056273845 3.629151009035699 -7.8697686592361675 1.381637488862297 -8.098759314568621 -1.1031357087927731 -7.546298066012407 -3.590294815777729 -6.549581559771429 -5.297078128863147
8 1.796381 0.0 1.50936 0.974072 0.740016 1.636875 -0.265803 1.776607 -1.186684 1.348616 -1.728355 0.489669 -1.717722 -0.525755 -1.158183 -1.373171 -2.0 round 4.0 1 44 3.714829602180257 0.5652919252851735 3.4278086021802574 1.5393639252851736 3.365150794888228 1.719753249333868 3.2855745274337034 1.8933445126606725 3.189805263007101 2.0585551571015728 3.0787160895068295 2.2138790270521262 2.9533197599660026 2.3579001004513978 2.814759459711169 2.4893053980564805 2.045415459711169 3.1521083980564804 1.8949544093513533 3.269699935688136 1.733964277113605 3.3724057033938917 1.5639127415080045 3.4592893764063355 1.3863500900021442 3.5295588732606937 1.2028950857101703 3.582573576864391 1.0152202098184957 3.61785017473041 0.009401209818495737 3.75758217473041 -0.18078263190613955 3.774799067096951 -0.37174156851261914 3.773799284108242 -0.5617347078156403 3.7545919403646426 -0.7490299623970824 3.717352141128141 -0.9319198403173711 3.662419385961446 -1.1087370116002258 3.590294473653482 -2.029618011600226 3.1623034736534823 -2.1987503401924187 3.073644035438707 -2.3586561051286834 2.9692582753958514 -2.507877515886265 2.850097832584094 -2.645054186499831 2.7172490403466254 -2.7689355376019424 2.5719230226873915 -2.8783921974050655 2.415444652986272 -3.4200631974050655 1.556497652986272 -3.514097475718634 1.390293122713957 -3.5918518580258967 1.2158779645051294 -3.6526174888926524 1.034842251215295 -3.6958403924994774 0.8488364126381431 -3.7211265230164834 0.6595561892008509 -3.7282453569606844 0.46872717258055435 -3.717612356960684 -0.5466968274194456 -3.706499005214667 -0.737334827794101 -3.6772547920062713 -0.9260439419558166 -3.6301463247916717 -1.11110378657525 -3.565603072078667 -1.2908272472115927 -3.484213448139044 -1.463575859040586 -3.3867194486778285 -1.627774744064006 -2.8271804486778285 -2.475190744064006
18 17.538212 0.0 17.438787 1.864838 17.141636 3.708532 16.65013 5.510178 15.969842 7.249349 15.108484 8.906325 14.075823 10.462319 12.883567 11.899689 11.545235 13.202138 10.076001 14.354898 8.492522 15.3449 6.812754 16.160918 5.055742 16.7937 3.241406 17.236072 1.390319 17.483018 -0.476532 17.531737 -2.33798 17.381678 -4.17292 17.034542 -4.0 round 2.0 1 34 21.532538980206343 0.21296003192074375 21.433113980206343 2.077798031920744 21.387825196089548 2.501310564865003 21.090674196089545 4.345004564865003 21.00061080352609 4.761296677290591 20.509104803526093 6.562942677290591 20.3752880142461 6.967297682420792 19.695000014246098 8.706468682420793 19.51894547180723 9.094305516128735 18.65758747180723 10.751281516128735 18.44129298400313 11.118198476523471 17.40863198400313 12.674192476523471 17.154548938459442 13.01603131658091 15.962292938459441 14.45340131658091 15.67330385552105 14.766284241213437 14.33497185552105 16.068733241213437 14.014351162067005 16.349115181077025 12.545117162067005 17.501875181077025 12.19650136215417 17.746575787482772 10.613022362154169 18.736577787482773 10.240364333215679 18.94282261982094 8.56059633321568 19.758840619820937 8.168120467506771 19.924291717657894 6.411108467506772 20.557073717657897 6.00326554123578 20.679854801188963 4.188929541235779 21.122226801188962 3.770343724243626 21.200945879945234 1.9192567242436258 21.447891879945235 1.4946710205779474 21.48165660029902 -0.3721799794220527 21.530375600299017 -0.7979458116529206 21.51880273330297 -2.6593938116529205 21.36874373330297 -3.081516045117184 21.311964777019142 -4.916456045117185 20.96482877701914
15 14.49316 0.0 14.387436 1.747389 14.071806 3.469285 13.550877 5.140566 12.832247 6.736848 11.926401 8.234843 10.846554 9.612696 9.608463 10.850305 8.230188 11.929613 6.73184 12.834875 5.135277 13.552882 3.463793 14.073159 1.741774 14.388116 -0.005656 14.493158 -1.753004 14.386753 -0.1 mitre 2.0 1 15 14.592977464390398 0.006039354491307002 14.486888058759261 1.7594677190668437 14.169076295462855 3.49326616653075 13.644546418681456 5.176099752292133 12.92094893149242 6.7834159567994465 12.008841329093018 8.291765751197492 10.921529985722156 9.679143033717672 9.674880775456112 10.925306912195225 8.287078557988007 12.012075543804347 6.7783733507115285 12.923595092900767 5.170774195300309 13.646565277465575 3.4877361864054035 14.170438653551624 1.7538138770337626 14.487572766934091 -0.005695071557819504 14.593340860063977 -1.7590822546194425 14.486568103169718
12 0.0 0.0 1.056685 0.914963 2.11337 1.300222 3.170054 0.932737 4.226739 0.025259 5.283424 -0.896842 6.340109 -1.299731 7.396793 -0.95016 8.453478 -0.050509 9.510163 0.878384 10.566848 1.29875 11.623532 0.967225 -0.1 round 5.0 1 28 0.06545910975331903 -0.07559831314455986 1.1082302148235696 0.8273169157158778 2.1141622330962706 1.1940717796798053 3.119291747404233 0.8445159810063496 4.1612874970189235 -0.05034693355081734 5.217674494208685 -0.9721878856753168 5.22457560375744 -0.9776928890469283 5.2319353210656665 -0.9825678184072753 5.239696291580299 -0.9867746832489813 5.247798033766983 -0.990280699316525 6.304483033766983 -1.3931696993165248 6.313765274054731 -1.3961986531450856 6.323298661057917 -1.3983079369814881 6.332992308664311 -1.3994774420640281 6.342753802924495 -1.3996960189690903 6.352490083076058 -1.3989615839036722 6.362108328734148 -1.397281138571131 6.3715168447904 -1.3946707034207615 7.4282008447904 -1.0450997034207614 7.437197948938577 -1.041633712624289 7.44581944474091 -1.0373173732742473 7.453985185931606 -1.0321908104821873 7.46161926298419 -1.026301681275794 8.518304262984191 -0.12665068127579393 8.519501131812968 -0.12561523186931672 9.563196784215432 0.7918593094055967 10.570805796844663 1.1927021057005187 11.593596653091616 0.8718107714726221
14 0.0 0.0 1.236137 -1.237731 2.472273 2.105771 3.70841 -2.344853 4.944547 1.883566 6.180684 -0.859689 7.41682 -0.420963 8.652957 1.57588 9.889094 -2.260108 11.12523 2.269279 12.361367 -1.600654 13.597504 0.45394 14.83364 0.828358 16.069777 -1.86324 -4.0 mitre 5.0 1 7 -2.8302489921234533 -2.8266040830976276 0.661999677383304 -6.323356011045151 3.6099203533531834 -16.937136288286077 6.847441774408182 -5.862638000720892 10.206976064868826 -16.287965633334064 11.87902268709006 -10.161336982374321 14.62819994855736 -5.591905676340163
11 0.0 0.0 0.741781 2.433168 1.483562 2.71755 2.225343 0.602001 2.967124 -2.045189 3.708905 -2.886225 4.450686 -1.178371 5.192467 1.57013 5.934248 2.932013 6.676029 1.704568 7.41781 -1.02822 1.0 bevel 4.0 1 15 -0.9565367190380396 0.2916119084192937 -0.21475571903803958 2.724779908419294 0.38380919185455786 3.3669003945184097 1.1255901918545579 3.6512823945184096 2.427233992729658 3.048432411345234 3.169014992729658 0.932883411345234 3.1882533748058712 0.8718224411258254 3.5855615383281414 -0.5460491374054639 4.227010142145695 1.8306929590369527 4.314283088356949 2.048453130667241 5.056064088356949 3.410336130667241 6.790101922290814 3.4492306173521436 7.531882922290814 2.221785617352144 7.641108108949004 1.9665266102234427 8.382889108949003 -0.7662613897765573
12 0.0 0.41136 1.154044 1.046732 4.605856 1.917034 6.720304 -1.971595 10.300546 1.779565 9.16163 0.756514 15.743962 -1.889681 5.401643 0.7697 18.43735 -0.771556 4.626822 1.218948 3.09352 -0.615478 23.082383 -1.834412 -4.0 mitre 1.0 4 5 3.6265412720514307 -4.655412367164354 4.177711091359798 -5.669055144516779 8.209738920316822 -6.204510524493526 9.354853900959101 -5.0047286352284726 12.555356126332201 -5.199897363914188 6 22.859600778681045 2.186603785999155 22.916986562469106 2.6241294349621858 13.776162133004537 3.941591561692383 10.491074908161526 7.32752651328483 7.6970743979159035 4.8177672193533265 7.571857037801206 4.8358147303665 3 0.01844590285256205 -3.5871890187301942 0.3937744181596924 -4.458276120231166 3.6265412720514307 -4.655412367164354 2 18.744046017725324 -5.577287739948852 22.838912640991214 -5.826995397286039
10 0.0 0.0 0.740913 0.980195 1.481826 1.020561 2.222739 0.082394 2.963652 -0.934773 3.704565 -1.055663 4.445478 -0.164363 5.186391 0.884531 5.927304 1.08532 6.668217 0.245485 -0.3 bevel 2.0 1 13 0.23932246913355415 -0.180899850104468 0.8962712652662759 0.6882142364688721 1.3428091704019742 0.7125422602431987 1.9836867513403618 -0.09895679224504819 2.721162238896438 -1.1114045820003242 2.915341774932762 -1.230857653695447 3.656254774932762 -1.3517476536954471 3.9352650560429936 -1.247437565940741 4.6761780560429935 -0.356137565940741 4.690511417944957 -0.3374485975816931 5.369108956785198 0.6232267946766363 5.825738202247287 0.7469742921116758 6.443249978357188 0.047016263990616175
20 8.15886 0.0 8.019621 1.500892 7.606657 2.950555 6.934062 4.29951 6.024794 5.501714 4.909888 6.516134 3.627397 7.308145 2.221097 7.850715 0.738986 8.125325 -0.768348 8.122601 -2.249457 7.842636 -3.653787 7.294987 -4.933407 6.498346 -6.044639 5.479903 -6.949556 4.27442 -7.617271 2.923043 -8.024993 1.471897 -8.158807 -0.029488 -8.014144 -1.529867 -7.595943 -2.978028 2.0 round 5.0 1 20 6.167411269827827 -0.18474835613784543 6.045311509351354 1.1313954950895775 5.734013073938324 2.224173131339126 5.227000950114107 3.2410354920365676 4.541580841085669 4.1472752329649 3.7011480817757167 4.911960147835932 2.7343868111696943 5.508990115838785 1.6742959741350782 5.917987830017745 0.5570585023143078 6.124992961304607 -0.5791918994964731 6.122939570288062 -1.695674311151479 5.911897710182564 -2.754280181153337 5.499071347361399 -3.718876928474249 4.898551413801062 -4.556539975221016 4.130834081760662 -5.238680382803059 3.2221223822863196 -5.742014012240144 2.203434034491526 -6.049361059897623 1.1095380984862107 -6.150232076881679 -0.022228621248698316 -6.041182928853096 -1.1532369071958828 -5.674459233336608 -2.4231405028899435
10 0.0 0.28087 0.528459 1.309709 4.769284 -0.06588 7.791527 -1.435256 10.729694 0.252086 14.32493 -1.200006 14.738976 1.203986 13.734646 -0.296426 4.433426 -0.044173 17.03873 1.314707 0.5 round 4.0 6 18 -0.4447595686091894 0.5093189573856003 0.0836994313908106 1.5381579573856003 0.1089214700606626 1.5817168325570783 0.13839514710192552 1.6225191511497177 0.17182177310706676 1.660151418086222 0.20886259905935195 1.694232263933126 0.24914224925174883 1.7244163097395793 0.2922525253846445 1.750397667144715 0.3377565432912393 1.771913038283141 0.3851931603685984 1.7887443840737753 0.4340816488463002 1.8007211338513045 0.4839265675332736 1.8077219139476168 0.5342227826720213 1.8096757777055887 0.5844605870183511 1.8065629244601236 0.6341308652693121 1.798414900200217 0.6827302534923356 1.7853142778785194 4.687917482506867 0.48615869018676816 14.359333435985022 1.5287589885105843 4 7.202541117309841 -0.6194564126262856 7.764609415293559 -0.8741291300814179 8.162726257724596 -0.6454970376437611 7.202541117309841 -0.6194564126262856 2 12.018832740680798 0.27065389524086275 12.072877151228672 0.2488257158942821 2 11.86554461599671 -0.7459190295253869 10.080189058314751 -0.6974994355912635 11 4.625274310893396 -0.5495598524203161 4.419870773753863 -0.5439892220670873 4.371526851052794 -0.540326701346278 4.32376491626259 -0.5319992464377422 4.277034036440236 -0.519085153702052 4.231773584462148 -0.5017058439661457 4.188409107954419 -0.48002472090095516 4.147348328210762 -0.45424563466811446 4.108977306717126 -0.4246109652808532 4.073656815326061 -0.39139934369968066 4.042457492785074 -0.35576653001389313 2 15.040619353258974 1.6022031360904623 16.985139377749675 1.8118267493630915
4 0.0 -0.177826 2.331468 -0.797262 1.163297 1.442922 2.348028 1.931323 -0.1 round 1.0 1 28 -0.02567767486140607 -0.2744730745222633 2.305790325138594 -0.8939090745222633 2.3152018316965695 -0.8959301902576736 2.324764062789574 -0.8970370330788152 2.3343884134795276 -0.8972193468290781 2.3439857032196874 -0.8964754421643752 2.353467002213764 -0.8948122122068364 2.36274445545155 -0.8922450686721967 2.371732096785428 -0.8887977990627367 2.380346645504429 -0.8845023462490399 2.3885082780246623 -0.8793985124829955 2.396141367545534 -0.873533590584701 2.403175184818005 -0.8669619257207389 2.409544553531458 -0.8597444118344466 2.4151904542462903 -0.851947927394329 2.4200605712760916 -0.843644715689044 2.4241097774519322 -0.8349117154112313 2.4273005522768702 -0.8258298477330893 2.4296033295959942 -0.8164832664797503 2.43099677156045 -0.8069585783484552 2.431467966346859 -0.7973440403990787 2.431012547800035 -0.7877287422521698 2.4296347358903754 -0.7782017805723718 2.4273472976110377 -0.7688514334865699 2.424171428677242 -0.7597643425867225 2.4201365571238775 -0.7510247100970471 1.3025456286845214 1.3921626455512184 2.386141048895915 1.838870874530341
8 0.0 1.713152 0.622384 1.187469 4.545413 0.502847 7.114451 1.700461 9.014292 0.422923 6.380038 -1.720311 7.806135 1.960317 13.888819 0.257118 -0.3 mitre 5.0 3 5 -0.19357881160372464 1.483963772339656 0.49082984920195283 0.905893002463967 4.586715945401038 0.1911050845179078 7.087643626301042 1.3569679497746214 7.216941531827927 1.2700222592505168 4 7.7274057445194915 0.9267633079206127 8.510761875828925 0.3999996338653681 7.068718285256992 -0.7732497387448073 7.7274057445194915 0.9267633079206127 3 7.949649896216651 1.5003554601885234 7.987483034086668 1.5979993838292328 13.807927931288456 -0.031770620410538575
10 0.0 0.644931 1.300382 1.806405 2.330579 1.426246 3.455792 0.809791 3.108079 0.439564 3.799003 -1.060169 9.040836 -0.753455 19.024864 -1.794542 13.112093 0.182802 19.823579 -0.371252 0.3 mitre 1.0 1 15 -0.19984480799580398 0.868676508819999 1.1626140403449992 2.0855962511863084 1.326154763277889 2.1166686461455 2.444833924983798 1.7038583278908783 2.4650031123439238 1.6946728065983612 3.7289515103716093 1.002210748564765 3.77518002691523 0.7116443443902389 3.4651272581886867 0.3815160305011351 3.98582672736261 -0.7487243099742517 9.0354739789036 -0.45325562428564947 9.05983294475395 -0.45380932167384846 16.339772424814242 -1.212926819489112 12.764725819674752 -0.017362683081167594 12.871725736672104 0.5036655801089848 19.848260969931083 -0.07226905674015277
10 0.0 0.081853 0.939041 1.832921 2.421303 -0.99409 8.218382 1.324377 4.375021 1.163644 9.797365 -1.264764 6.458493 -1.239918 14.700987 1.13373 4.713468 1.093602 22.620548 -1.089997 4.0 bevel 10.0 3 4 -3.525107683017744 1.972253968876517 -2.586066683017744 3.723321968876517 3.375403854576948 3.6955287542964625 3.972605894427885 3.934372009964892 4 9.956822733641214 -4.395038052631413 9.767600082859783 -5.264653254680389 6.4287280828597835 -5.239807254680389 6.267640239504922 -4.06679315872441 2 14.863618484786496 3.8855164255196972 23.10472371756476 2.8805916055496414
8 0.0 1.257255 1.375051 -0.247164 4.473932 -0.496276 4.701776 1.832436 6.762552 -1.968858 1.665342 -0.420063 14.793069 -0.949187 3.667904 -1.089411 -1.0 mitre 1.0 1 2 -0.7381308884714737 0.582597463553313 0.5772610324121781 -0.8565495922459719
9 3.07846 0.0 3.062561 0.312463 3.01503 0.621699 2.936357 0.924513 2.827354 1.217778 2.689148 1.498465 2.523166 1.763675 2.331123 2.010667 2.115001 2.236892 -2.0 bevel 1.0 1 16 5.075875954776665 0.1016341655331812 5.059976954776665 0.4140971655331812 5.039346426370272 0.6163040408257958 4.991815426370271 0.9255400408257959 4.950766272944547 1.1246155751958822 4.8720932729445465 1.427429575195882 4.811048921444516 1.621312971061042 4.702045921444516 1.9145779710610422 4.621640555231705 2.1012573476447205 4.483434555231705 2.3819443476447204 4.384495705931 2.559500416936915 4.2185137059310005 2.8247104169369157 4.102062141307961 2.9913097074609896 3.9100191413079615 3.2383017074609897 3.7772594079147606 3.3922202887671737 3.56113740791476 3.618445288767174
13 0.0 0.0 0.432854 0.993391 0.865707 1.813773 1.298561 2.318271 1.731415 2.419021 2.164268 2.098476 2.597122 1.412463 3.029976 0.480457 3.462829 -0.535226 3.895683 -1.457694 4.328537 -2.126291 4.76139 -2.424575 5.194244 -2.300598 0.1 bevel 5.0 1 20 -0.0916750917619824 0.03994593283967856 0.3411789082380176 1.0333369328396786 0.3444099007109661 1.040056204392047 0.7772629007109662 1.8604382043920469 0.7898130993265218 1.8788891718819851 1.2226670993265218 2.3833871718819855 1.275891233360797 2.41566751780492 1.7087452333607969 2.5164175178049195 1.7909273426456405 2.4993844311912317 2.2237803426456404 2.1788394311912316 2.248840112766783 2.1518385125173327 2.6816941127667833 1.465825512517333 2.6878178066599947 1.4545850922354635 3.1206718066599946 0.5225790922354634 3.1219703213592007 0.519662163405604 3.5541200393131733 -0.49437059593912663 3.9833228935706404 -1.4090575309360935 4.401665967606492 -2.0552405955979625 4.77925057078758 -2.3154385052237885 5.1667093838757285 -2.2044634853089224
4 0.0 -1.107697 0.613777 -1.968701 3.089484 0.584688 8.652556 -0.730096 0.5 mitre 5.0 1 4 0.40714072179039845 -0.8174618665995217 0.6725585098557535 -1.189788912408379 2.928161523943757 1.1365897440881911 8.767558460730342 -0.24350126716171033
20 0.0 0.0 0.807058 3.190801 1.614117 2.30781 2.421175 -1.521632 3.228233 -3.408361 4.035292 -0.943532 4.84235 2.725932 5.649409 2.915117 6.456467 -0.617517 7.263525 -3.361748 8.070584 -1.813934 8.877642 2.049784 9.6847 3.296481 10.491759 0.33446 11.298817 -3.054576 12.105876 -2.543743 12.912934 1.214764 13.719992 3.422344 14.527051 1.260515 15.334109 -2.510652 -0.3 mitre 5.0 1 20 0.2908409470573349 -0.07356319402250364 0.9613394537427142 2.577333402789888 1.3374474153232432 2.165839391690386 2.1337210605767316 -1.6124314892460652 3.2655642278916157 -4.258438749225946 4.325066395790905 -1.0226261642711487 5.094763581178471 2.4769688000077554 5.424138838839701 2.5541785927498473 6.166054967453824 -0.6933180445310215 7.185599821020875 -4.16006590286235 8.355767001659833 -1.9158667246938301 9.159869327185804 1.9337012480870008 9.57172915828141 2.5699187390819476 10.201039932995036 0.260258936975753 11.104297624132078 -3.5327433411013116 12.372747537333685 -2.7298701007179984 13.201864537808277 1.131366700234043 13.722938755416921 2.556683122732168 14.238299599271913 1.1762115367512247 15.040751564435693 -2.573432689699411
13 0.677193 0.0 0.665218 1.561065 -1.881614 1.959436 -3.493728 -1.324279 -0.192641 -4.752084 5.217305 -2.477554 5.088035 4.504348 -2.471683 7.413927 -8.805792 0.715119 -4.584302 -8.723242 6.872285 -8.427306 11.42646 3.301567 1.565761 12.818301 -4.0 round 5.0 1 64 -2.1699169547170496 11.401895128124458 -2.183096553484615 11.403503150781887 -2.5764261359436826 11.412555374264441 -2.9687423933514445 11.382923341580714 -3.35624990858501 11.314893724318006 -3.7351997861275734 11.209124666943561 -4.101925920313656 11.066639419663941 -4.452880462633745 10.888816439112215 -4.784668144974103 10.67737605263268 -5.094079126735619 10.434363815177901 -5.378120048056157 10.162130719829847 -11.712229048056157 3.463322719829847 -11.967585664450668 3.165233451089912 -12.192497327425544 2.8435519975800143 -12.384798359574381 2.501375834311946 -12.542637091690509 2.141999780131457 -12.664493692514498 1.768884271863592 -12.749194803209663 1.3856220437202889 -12.795924835649966 0.9959035328146706 -12.804233825728979 0.6034813438928016 -12.774041766070265 0.2121341154524703 -12.705639376419482 -0.17436986481736505 -12.599685304300067 -0.5523089449290653 -12.45719978288744 -0.9180439444329899 -8.23570978288744 -10.35640494443299 -8.058389100644204 -10.705846049511035 -7.847727667405426 -11.036260139427242 -7.6057471971312065 -11.344476236143876 -7.3347699720129445 -11.62753639536198 -7.0373965555732 -11.882724093859235 -6.716480835104658 -12.107590299914143 -6.375102632965463 -12.29997697661911 -6.01653814957981 -12.458037792521568 -5.644228521801807 -12.580255840833493 -5.261746798387395 -12.66545819715838 -4.872763649510142 -12.712827176025435 -4.48101213940605 -12.721908178202238 6.97557486059395 -12.425972178202237 7.3658592174146875 -12.396737255470168 7.751418324193418 -12.329500843712013 8.128561017329575 -12.224906633068535 8.493676708053108 -12.08395595987538 8.843269948522423 -11.907998220334637 9.173993895616615 -11.698717952023063 9.482682352055189 -11.45811870691266 9.766380078098535 -11.188503870295758 10.022371083638976 -10.892454609245304 10.248204629827105 -10.572805161721583 10.441718691305926 -10.23261570289592 10.601060654436253 -9.875143048456593 15.155235654436254 1.8537299515434071 15.278782590524232 2.2247148009788558 15.365517308839957 2.605989888764644 15.41461098540412 2.993911807259568 15.425594488395475 3.384773632703558 15.398362861104268 3.7748403480260038 15.33317632488283 4.160384534109545 15.230657792509316 4.53772198844896 15.091786915726471 4.903246930838577 14.91789072383629 5.253466459667942 14.710630942806727 5.585033929566524 14.471988116067212 5.894780931445707 14.204242678732218 6.1797475693415524 4.343543678732218 15.696481569341552
7 0.0 -1.301149 2.982424 0.560452 1.0808 -1.174483 3.559765 -1.75121 11.589903 -0.295609 13.944488 -1.123299 5.502523 0.670163 0.5 bevel 4.0 2 7 -0.2647525479974746 -0.8769956216934669 2.7176714520025254 0.9846053783065329 3.319417727943941 0.19108060515946157 2.120264365131116 -0.9029596149427608 3.5723398906327715 -1.2407825215170742 8.169204015736325 -0.4075216214721614 5.398618874901581 0.18107820899998112 6 10.765808366949468 0.06315769813980582 11.500722670841506 0.19637359002853227 11.755717926504062 0.17609579131386005 14.110302926504062 -0.6515942086861399 13.840583874901581 -1.612383791000019 10.750514253460732 -0.9559107490709717
8 10.084915 0.0 8.758763 4.998957 5.129082 8.683203 0.150468 10.083792 -4.86772 8.832373 -8.605711 5.258065 -10.080425 0.300902 -8.904016 -4.735398 0.3 round 2.0 1 8 9.79494506766795 -0.07692488767197138 8.489200134035597 4.84510725962033 4.97122749780257 8.415965583850749 0.14583713037631377 9.773449548127388 -4.717909295814235 8.560544673117334 -8.34085852061251 5.096240880574689 -9.770186177896617 0.2916413598774842 -8.611879977015555 -4.6671591249006
13 1.630344 0.0 0.855809 1.985955 -1.850604 1.958695 -3.03103 -1.106918 -0.213155 -3.752939 3.838174 -1.918949 3.688155 3.108347 -1.548906 5.126591 -5.849767 0.666646 -3.191842 -5.570086 4.171491 -5.561321 7.275476 1.754816 1.357851 7.900435 0.1 mitre 10.0 1 13 1.5371787437886295 -0.03633503866888923 0.7877428428725342 1.885264339801837 -1.7816868516026667 1.859384086687699 -2.913535082079941 -1.0800705249339764 -0.1934614372060868 -3.634254789985748 3.736230986527265 -1.8553282677993912 3.5901818074831975 3.0389348162868073 -1.5229690842750803 5.009426683459215 -5.731802575478992 0.6449131860624305 -3.1257903171978705 -5.470007304024437 4.10525627284649 -5.461399772168722 7.157612980225141 1.7330486043701832 1.285816762131384 7.831073133137236
11 1.316164 0.0 1.425763 1.061285 0.642347 2.144485 -0.922865 2.537225 -2.640552 1.737789 -3.616254 -0.20934 -3.129284 -2.623519 -1.050284 -4.421741 1.980172 -4.597706 4.733013 -2.736625 5.888851 0.684086 -0.3 bevel 4.0 1 20 1.614576975847734 -0.030817135585573915 1.724175975847734 1.030467864414426 1.6688490241112321 1.2370950818548054 0.8854330241112323 2.3202950818548054 0.7153590905810044 2.4354647838836767 -0.8498529094189956 2.8282047838836766 -1.04945084977289 2.8092103353349684 -2.76713784977289 2.009774335334969 -2.9087622806241984 1.8721885735390884 -3.8844642806241985 -0.07494042646091167 -3.9103309586236894 -0.2686589885841017 -3.4233609586236895 -2.682837988584102 -3.3255400656748195 -2.8504188825161463 -1.2465400656748193 -4.648640882516146 -1.067674363611376 -4.721236534613563 1.9627816363886241 -4.897201534613563 2.148194505301621 -4.846238568715182 4.90103550530162 -2.985157568715182 5.01722673029243 -2.8326591372287053 6.17306473029243 0.5880518627712946
6 0.0 0.562907 2.897587 -1.225884 5.426971 -0.698786 3.653105 1.420879 1.536675 -1.438389 10.038943 1.6089 1.0 mitre 5.0 2 2 0.5253025982836255 1.413822495355721 1.8145917231068096 0.6178951313519523 2 5.324717338236787 0.9815678586010197 9.701549780733949 2.550263806184033
10 0.0 0.0 2.839428 1.16636 5.678856 -1.54872 8.518284 0.890065 11.357712 0.366871 14.19714 -1.377205 17.036568 1.461813 19.875995 -0.563824 22.715423 -0.713155 25.554851 1.510767 -2.0 mitre 2.0 1 10 0.7599304507715418 -1.8500015432399404 2.3968267866763084 -1.1776089309441244 5.606825496614692 -4.2470311164615975 9.096119962339843 -1.2500757424941944 10.628629660374557 -1.5324565174085696 14.495182462727339 -3.907428499552941 17.253377369926117 -1.1496318626790136 19.18893875512932 -2.5304543869555185 23.358703280062866 -2.749750352999684 26.78807301982976 -0.0637689474483274
14 0.0 0.0 1.293898 2.218733 2.587797 1.216142 3.881695 -1.552136 5.175594 -2.066906 6.469492 0.419214 7.763391 2.296687 9.057289 0.839656 10.351188 -1.836451 11.645086 -1.84626 12.938984 0.824471 14.232883 2.298173 15.526781 0.435214 16.82068 -2.059621 0.3 mitre 2.0 1 14 -0.25915211758495144 0.15112967925339982 1.2071407024899627 2.6654795488437957 2.8288696164838463 1.4088661550549133 4.103109869374737 -1.31735434980118 5.034622420966948 -1.6879510626691259 6.211942466632603 0.5741738590250869 7.733563813315088 2.7820764809608045 9.309252639735108 1.0077268286330414 10.540051917110333 -1.5378741508706 11.457767048840887 -1.5448313203902568 12.686724321833912 0.9918557188183446 14.260494359112647 2.784320239988657 15.784201087380549 0.5904818054387605 17.086994107156336 -1.9215022238342516
15 0.0 0.0 0.744189 1.55655 1.488378 -1.258253 2.232566 -0.539429 2.976755 1.694305 3.720944 -0.83018 4.465133 -1.023221 5.209322 1.657311 5.953511 -0.316483 6.697699 -1.401479 7.441888 1.449382 8.186077 0.229857 8.930266 -1.635189 9.674455 1.091965 10.418643 0.752489 0.3 bevel 2.0 1 21 -0.2706570460322491 0.12940155885110882 0.4735319539677509 1.685951558851109 1.034223646066994 1.6332305326063496 1.6477203077224936 -0.6872448355029415 1.9712083589316762 -0.3747821581655086 2.6921351442991166 1.7891287192943226 3.264512343332314 1.779132538914722 3.960675783123736 -0.5824371178550598 4.254966117210825 -0.6587753872765449 4.920255416500938 1.7375637900086938 5.490032519706964 1.7631486309534863 6.221425330723666 -0.17670635484703212 6.573403121443978 -0.6898757354610375 7.151614911642911 1.5251549118856982 7.697973056701553 1.6056524186151755 8.442162056701552 0.38612741861517563 8.464714153013439 0.3410385495510135 8.876773252990773 -0.6916415574867503 9.385037163754724 1.170941680501921 9.798963179832725 1.3649076920705916 10.543151179832725 1.0254316920705915
14 2.950455 0.0 1.831315 3.431955 -2.688788 4.011824 -5.740075 -0.577583 -2.549816 -6.205134 4.87269 -5.89498 8.415509 1.71091 2.720667 9.130472 -7.442639 7.359326 -10.893936 -3.380113 -2.323298 -12.12523 10.334625 -8.348401 13.095645 5.554383 1.348283 15.104354 -2.0 round 1.0 5 40 4.851910720618395 0.6200533384537007 3.732770720618395 4.0520083384537005 3.6593108320658025 4.243392759751205 3.566645858464609 4.4262521445501 3.455749346180633 4.598665356064735 3.327786383729202 4.758821005925093 3.1841013612527003 4.905036484782386 3.0262038462394494 5.035775639950913 2.8557527238748515 5.14966491436334 2.674538768647677 5.245507777282097 2.4844658303157217 5.32229729515659 2.2875308318927425 5.379226710555672 2.0858027897995726 5.415697918032205 -2.4343002102004276 5.995566918032205 -2.635730879138719 6.011120111616764 -2.837702945806276 6.006272379606631 -3.0381554763172436 5.98107318852128 -3.235043042214845 5.935779672268687 -3.426356592133924 5.870854008337031 -3.61014395226967 5.786958701710619 -3.784529746464652 5.684949824633221 -3.9477345326484965 5.565868281200613 -4.0980929603609635 5.430929185918924 -4.2340707640780675 5.281509464610526 -4.3542804189404105 5.119133804188521 -7.405567418940411 0.529726804188521 -7.508003646370597 0.3575257109754828 -7.592695882388869 0.17593930632987198 -7.65879410495862 -0.013209899766834399 -7.705634912705574 -0.20802349252541735 -7.7327481832115605 -0.40654620597746405 -7.739861791444838 -0.6067855471964113 -7.7269043409700044 -0.8067317941506525 -7.694005880525404 -1.0043781664782754 -7.641496598776057 -1.1977409667374301 -7.569903510342331 -1.3848794899826864 -7.479945166365376 -1.563915501842922 -4.289686166365376 -7.191466501842922 -4.182857721065671 -7.359765862222271 -4.1408119515695265 -7.4133531413581775 10 -3.781411241089905 -7.780070445604072 -3.77007285357109 -7.789739064775694 -3.606269242331871 -7.903340862183308 -3.4319705627336665 -8.000072251709003 -3.2489083410608055 -8.078972279753652 -3.0589011627966984 -8.139257133882706 -2.8638366063448886 -8.180327929413208 -2.665652491357345 -8.201776658882661 -2.466317627953736 -8.203390245296289 4.850316018438542 -7.897660187016357 8 5.9716454484557016 -7.563081638083623 6.06388414400264 -7.501546684359482 6.21739651201519 -7.375440873020271 6.357640417889812 -7.234727086732744 6.483232049665645 -7.080793773852702 6.592932172017978 -6.915159822193555 6.685658354017122 -6.7394595718858135 10.049109981058907 0.48135613888034184 7 10.372687743424324 2.110693027917625 10.34927688332383 2.2213429274500984 10.289259316995995 2.4102380700482464 10.210839890909838 2.5922652020297408 10.114788752116475 2.765636658450885 10.00204920643935 2.9286497806392724 4.77016317474073 9.745046581309401 66 3.1169839007498643 11.088992066637411 2.968788878638984 11.115021201541916 2.771479404961752 11.129826420682337 2.573672602039225 11.125062847008014 2.377304514978611 11.100777104261757 -7.786001485021389 9.329631104261757 -7.978767360523983 9.286128112579771 -8.166299123000838 9.223814140584008 -8.346765937687385 9.1432975470119 -8.518405943479053 9.045364399123144 -8.679543453625799 8.930970798483635 -8.828605315123799 8.80123354673875 -8.964136267090854 8.657419242504199 -9.084813148184804 8.500931915819253 -9.189457814360775 8.333299320884723 -9.277048640853813 8.156158020906906 -9.346730496095361 7.971237410661156 -12.798027496095361 -2.7682015893388443 -12.849079743319486 -2.9589088417125184 -12.881081271261849 -3.1537202640262616 -12.893720260329898 -3.3507376338439685 -12.886873557515802 -3.5480412342042387 -12.86060787638666 -3.7437085591447397 -12.815179147034389 -3.935833046402318 -12.75103002231926 -4.122542654759339 -12.66878556470601 -4.302018105020515 -12.569247155719566 -4.472510606882024 -12.453384687365991 -4.6323588989641316 -12.322327111604672 -4.780005435970982 -3.751689111604672 -13.525122435970982 -3.60682824464691 -13.659032500674922 -3.449479727044917 -13.778019979903718 -3.281174425192683 -13.880927227331663 -3.1035498056165087 -13.96675304352462 -2.918334003827289 -14.034662416753537 -2.7273290110411876 -14.083994646943843 -2.532393142347518 -14.11426977372165 -2.3354229568935447 -14.12519324601737 -2.13833480598734 -14.116658787795496 -1.943046188639853 -14.088749432029468 -1.7514570959408156 -14.041736712861912 10.906465904059186 -10.264907712861913 11.092381179983835 -10.199294182141074 11.270933031224468 -10.115694770334906 11.440386396895358 -10.01492184689512 11.599094629791868 -9.897954663263723 11.745515497530363 -9.765929837088873 11.878226169046922 -9.620130307249378 11.995937040824883 -9.461972867016344 12.097504268496202 -9.292994396497297 12.181940882041921 -9.114836928147737 12.248426376580866 -8.929231690474591 12.29631468554895 -8.737982284985394 15.057334685548948 5.164801715014607 15.086151077465942 5.359740878219683 15.09564380468307 5.556569610685729 15.085720712607127 5.753377115720119 15.056478133776977 5.948252802704339 15.008199952675401 6.1393048349461665 14.941354849802542 6.324678495470325 14.85659175176524 6.502574192454057 14.754733531552398 6.6712649295123825 14.636769020153583 6.829113071232987 14.503843407071384 6.974586241202334 14.35724712291855 7.106272198186328 2.6098851229185493 16.65624319818633
7 9.989461 0.0 8.941801 4.453484 6.018571 7.972837 1.832928 9.819863 -2.737178 9.607143 -6.733152 7.379295 -9.316827 3.603618 1.0 bevel 10.0 1 7 9.016033180509304 -0.22899406158585595 8.022242875936376 3.995495964539661 5.399632322361583 7.152925355848284 1.6444330505879476 8.810006643035694 -2.4556917195243697 8.619162373537725 -6.040727173383998 6.62042212502503 -8.491552036661114 3.0388868826653876
13 2.033315 0.0 1.876181 0.783782 1.429066 1.446423 0.761075 1.885506 -0.024546 2.033166 -0.806374 1.866582 -1.463569 1.4115 -1.894556 0.738258 -2.032722 -0.049089 -1.856711 -0.828849 -1.393729 -1.480503 -0.715333 -1.903331 0.073625 -2.031981 -0.1 round 2.0 1 57 2.131363973065022 0.01965703133473225 1.974229973065022 0.8034390313347323 1.971809076505408 0.8130270163938382 1.968453031095597 0.8223290138596129 1.9641946556699825 0.8312540593149882 1.9590755929660169 0.8397148745640559 1.5119605929660167 1.502355874564056 1.5060308951799988 1.510269729829583 1.4993485544438152 1.5175592252361774 1.4919789176488494 1.5241530765013718 1.483994052783579 1.5299868020760445 0.8160030527835791 1.9690698020760444 0.8074810496132975 1.9740863508645576 0.7985052402926784 1.9782366697464886 0.7891633995301468 1.9814801726290716 0.7795468814665706 1.9837851412003837 -0.006074118533429377 2.1314451412003836 -0.0158712505962922 2.132789033093672 -0.02575321289658055 2.133158712919604 -0.03562336988101781 2.132550565585 -0.045385201440324624 2.130970538153041 -0.8272132014403246 1.9643865381530405 -0.8367712815930008 1.9618500705785302 -0.8460321050146893 1.9583819711690797 -0.8549051095908746 1.9540161546644017 -0.8633035257094028 1.9487953146303105 -1.5204985257094028 1.4937133146303105 -1.528340202191521 1.4876885251639975 -1.5355484812288451 1.4809186882764742 -1.5420528730764098 1.4734700061878807 -1.5477897713005409 1.465415319544096 -1.9787767713005409 0.7921733195440959 -1.9836900799645305 0.7835913849263064 -1.9877317446438907 0.7745661342133753 -1.9908622418173478 0.7651858255159696 -1.9930509582892397 0.7555421890640227 -2.13121695828924 -0.031804810935977215 -2.1324424927852994 -0.04161749957123015 -2.132692852674043 -0.05150325260170588 -2.131965589666264 -0.061365396464526434 -2.130267815724592 -0.0711074884727366 -1.9542568157245914 -0.8508674884727365 -1.9516051536466703 -0.8603941993761673 -1.9480255260773651 -0.8696124312499109 -1.9435529380272976 -0.8784320394355066 -1.938231126725877 -0.8867667773969008 -1.475249126725877 -1.5384207773969008 -1.4691300973978156 -1.546189182041622 -1.462273715983193 -1.553315237369713 -1.454747031468254 -1.5597292572367214 -1.446623647775535 -1.565368518537873 -0.768227647775535 -1.9881965185378732 -0.7595869994265823 -1.993005876831541 -0.7505135879818841 -1.9969382979486585 -0.7410961429953035 -1.999955326455627 -0.7314267583498615 -2.0020274586101054 0.057531241650138454 -2.1306774586101054
10 2.354408 0.0 2.351496 1.231773 1.682361 2.429039 0.400054 3.230248 -1.250064 3.328073 -2.875513 2.567985 -4.029899 1.013724 -4.332021 -1.042174 -3.579774 -3.130937 -1.826696 -4.714441 -0.5 mitre 5.0 1 10 2.8544066027968085 0.0011820326726955438 2.851188195624328 1.362564950965399 2.056185926214844 2.785042010283496 0.556892872721372 3.7218278876876214 -1.3470236788801937 3.8346989894272685 -3.2016492090787763 2.9674440893980583 -4.506297614125658 1.2108703483126921 -4.844945102665294 -1.0935784981588 -4.0077935807940674 -3.418095743529414 -2.161848303312809 -5.0854840346794274
5 0.0 0.994156 0.532165 1.439275 4.428238 0.184498 7.842801 -0.777022 3.592617 1.750348 1.0 round 4.0 1 13 -0.6415853467214735 1.7612076559347791 -0.1094203467214735 2.206326655934779 -0.0289644872496293 2.267003034162773 0.05718951209442075 2.319274026072675 0.1481667774179884 2.362608831858151 0.24304345568040459 2.396567396611533 0.3408560962064978 2.4208048789794065 0.44061143430486926 2.435075152946618 0.5412964776405953 2.4392333071889043 0.6418887929375738 2.4332371166138036 0.7413668885514422 2.4171474711466776 0.8387205874804405 2.391127757407637 2.5964208013601477 1.8250393393335052
12 0.0 0.0 1.43383 -0.923008 2.86766 1.601693 4.30149 -1.856404 5.735321 1.619719 7.169151 -0.954288 8.602981 0.036254 10.036811 0.891376 11.470641 -1.583056 12.904471 1.855696 14.338302 -1.637127 15.772132 0.985204 4.0 bevel 1.0 1 7 2.083233744102241 3.410567248535821 4.2673433557864735 3.275588798094359 6.447708897963648 3.4033025343517775 6.55412407684489 3.4716848766789905 7.987954076844891 4.32680687667899 11.603352627238106 3.3884994858325346 12.57859080318283 3.3858121359730187
11 0.0 1.470797 1.441429 -1.728447 5.231315 0.557394 7.134908 -0.683057 3.700641 -1.659315 14.335224 0.352662 8.979107 -0.199197 18.987493 1.162554 14.123317 -0.9931 12.649106 1.977228 22.17549 0.701856 4.0 mitre 5.0 3 8 3.1259446407540286 3.958796824611531 5.313460297995786 5.2781803040790285 7.134049625209347 4.091817540856328 5.720191124675589 6.940543735528214 18.857597727760556 5.181735720420941 37.90172222953091 7.772898329897662 38.55726591287718 5.460077431637146 34.090618252434915 3.4805958306788325 3 -10.986723827855709 -1.6760085236271247 -11.315669856619463 1.0763307823722814 -3.951326812321448 2.0783306557700367 3 19.517117073552335 -2.9779340642638963 12.242837552793134 -6.2016722156060045 11.295711780027641 -4.293346879295951
19 0.0 0.0 1.643162 1.2173 3.286324 -0.250855 4.929486 -1.165605 6.572649 0.491058 8.215811 1.06441 9.858973 -0.710407 11.502135 -0.918013 13.145297 0.899586 14.788459 0.732631 16.431622 -1.050563 18.074784 -0.516136 19.717946 1.156926 21.361108 0.277722 23.00427 -1.214158 24.647432 -0.027514 26.290594 1.219828 27.933757 -0.223862 29.576919 -1.173695 -0.3 mitre 1.0 1 28 0.17858180733967652 -0.2410571261906494 1.625448153255067 0.8308216069365802 3.098825843301088 -0.48563217091947747 3.125889398099238 -0.5048955819222343 4.871699243908056 -1.4767897447945593 5.071448909727111 -1.4484862238984713 6.736875510377982 0.23062329141685192 8.129145815434947 0.716431120434941 9.674774951936604 -0.9530383945358667 9.768880835362795 -1.0014092618396078 11.537479813050963 -1.224863650002144 11.675366986779833 -1.1737418719966086 13.26602117363327 0.5857751198584987 14.644940661272235 0.4456687255658096 16.27060278021293 -1.3185329613771946 16.440773674228346 -1.363055137821339 18.201969876696346 -0.790238335280649 18.26347489106941 -0.752153128752882 19.77453409186604 0.786402247164533 21.186890942863894 0.030694780204661685 22.88134206589498 -1.5077522757932336 23.09369666789186 -1.519627715080959 24.824521452885847 -0.26967619102891016 24.82739719654811 -0.26754676676056466 26.276735036269177 0.8326612222711652 27.746839899353297 -0.4589791626364277 27.770835085572855 -0.47620013124410754 29.426782335585422 -1.4334236699586014
5 0.0 -0.502695 2.144336 -1.035208 1.812967 -0.403785 2.779104 1.491586 10.745468 -0.178185 -0.1 round 10.0 1 28 -0.024101417256381916 -0.599747159616537 2.120234582743618 -1.132260159616537 2.1300332587106583 -1.1341798727296304 2.1399745320774497 -1.1351128427132566 2.1499592889955603 -1.135049767917402 2.1598879820883807 -1.1339912771936762 2.16966162293199 -1.131947923625702 2.1791827689633023 -1.1289400793155588 2.1883564949760745 -1.1249977322752518 2.197091339519037 -1.1201601874481824 2.2053002167606097 -1.114475674841422 2.2129012847289737 -1.1080008686756795 2.2198187612712057 -1.1008003223470109 2.225983679596407 -1.0929458248336605 2.2313345758701235 -1.0845156849646218 2.2358181020047723 -1.075593950685708 2.2393895575366045 -1.0662695711070027 2.242013335286418 -1.056635509686023 2.243663276360818 -1.0467878173880967 2.2443229309546795 -1.0368246750644907 2.243985722354636 -1.0268454145957142 2.2426550125084823 -1.0169495285591343 2.240344068506775 -1.0072356782944554 2.2370759303108008 -0.9978007102565846 2.2328831810456657 -0.9887386904627782 1.9255501040174996 -0.40311609602468784 2.833457707137106 1.3780202662432015 10.724953525417975 -0.2760581645172642
12 0.592504 0.0 0.513282 1.272092 -1.548652 1.492781 -2.67525 -1.195499 0.13624 -3.706954 4.221493 -1.525575 3.51418 3.924495 -2.668292 5.426648 -6.807994 -0.501098 -2.320482 -7.243014 6.447777 -5.36027 8.069697 4.342947 2.0 bevel 4.0 3 3 1.7181461834547658 2.2236325377011528 1.7075521476670954 2.305262928525736 1.6196305025462694 2.3266252190437013 3 4.221863818998903 -3.7926377273790206 4.699195718176515 -3.6901437466258 4.727163377608223 -3.52282583424544 2 5.72372278139623 2.439140322128278 6.097064883986997 4.672678003810778
10 1.116913 0.0 1.03022 0.893129 0.228355 1.593738 -1.004873 1.56111 -2.0185 0.590556 -2.136145 -0.978682 -1.075065 -2.363172 0.805537 -2.726251 2.602141 -1.665159 3.30087 0.481961 2.0 bevel 2.0 0
5 0.0 0.73529 0.542444 -0.703588 3.275656 -1.603042 3.165303 -0.171274 11.662859 -0.588192 4.0 mitre 4.0 1 2 2.480530134026026 3.8671347230889523 11.858876349191483 3.4070022629634344
16 7.906065 0.0 7.632049 2.063417 6.828996 3.983802 5.552571 5.628039 3.891254 6.882152 1.960203 7.659208 -0.106725 7.905345 -2.166256 7.603499 -4.075625 6.774596 -5.702481 5.476091 -6.934053 3.797995 -7.684972 1.856631 -7.903184 -0.213431 -7.573564 -2.268699 -6.718961 -4.166705 -5.398613 -5.775885 0.5 mitre 10.0 1 16 7.410416306143632 -0.06582075872000004 7.145141108092793 1.931775561700958 6.393321110169386 3.7296442536953114 5.198329178544193 5.26898259999816 3.64300062611948 6.44308589086138 1.8351464108492646 7.170567435937617 -0.09991615762356376 7.40100144012944 -2.028053684589535 7.1184125400523985 -3.8156091061732944 6.342391743853736 -5.338675221089897 5.126728547141931 -6.491675759156143 3.5556912136146854 -7.194687787459853 1.7381819438854564 -7.398978327002723 -0.1998145130792963 -7.090387346757549 -2.1239610053629514 -6.290306126776423 -3.900878423171568 -5.012075746944443 -5.458727386185884
20 0.0 0.0 1.394595 0.742316 2.78919 -1.395227 4.183785 1.880095 5.57838 -2.138522 6.972975 2.139382 8.36757 -1.882572 9.762165 1.399023 11.15676 -0.746974 12.551355 0.004958 13.945951 0.737655 15.340546 -1.391424 16.735141 1.877608 18.129736 -2.13765 19.524331 2.140231 20.918926 -1.88504 22.313521 1.402812 23.708116 -0.751627 25.102711 0.009916 26.497306 0.73299 -0.1 bevel 4.0 1 28 0.0469864650179896 -0.08827384723185708 1.360829447005866 0.6110594122573224 2.705438716146032 -1.449868764730031 2.8811969501178125 -1.4344025169719345 4.174272149829969 1.6024918138349438 5.483907112329041 -2.1713072633832686 5.673455431604304 -2.1695165528319955 6.975898017557884 1.825710985070525 8.273088689431352 -1.91533298217744 8.459603928512667 -1.9216840953481833 9.780705461328601 1.1869748232490505 11.072910228149299 -0.8014645107388918 11.204218719761728 -0.8349948493402429 12.598340699628032 -0.08331789039170948 13.91206249938785 0.6068891814187781 15.256894145188738 -1.4462178608480523 15.432525766535141 -1.4306632985174432 16.725579674601633 1.6003490048354472 18.03527160969091 -2.170459738851926 18.2248113824978 -2.1686447034652243 19.527214848875754 1.8264413560376307 20.824436335542288 -1.9177768799776218 21.01098670786682 -1.9240890213329338 22.331987070205184 1.1902586447026569 23.624168693184995 -0.8059671295407644 23.75604266896743 -0.8393939322791131 25.149694381696666 -0.0783660307973504 26.543335241415498 0.6442132635499956
17 0.0 0.0 1.696146 -1.934666 3.392293 2.657144 5.088439 -1.714754 6.784585 -0.302036 8.480731 2.129581 10.176878 -2.622811 11.873024 1.472686 13.56917 0.600169 15.265316 -2.29698 16.961463 2.554591 18.657609 -1.21159 20.353755 -0.890547 22.049901 2.434701 23.746048 -2.453363 25.442194 0.93484 27.13834 1.169419 0.5 bevel 1.0 1 24 0.3759690830493057 0.32961682085576927 1.5182433656954302 -0.9732894250156633 2.923268314154863 2.830394812603782 3.8584405729682762 2.837993219560898 5.302971571981762 -0.8853549978243161 6.412947264466635 0.03914244540040921 8.07064133091285 2.415634252573697 8.951637594598576 2.2976493764530765 10.21152847970738 -1.2324074896463832 11.411073690370682 1.664002260243025 12.1017422324017 1.91730715353078 13.7978882324017 1.04479015353078 14.000660747155576 0.8527867648525987 15.150304910599633 -1.110894686200425 16.489476129641826 2.7196012851627653 17.417361918265208 2.759910692978076 18.951725278263382 -0.6470425607638043 20.019791375915222 -0.4448812231263367 21.604497883872728 2.661892690306047 22.522270684999825 2.5986121975832153 23.82971724505552 -1.1692702218840159 24.99508837307433 1.1586626046926547 25.3736953989057 1.43012571718567 27.069841398905698 1.6647047171856701
19 7.665972 0.0 7.555741 1.29534 7.228218 2.553429 6.692821 3.738084 5.964949 4.815237 5.065533 5.753912 4.02044 6.527112 2.859725 7.112601 1.616769 7.493543 0.327316 7.658981 -0.97155 7.604158 -2.242475 7.33065 -3.44891 6.846324 -4.556159 6.165107 -5.53238 5.30659 -6.349497 4.295464 -6.984013 3.160806 -7.417678 1.935248 -7.638021 0.654035 -4.0 bevel 10.0 1 36 11.651566811011445 0.3391666293116877 11.541335811011445 1.6345066293116877 11.426716223845863 2.3030854124785045 11.099193223845862 3.5611744124785045 10.873248389467978 4.200776401083003 10.337851389467978 5.385431401083004 10.007082783443568 5.977652893962732 9.279210783443567 7.054805893962732 8.853128588509255 7.58262180600702 7.953712588509256 8.521296806007019 7.444569368138135 8.96952795329357 6.399476368138134 9.74272795329357 5.821914406113455 10.098482880224871 4.661199406113456 10.68397188022487 4.031834663879471 10.937017156204806 2.788878663879471 11.317959156204807 2.12580014910161 11.461021706841953 0.8363471491016103 11.626459706841953 0.15863276301538098 11.65542266297475 -1.140233236984619 11.600599662974751 -1.8130988898009108 11.51463053744031 -3.0840238898009114 11.24112253744031 -3.7326836788135234 11.042695001557613 -4.939118678813523 10.558369001557612 -5.544926992528174 10.253186598789853 -6.652175992528174 9.571969598789853 -7.197703753507754 9.168811598527569 -8.173924753507753 8.310294598527568 -8.64348539737141 7.820754514594556 -9.46060239737141 6.809628514594557 -9.840691102074745 6.2477866530567425 -10.475207102074744 5.113128653056743 -10.754896271457437 4.495137050767561 -11.188561271457438 3.269579050767561 -11.359804446843569 2.6132148702056965 -11.580147446843569 1.3320018702056964
19 19.298446 0.0 19.060376 3.021937 18.352038 5.969316 17.190909 8.769416 15.605638 11.353154 13.635336 13.65678 11.328617 15.623459 8.742392 17.204669 5.94047 18.361396 2.991982 19.065101 -0.030326 19.298422 -3.051885 19.055604 -5.998147 18.342635 -8.79642 17.177108 -11.377662 15.587778 -13.67819 13.613859 -15.641242 11.304052 -17.218385 8.715345 -18.370708 5.911609 -2.0 mitre 4.0 1 19 21.29226835836461 0.15707451507290074 21.04182389248665 3.336086561453577 20.259849558215365 6.589864745555183 18.978013886026268 9.681052775220012 17.227943890132366 12.533386761680948 15.052816255973008 15.076489581130955 12.506299270081383 17.24761726477875 9.651219590020645 18.993204188155037 6.558019640767222 20.27018045576708 3.3030173361168664 21.047040119701265 -0.03347844465620797 21.304616293958073 -3.3691478420581102 21.036555808712432 -6.6216927201599285 20.249469097077363 -9.71086412659374 18.962778098083845 -12.560442725566801 17.208227089419857 -15.100125067914918 15.029106805065373 -17.267249135069573 12.479180292582619 -19.008346183283386 9.621360731267995 -20.220564737851074 6.6718918746111475
10 0.0 0.0 0.934632 2.987138 1.869264 4.049431 2.803896 2.502363 3.738529 -0.657172 4.673161 -3.39324 5.607793 -3.94278 6.542425 -1.951682 7.477057 1.297036 8.411689 3.709973 0.3 mitre 4.0 1 10 -0.2863125572511372 0.08958303165395938 0.6673347473837656 3.1374950465138123 1.9143958172683555 4.554891674396135 3.0806276297634767 2.624463529743264 4.024437733933635 -0.566094750864482 4.92109914729779 -3.1910065877590417 5.476094412913528 -3.5173297804878088 6.2607162918515025 -1.8458065992682038 7.192461803443879 1.3928781610752905 8.131941677716323 3.81833090545739
17 11.846426 0.0 11.135796 4.04127 9.089163 7.597693 5.952068 10.242593 2.100881 11.65865 -2.002356 11.675975 -5.865364 10.292489 -9.024681 7.674175 -11.101273 4.13516 -11.846004 0.100035 -11.169525 -3.947091 -9.152996 -7.52067 -6.038348 -10.191966 -2.199256 -11.640494 1.903689 -11.692467 5.778241 -10.341651 8.959556 -7.750108 2.0 mitre 1.0 1 17 9.87664776091364 -0.3463721825173621 9.226924983350822 3.348525541025535 7.531120879790715 6.2953150814050485 4.931779072640866 8.48683275802327 1.7407531252810258 9.660152731823695 -1.6591170181449397 9.67450792267298 -4.859937782539608 8.52817565619843 -7.477692133359659 6.358686850449261 -9.198319858171951 3.426321066738945 -9.815390922738478 0.0828871564961781 -9.254872326254253 -3.27049023631988 -7.584011758754933 -6.23149512935323 -5.003269038407657 -8.444884156265037 -1.8222649170209164 -9.645108984933922 1.577363156134257 -9.68817289874366 4.787749033947453 -8.568910436935402 7.696397463757334 -6.199485379141757
10 0.0 0.044937 0.73942 -1.752965 3.079204 0.132347 2.217549 -1.543858 7.666352 -1.630299 14.581696 -1.580834 13.915755 0.04619 7.066838 0.357703 14.90281 -0.900465 26.108602 1.325742 0.5 bevel 5.0 2 7 0.4624198337115984 0.23511559340666513 0.947137642011067 -0.943477245544447 2.765490189408247 0.5216844436706569 3.5238903284779957 -0.09624448992200074 3.0301739445228075 -1.0566867450793505 7.668529656174358 -1.130270632415867 12.945067533852754 -1.0925279046326415 3 14.6174574797727 -0.34824379811758666 14.89343597153381 -0.3925557618436045 26.011173186624223 1.8161577688372061
13 1.150562 0.0 1.330922 0.606169 1.164698 1.338597 0.5939 1.999944 -0.331592 2.375129 -1.453507 2.287305 -2.532177 1.649349 -3.296454 0.498044 -3.506364 -0.998509 -3.014707 -2.564112 -1.813224 -3.865414 -0.051482 -4.581179 1.978062 -4.475749 -0.5 round 5.0 1 65 1.6297982922945182 -0.14259234252863348 1.810158292294518 0.46357665747136645 1.8222306952111462 0.5133478493395981 1.8291484554191981 0.564092888957965 1.830838994145769 0.6152793767353043 1.827284574837027 0.6663702815574287 1.818522489244068 0.7168295751338096 1.652298489244068 1.4492575751338097 1.6391671119710782 1.4963279791555755 1.6215034994521376 1.5418917015302738 1.5994763784709494 1.5855135073748046 1.5732961570215405 1.6267767114277836 1.5432129144439695 1.6652871583205018 0.9724149144439693 2.326634158320502 0.9398195441242404 2.360969856404881 0.9041227998515304 2.392068743483853 0.8656447241177254 2.4196519995832593 0.824730295701471 2.4434723244465584 0.7817463367287404 2.4633161547283486 -0.14374566327125957 2.8385011547283483 -0.1874228181518375 2.85389329169815 -0.2323367207115662 2.8651783745872703 -0.27810207941975756 2.8722595949107532 -0.32432629857431833 2.8750762067956703 -0.3706128461631563 2.873604048086372 -1.4925278461631564 2.785780048086372 -1.5377608363888418 2.780155170999019 -1.582293622419599 2.770434388348247 -1.625756107831016 2.7566984861621098 -1.6677870910931516 2.739061618724187 -1.708037267390243 2.7176703598772227 -2.786707267390243 2.0797143598772228 -2.824411564663698 2.055056972827524 -2.8597433839484694 2.0271058849232584 -2.8924158872941943 1.9960880143624464 -2.9221638261492098 1.9622551767208596 -2.9487456947552104 1.9258820406116783 -3.7130226947552107 0.7745770406116783 -3.7360333272153965 0.7363085904973283 -3.755537939174806 0.6961397768145082 -3.7713809646976553 0.6543909801533515 -3.7834360421266995 0.6113951828174259 -3.7916070219253535 0.5674953130055205 -4.001517021925353 -0.9290576869944794 -4.005723396489459 -0.9732069617879568 -4.006001106839354 -1.0175552980445186 -4.002347968114352 -1.0617537892995312 -3.9947927210480394 -1.105454707980155 -3.9833948058531927 -1.148314241120107 -3.4917378058531927 -2.7139172411201073 -3.472346306242272 -2.76552268835117 -3.4473914641725525 -2.814679664441586 -3.417176645920806 -2.8607905872158303 -3.3820691612416196 -2.9032949041798637 -2.1805861612416195 -4.204596904179864 -2.141192306947478 -4.242821988307091 -2.097845735571927 -4.276498501824167 -2.0510688656824536 -4.30522057097012 -2.001425458254464 -4.328642033597809 -0.23968345825446402 -5.044407033597809 -0.18795678756467432 -5.062193170642796 -0.13459678927494786 -5.074222539460544 -0.08024207480571202 -5.080351172799295 -0.02554316032125977 -5.080505723294598 2.0040008396787403 -4.975075723294599
11 0.0 -0.774853 2.864832 -1.138497 4.312396 1.078952 2.708669 0.549728 6.896614 0.080041 5.09103 0.519471 13.04319 0.927577 6.790994 -1.442096 14.23709 1.951447 18.309325 0.61238 18.933717 0.05195 -0.1 bevel 10.0 4 8 -0.0125923398664435 -0.874056996777791 2.8522396601335562 -1.2377009967777912 2.948568833499735 -1.1931609068804787 3.9311454038109073 0.31199771357425726 6.885468660433372 -0.019335966173981048 6.920261041055887 0.1772048690527564 5.780054060983091 0.4547002130818288 11.337620313271119 0.7399153160169127 6 4.0535625445708545 0.49952224883556795 4.396132833499735 1.0242880931195213 4.281058570166663 1.1739149690534194 2.677331570166664 0.6446909690534196 2.6975236604333728 0.45035103382601893 3.708595557840033 0.33695715537793947 4 11.881082878092574 0.7678058933542683 12.411280240018275 0.7950156985626707 9.616846023579653 -0.26411541520451787 11.881082878092574 0.7678058933542683 4 12.376259517684211 0.9934816325671018 14.242988747665965 1.8442396554693004 18.258148854073358 0.5239405081443969 18.866920863080953 -0.022469594816765075
8 0.0 -1.252469 0.306762 0.178707 4.606907 -1.820822 8.585289 -0.819295 4.29934 1.639392 2.741368 0.352517 16.728166 -1.472256 5.417848 -0.668789 4.0 round 4.0 2 18 -3.9111640588807925 -0.41413988532061086 -3.6044020588807926 1.0170361146793891 -3.5015161619875546 1.4022336408741143 -3.3607943927211172 1.7752752278595134 -3.1836348450955247 2.1324546458711877 -2.9717976284695338 2.470223258412694 -2.7273873805694935 2.7852252785451093 -2.452832357566015 3.0743311091843766 -2.1508603089479528 3.334668436165108 -1.8244713768808225 3.563650765156102 -1.4769082892989904 3.7590031189086104 -1.1116241428681988 3.91878463953096 -0.7322480959000095 4.041407871232181 -0.3425493120647143 4.125654531957424 0.05360048687209601 4.17068761722133 0.4522654872445899 4.176059715885811 0.849484886445355 4.141717455263577 1.0110000579005731 4.111331217313392 34 8.964701012945808 3.5744944080394245 17.245636513613768 2.4941308025622897 17.636865650706564 2.423159888554875 18.019115863603663 2.3136981003110018 18.388610111472346 2.166827037342899 18.741697396053965 1.9839979427977468 19.07488883743066 1.7670173636236075 19.38489214788948 1.5180292999538902 19.668644163245364 1.2394940200935152 19.923341110178626 0.9341637504373626 20.146466310513354 0.6050554805306188 20.335815048688808 0.25542115198608495 20.489516356706584 -0.11128447417616472 20.606051501295028 -0.4914379542617401 20.684268990617884 -0.8812829654000798 20.723395952244907 -1.2769674220309415 20.723045769957867 -1.6745815386286667 20.683221903932207 -2.07019646256379 20.604317856546785 -2.459903095368035 20.487113284159626 -2.8398507188070647 20.332766293269437 -3.206285044094102 20.14280199718506 -3.5555853082774984 19.919097446275238 -3.884300051250274 19.663863080703877 -4.189181219866521 19.379620888917678 -4.467216262179541 19.069179487703597 -4.715657894676307 18.735606370051787 -4.932051248376174 18.38219759504491 -5.114258125561323 18.012445219270003 -5.260478127456524 17.630002791565424 -5.369266444094163 17.23864925205172 -5.439548130581602 16.842251592162505 -5.470628728706133 16.444726644634244 -5.462201128924687 8.709885226510371 -4.912730297981142
15 5.448284 0.0 5.351475 1.0225 5.064491 2.008663 4.597529 2.923444 3.967183 3.734334 3.195856 4.412516 2.310956 4.93389 1.343932 5.279928 0.329148 5.438332 -0.697332 5.403473 -1.699032 5.17659 -2.640353 4.765746 -3.487843 4.18554 -4.211385 3.456592 -4.785266 2.604807 -2.0 round 2.0 1 41 7.439379757464634 0.18851441485026355 7.3425707574646335 1.2110144148502635 7.315937791651779 1.3978477590391334 7.271813242576436 1.5813390055270327 6.984829242576437 2.5675020055270323 6.923605464510873 2.746018686115225 6.845827872720733 2.9179698491359347 6.378865872720732 3.832750849135935 6.2852267709466485 3.9966057929938206 6.176560102743499 4.150905110002532 5.546214102743499 4.961795110002532 5.423488471773926 5.1051638117860305 5.287795836757205 5.236326588327948 4.516468836757205 5.914508588327948 4.3690163545245815 6.032298325675817 4.211117859879633 6.135665255251485 3.326217859879633 6.657039255251485 3.1592805384007594 6.74506240414797 2.9847897046829095 6.816958808735705 2.017765704682909 7.162996808735705 1.8372738577188028 7.2181265995822415 1.6523892207709752 7.255998379048845 0.6376052207709751 7.414402379048845 0.4499743559925642 7.434678911660786 0.261267638865632 7.437179732212804 -0.765212361134368 7.402320732212804 -0.9533143488589921 7.38702361369067 -1.1391370467352167 7.354064782172603 -2.140837046735217 7.127181782172603 -2.3227258208926824 7.076854723079467 -2.4990611724044016 7.009607545824897 -3.440382172404402 6.598763545824896 -3.609595054622047 6.515194438666322 -3.7701776129049396 6.416047894828399 -4.617667612904939 5.835841894828398 -4.768189099983603 5.722001475031761 -4.907310270396339 5.594480264267284 -5.630852270396339 4.865532264267285 -5.757334498196417 4.7254655748790135 -5.8700514249240605 4.574100698323926 -6.443932424924061 3.722315698323926
14 0.0 0.0 2.240773 -1.854277 4.481547 1.915606 6.72232 -0.124687 8.963093 -1.786795 11.203867 1.97058 13.44464 -0.248961 15.685414 -1.713385 17.926187 2.019015 20.16696 -0.372408 22.407734 -1.63429 24.648507 2.060751 26.88928 -0.49462 29.130054 -1.549772 -4.0 bevel 2.0 1 11 -2.550143661751282 -3.0816825443951497 -0.30937066175128214 -4.93595954439515 5.205823893476666 -3.9801016419920128 6.580076127418549 -4.999462207320439 11.80319423649249 -3.9546837045201344 13.497146684709445 -5.06174073928922 18.360064113464095 -3.945519070598266 20.44497999738012 -5.119630259601584 24.952210010835802 -3.9380046609314494 25.185205877307855 -4.113477745804746 27.425979877307856 -5.168629745804745
8 14.018251 0.0 13.665144 3.126532 12.623611 6.095555 10.946124 8.757495 8.717191 10.978248 6.049102 12.645937 3.07627 13.676546 -0.05154 14.018156 -2.0 mitre 1.0 1 14 16.00561654944399 0.22445082508911424 15.63987508375938 3.4628527717790423 15.589656450589835 3.6823434268528956 14.473589676833843 6.8638344797694515 14.375682551627024 7.0665955458856935 12.578151924520165 9.919028189191321 12.437488426059577 10.094845606494255 10.049049407557291 12.474519251083844 9.872716170095497 12.614535277918161 7.013694376403827 14.40156681850765 6.810574319489018 14.498727980899249 3.6250016291417864 15.603089036224969 3.405328195352356 15.652500244237192 0.16560274584891538 16.006333312999317
8 0.0 1.830619 2.334882 1.689488 3.270607 -1.350144 6.594379 0.407804 9.212804 -1.210623 7.335888 -0.095736 17.918534 -0.59441 7.909958 1.962796 -0.3 mitre 1.0 2 6 -0.018100343800868546 1.5311655352441378 2.1093125056226696 1.4025749243044872 3.025402624201828 -1.5732746461537186 3.2861286126947378 -1.681310952914843 6.582780055821035 0.06229294384491959 6.993847474414761 -0.1917844534730819 4 8.558776444788602 -0.4536936681529114 18.17510120015913 -0.9068328103919736 18.255352757659185 -0.37083033826924566 7.984222726516662 2.2534586057741266
14 1.800473 0.0 1.126655 1.94415 -1.33922 2.337034 -3.140059 0.015247 -1.81339 -3.094444 1.988258 -3.50904 4.479508 -0.043502 2.511306 4.238087 -2.62593 4.687375 -5.818725 0.084765 -3.220354 -5.374999 3.252192 -5.871958 7.157615 -0.139033 3.940486 6.505098 2.0 mitre 2.0 1 6 -0.08924571703984374 -0.654952800184324 -0.3708374421289886 0.15751666832506722 -0.4845720116932796 0.17563781908441103 -0.8390856435707967 -0.2814297709755581 -0.4330721419520804 -1.2331189503128364 0.2923500015659802 -1.312231250824092
10 0.0 -0.943542 2.876267 -0.716345 5.066429 -0.391589 3.217586 0.568571 9.396091 0.39858 2.916743 -0.965631 8.68982 -1.861519 6.323254 -1.407486 18.59189 -0.964837 7.66846 0.268719 -1.0 mitre 10.0 2 8 0.07874495196972311 -1.9404367951209727 1.8007451855819674 -1.8044155957413597 18.402170428735054 -4.3806877740334444 18.68320370778762 -2.7605430439165595 15.18063669422988 -2.088564739121062 28.574714334970665 -1.6053101154125855 28.59447998423059 -1.0880486951378934 14.661790787797779 0.4853355215774489 3 -1.6271551496520473 -0.9004129380353357 -2.6444265815007393 -1.1145969697178038 -0.8962246375259766 -1.385889582510542
14 1.077863 0.0 1.182054 0.288625 1.203141 0.624798 1.12518 0.983795 0.939613 1.336251 0.646503 1.650341 0.255128 1.894268 -0.216124 2.038867 -0.740577 2.06014 -1.284775 1.941526 -1.810598 1.675721 -2.277837 1.265897 -2.647071 0.726211 -2.882646 0.081517 0.1 bevel 5.0 1 14 0.9838039986720964 0.03395444402721731 1.0831444702624837 0.3091427387242214 1.1024661412496493 0.6171725248848133 1.0303485977059983 0.949261412656136 0.8573663688398092 1.2778145738176652 0.5824024813671099 1.572459612937109 0.21331352630709255 1.8024966912914362 -0.2330966268519876 1.9394732170921751 -0.7318135347108146 1.9597023029795297 -1.2510310899466603 1.846533068442202 -1.754179903341908 1.5921899333101825 -2.202421198267871 1.1990291730745477 -2.557452294123687 0.6801026603535044 -2.7887201524787812 0.0471959398849515
20 18.798832 0.0 18.332547 4.160984 16.956825 8.115551 14.739911 11.667523 11.791782 14.640695 8.258689 16.887573 4.3159 18.296696 0.159009 18.798159 -4.005771 18.367087 -7.971833 17.024863 -11.542429 14.838073 -14.540431 11.915198 -16.817113 8.401236 -18.259536 4.470507 -18.796142 0.318006 -18.400312 -3.850271 -17.091683 -7.827544 -14.935173 -11.416509 -12.037761 -14.439127 -8.543182 -16.745451 0.3 round 10.0 1 20 18.500698100810194 -0.03340925251904821 18.038156975863828 4.094165557401579 16.684526767514175 7.985228833370598 14.503212702562534 11.480162097319676 11.602425712457201 14.405589938823711 8.12606827350461 16.616386838231374 4.246593866303846 18.00288168111999 0.1564555766882255 18.49629202484214 -3.94144503797496 18.072142318551755 -7.843818699724538 16.751472196458813 -11.357076901175965 14.59979838560148 -14.306935998771356 11.72385987392466 -16.547058310137828 8.266326201020865 -17.966318417082267 4.398718113164809 -18.49430741673792 0.3128993764024319 -18.10483378280311 -3.788442084418898 -16.81721917119999 -7.70184674619436 -14.695339115057406 -11.233178970804392 -11.844454690327021 -14.207258797252857 -8.377934235635001 -16.495064945331674
11 2.093773 0.0 1.977333 0.688504 1.640966 1.300429 1.122082 1.767715 0.478396 2.038387 -0.2185 2.082341 -0.891093 1.894687 -1.464575 1.496297 -1.87516 0.931482 -2.077181 0.263064 -2.048169 -0.434614 1.0 mitre 2.0 1 11 1.1077741996780177 -0.1667524085691466 1.0195352006249934 0.35500045817770476 0.8461006039190324 0.670515849370346 0.5785581132707334 0.9114538244959639 0.24666613848723432 1.051015450193275 -0.11266135685974772 1.073678631974317 -0.4594573333063189 0.9769222694131473 -0.7551511904580277 0.7715078435886762 -0.9668535610877641 0.48028270271106366 -1.0710179573935288 0.13563854467845043 -1.0490324804202271 -0.3930662534664298
14 11.077374 0.0 10.117251 4.511036 7.403318 8.24009 3.406031 10.540738 -1.181686 11.014165 -5.564559 9.578303 -8.982825 6.482057 -10.843932 2.262157 -10.82526 -2.349885 -8.930045 -6.554578 -5.486821 -9.623045 -1.092465 -11.023372 3.491268 -10.512814 7.469795 -8.179876 2.0 mitre 1.0 1 14 9.121191108313887 -0.41635140719656155 8.249683811835052 3.6783331162225137 6.036722125885937 6.719032214849965 2.7773035496341456 8.594998295998636 -0.9635558215130203 8.98103427631392 -4.537383843848879 7.810221466586782 -7.324664208803241 5.285518684278886 -8.842225035873591 1.844580074003297 -8.826999745368028 -1.916113974511001 -7.281626930943537 -5.344652823771353 -4.473995599134729 -7.846704415483474 -0.8908041828142722 -8.988541737366766 2.8468065927228463 -8.572228858249096 6.458130726598856 -6.454612136724665
10 1.223784 0.0 -0.104747 2.123742 -3.014163 -0.298055 0.579129 -3.888515 4.740326 0.946749 -1.39927 5.56321 -6.350895 -1.93463 2.550354 -7.097246 7.796292 3.24357 -4.011009 8.442251 1.0 bevel 1.0 5 7 0.3759996700639725 -0.5303411448444493 -0.3451734426382759 0.6225003234513589 -1.5319889354790959 -0.3654045344704439 0.5238885784110322 -2.419661738872967 3.285607572642399 0.7894245963625762 -1.15062085139261 4.125096113942736 -3.454501917315438 0.636517796457302 3 -3.660558753360226 0.3245028139878993 -4.932388578587996 -1.601324876272526 -0.6236489477937064 -4.100341380335348 3 0.2089519581683023 -4.583239764453573 2.137085121471859 -5.701533513903965 4.720208575801108 -0.6096692283361291 3 5.442160671246061 0.8134459094734862 6.426608893714109 2.7539945644650525 0.5732470716629791 5.331193273164238 2 -1.4953000568424428 6.241961674390368 -4.413972851304047 7.527035104955444
16 18.001414 0.0 17.759928 2.938681 17.041951 5.798519 15.866744 8.502784 14.265839 10.978923 12.282186 13.160502 9.969008 14.988989 7.388364 16.415327 4.609494 17.401249 1.706952 17.920302 -1.241386 17.95856 -4.156418 17.514996 -6.959935 16.601512 -9.57672 15.242616 -11.936565 13.474766 -13.976157 11.345393 0.1 round 1.0 1 16 17.90174993581308 -0.00818989070410944 17.660936936722962 2.922301255694178 16.946961827686213 5.766198968124306 15.778305251174775 8.455390809969785 14.186323443615583 10.917728201000362 12.213727014836723 13.087147421246522 9.913442318246611 14.90544271197381 7.347182417373626 16.323830530863738 4.583801390337844 17.304257160730256 1.6974377082418257 17.820417039995736 -1.2344667022466826 17.85846179569758 -4.133250766323566 17.41737015258759 -6.92114141556343 16.508977764801028 -9.523340862789945 15.157656039845282 -11.870032451956375 13.399659762162692 -13.903940272170242 11.276221154415524
10 0.0 0.0 3.327995 -0.84232 6.65599 0.19538 9.983985 0.797 13.31198 -0.380249 16.639976 -0.7088 19.967971 0.544659 23.295966 0.582463 26.623961 -0.679764 29.951956 -0.424789 -0.3 bevel 2.0 1 14 -0.07360928249298947 -0.2908292858892778 3.2543857175070108 -1.1331492858892778 3.41729727927366 -1.128720249505005 6.727597266905142 -0.09653772003450174 9.959001164170388 0.48762097391567466 13.211932781776673 -0.6630750138773904 13.282506268954167 -0.6787976546247325 16.610502268954168 -1.0073486546247326 16.74571680310505 -0.9895470081028459 20.024239832900488 0.2452788249901609 23.24263384040143 0.2818378243454981 26.517573272110884 -0.9602664979471509 26.646878396902725 -0.9788873740769902 29.974873396902723 -0.7239123740769902
14 19.169858 0.0 18.124808 6.242979 15.103601 11.805283 10.43564 16.08045 4.629875 18.602357 -1.680687 19.09604 -7.808003 17.507671 -13.084008 14.010431 -16.933457 8.985627 -18.936642 2.981115 -18.875155 -3.34843 -16.7557 -9.312893 -12.809362 -14.261967 -7.466412 -17.656051 -1.0 round 10.0 1 50 20.1561350208935 0.16509887358018507 19.1110850208935 6.4080778735801855 19.086843794368836 6.515902304891913 19.050852507921704 6.620393320539183 19.003550749948825 6.720274693896745 15.982343749948825 12.282578693896745 15.92430921089592 12.376630558468587 15.85625073794336 12.463704120540484 15.778999581010583 12.54273588444001 11.111038581010583 16.81790288444001 11.025538288667933 16.887927559457005 10.932833123092456 16.948089901312503 10.83405536247317 16.99765510189672 5.028290362473172 19.51956210189672 4.924646528907969 19.557924760938626 4.817402433164558 19.58461636585543 4.707867926513755 19.599310912382023 -1.6026940734862456 20.09299391238202 -1.7131812582135921 20.09551192215847 -1.8232715659229586 20.085822623387863 -1.9316203801979612 20.06404435882408 -8.058936380197961 18.47567535882408 -8.164220345815586 18.442074126353983 -8.265153559603073 18.397060321868995 -8.360503247890735 18.341183733004527 -13.636508247890735 14.843943733004528 -13.72510978511636 14.777886862653103 -13.805881070209866 14.702456484000253 -13.877835583492162 14.618573884268983 -17.72728458349216 9.59376988426898 -17.78954352294967 9.502459531120035 -17.84134643038579 9.404836711473584 -17.882060597722035 9.302093766641953 -19.885245597722033 3.297581766641954 -19.914373746619482 3.1909735991862465 -19.9315601239797 3.081802271175233 -19.93659481967887 2.9714011739629633 -19.87510781967887 -3.3581438260370366 -19.86792934032494 -3.468426288244152 -19.848625361350287 -3.5772431455413765 -19.817431656767415 -3.683265335816314 -17.697976656767416 -9.647728335816314 -17.655274222366785 -9.749660922875753 -17.601584613120274 -9.846258935626157 -17.53756358050401 -9.93634255006917 -13.591225580504009 -14.88541655006917 -13.51765504357663 -14.967885525341952 -13.43543358838985 -15.041732584141164 -13.345565447717721 -15.106055776525094 -8.002615447717721 -18.500139776525096
19 12.635847 0.0 12.440667 2.212339 11.861156 4.356331 10.915216 6.365743 9.632072 8.178498 8.051363 9.738593 6.221922 10.997833 4.200267 11.917315 2.048852 12.468634 -0.165858 12.634759 -2.375444 12.410556 -4.511645 11.802953 -6.508468 10.830719 -8.304224 9.523891 -9.843436 7.922841 -11.078554 6.077029 -11.971421 4.043479 -12.494453 1.885013 -12.631493 -0.331687 1.0 round 5.0 1 19 11.639716109998462 -0.0878820231033765 11.452289377847261 2.036574730563258 10.918819044591341 4.010232049816947 10.04803137744818 5.860001789768189 8.866829635182915 7.528738396337735 7.411703811770477 8.964887947884936 5.727606991201646 10.124084708170233 3.866567207780997 10.970516261595119 1.886076164200548 11.478034495713468 -0.15268108450076204 11.63096131138708 -2.186721323084438 11.424570646524442 -4.1532068533292925 10.865240083701297 -5.991387656780307 9.970247450271899 -7.644475786642119 8.76724333692295 -9.061401451314905 7.293392538316675 -10.1983926412424 5.594225347600931 -11.020323708952889 3.722235540896609 -11.501802217977191 1.7352538811517932 -11.633398496520623 -0.39339082584779833
4 0.0 0.930369 0.509537 1.953991 2.86846 0.004815 1.534245 1.132236 1.0 mitre 4.0 1 3 -0.8952212778906717 1.3759908841257604 0.17558161259752206 3.527154384258834 2.0100821640881303 2.0113081921820863
16 1.557272 0.0 1.625558 0.980865 1.04416 1.981579 -0.149508 2.576805 -1.652232 2.410541 -2.970666 1.351659 -3.580814 -0.416927 -3.120371 -2.415887 -1.546656 -3.998901 0.800762 -4.559081 3.265217 -3.747111 5.056494 -1.625835 5.50152 1.298731 4.283343 4.193006 1.586636 6.133415 -1.907778 6.398234 -4.0 bevel 4.0 1 22 -5.4290977869388355 4.507548850566853 -5.475405470839329 4.470357475842049 -6.751966303135447 2.6561773086134837 -7.362114303135447 0.8875913086134837 -7.478743950586248 -1.31478116428432 -7.018300950586248 -3.3137411642843198 -5.957117714679235 -5.235969991111533 -4.383402714679235 -6.8189839911115335 -2.4751315269928824 -7.889650695852367 -0.12771352699288263 -8.449830695852366 2.0524642422607 -8.358191619173853 4.5169192422607 -7.546221619173853 6.321352808043494 -6.32781515251232 8.112629808043494 -4.20653915251232 9.010972698155133 -2.2275809811559006 9.455998698155135 0.6969850188440994 9.18827335607858 2.8504557473193586 7.97009635607858 5.744730747319358 6.619594381584448 7.439839762613165 3.9228873815844474 9.380248762613165 1.8889033482077044 10.121977955527653 -1.6055106517922955 10.386796955527654
19 2.082996 0.0 1.98896 1.414288 0.918763 2.642916 -0.882832 3.02958 -2.755562 2.179198 -3.865618 0.197364 -3.566305 -2.271346 -1.724655 -4.249042 1.139172 -4.810196 3.984667 -3.495811 5.628888 -0.576282 5.232305 2.968729 2.694981 5.77555 -1.21515 6.62031 -5.083177 4.94037 -7.358947 1.135057 -6.974656 -3.499828 -3.823499 -7.209944 1.108657 -8.446112 1.0 mitre 5.0 1 19 1.0851991573210915 -0.06634350563545321 1.0135247092037183 1.0116299500519796 0.3833922001188057 1.7350467082488144 -0.7699328954545616 1.9825769771243278 -2.04340955862829 1.404308015884319 -2.8335862914115952 -0.00643082525420834 -2.612737195057569 -1.8279767409349434 -1.2139488885249208 -3.3300960571331317 1.0137456581422328 -3.7666027684814294 3.2719329490956257 -2.723505696646906 4.599209712262449 -0.36675255878303525 4.274338598493662 2.5372339254903737 2.169082425829177 4.8660958429334356 -1.1118664684635478 5.574924879081514 -4.389947965551093 4.15120673279731 -6.335820384306109 0.8975151860109883 -6.004607306202134 -3.0972037314446417 -3.2690743115073735 -6.317971446967844 1.3517717576720134 -7.476114466703096
7 0.0 -1.450924 2.337418 1.278475 3.922116 -0.346161 8.737834 1.282831 2.827999 0.433713 8.639921 0.214864 11.058211 0.279403 0.3 bevel 2.0 3 4 -0.22786221914556778 -1.25578607676093 2.109555780854432 1.4736129232390702 2.5521732466527 1.4879509748399276 3.2287070543198824 0.7943669738800095 3 3.91318613015292 0.09263746589483941 4.004952377831503 -0.0014415002952754127 4.2460230543802675 0.0801044298303102 3 7.5281577210919695 0.5569402639117387 8.641565222511998 0.5150146981043737 11.050207489845667 0.579296220705653
14 0.0 0.0 1.555864 -0.999107 3.111728 1.011593 4.667592 -0.025128 6.223456 -0.986151 7.779319 1.023603 9.335183 -0.050244 10.891047 -0.972731 12.446911 1.035132 14.002775 -0.075337 15.558639 -0.958853 17.114503 1.046173 18.670367 -0.100394 20.226231 -0.944525 0.3 mitre 1.0 1 18 0.1621019747102103 0.25243405038752265 1.486756687639007 -0.5982005785197284 2.9467322765248523 1.2885793177776148 3.1798089219953045 1.3267278870902084 4.829642930536854 0.22739172199531318 6.151466514560996 -0.5890696564989721 7.6152422074615025 1.3017324603387985 7.851390277076314 1.3383773979085047 9.49708080827733 0.20253272262929217 10.816174654518859 -0.5795709348483595 12.283777326265687 1.314389657659472 12.522851893242656 1.3495050516456766 14.164417691720205 0.17786798653615243 15.48088420357655 -0.5697032836322375 16.95233752792635 1.3265435432805117 17.194194131335166 1.3601070782056017 18.831652702825796 0.15341037339187757 20.369295604589354 -0.6808348050482516
16 0.0 0.0 0.542207 1.575003 1.084414 2.649925 1.626621 2.883463 2.168828 2.201468 2.711035 0.820481 3.253242 -0.821019 3.79545 -2.201835 4.337657 -2.883543 4.879864 -2.649692 5.422071 -1.574532 5.964278 0.00056 6.506485 1.575474 7.048692 2.650157 7.590899 2.883384 8.133106 2.201102 -0.5 round 5.0 1 41 0.4727694532754175 -0.162754551548222 1.0039228400608788 1.3801399106170802 1.4490313016668632 2.262564663094322 1.4732110698402703 2.272979310451662 1.7308055699982032 1.948973605738869 2.2405864503163655 0.6505750816181216 2.778471763321578 -0.9778412636117559 2.7878369593058 -1.0037706021719917 3.3300449593058 -2.384586602171992 3.3504425413297136 -2.429800702963874 3.375219666506025 -2.472771278138499 3.404132490632153 -2.513075432563227 3.9463394906321527 -3.194783432563227 3.9795297360082613 -3.2324625649226215 4.016331779937754 -3.2666227605616207 4.056374465062922 -3.2969195057902683 4.099253951389581 -3.323047250734004 4.144537789109362 -3.344742490876754 4.191769279958789 -3.3617864245665876 4.240472083129788 -3.3740071596823666 4.290155019279912 -3.3812814472066313 4.340317024192731 -3.3835359242212273 4.390452202129508 -3.3807478537897677 4.440054927907933 -3.3729453542650383 4.488624946252232 -3.360207115708728 4.53567241698649 -3.34266160628346 5.07787941698649 -3.10881060628346 5.122508334829154 -3.0868689970793497 5.164736845524324 -3.0606025278316373 5.204147195164941 -3.030271044790457 5.240349509060426 -2.9961746081601297 5.272985648649282 -2.958650523694153 5.301732754455766 -2.918070005831218 5.326306440041196 -2.874834505382842 5.868513440041196 -1.7996745053828422 5.894843283698751 -1.7372783295016732 6.437047453204533 -0.16219455198644203 6.96819156197796 1.380585775314374 7.413224369984188 2.2626643785167584 7.4372951928311375 2.2730182946412745 7.741660917598418 1.8900220304365145
18 0.0 0.0 1.288065 0.274101 2.576131 -0.535505 3.864196 0.772104 5.152261 -0.972938 6.440327 1.128705 7.728392 -1.232189 9.016458 1.278597 10.304523 -1.265778 11.592588 1.194328 12.880654 -1.067555 14.168719 0.891332 15.456784 -0.673821 16.74485 0.425098 18.032915 -0.156684 19.320981 -0.118987 20.609046 0.389147 21.897111 -0.641282 -0.5 bevel 5.0 1 26 0.10407002860722622 -0.4890495160468836 1.1937288742790324 -0.257169463986244 2.3100535869728662 -0.9588285290847747 2.9323363565307163 -0.8863863816360527 3.809577046434216 0.004164810488587835 4.749980327773212 -1.2698727752499925 5.578565039980636 -1.2342134590392837 6.415178166988783 0.130826936472114 7.2894680245862595 -1.4716587137572887 8.173265945930346 -1.4604151427452263 9.013497787102107 0.17742200501605662 9.858428443488801 -1.4916090134837034 10.74748034998264 -1.4977020955492928 11.611010937981613 0.15157552686867776 12.446165625897336 -1.3149814593159426 13.29842877045531 -1.3422625557224683 14.213753705529347 0.04976200522156672 15.070711836212055 -0.9915445974051873 15.781304219888296 -1.0541979536705037 16.828084501952244 -0.16113289272996723 17.827099534838833 -0.612359316755793 18.047541915954707 -0.6564700075368797 19.335607915954707 -0.6187730075368796 19.504466567266217 -0.584103164635238 20.52297755151489 -0.1823066244992855 21.584767727309494 -1.031719805552926
10 10.346541 0.0 10.230557 1.544867 9.885205 3.055098 9.318229 4.496834 8.542339 5.837752 7.574931 7.047788 6.437695 8.099814 5.156126 8.970244 3.758957 9.639561 2.277514 10.092761 0.1 bevel 5.0 1 10 10.246821642059105 -0.007486631542661546 10.131399716971917 1.529893723882805 9.78939495838953 3.025487172186676 9.227914238883626 4.453249487730127 8.459544382072153 5.781170934914558 7.501512746753694 6.9794789578730265 6.375299123515793 8.021308457818929 5.106151464514291 8.883301996071395 3.7225242097387348 9.546131792097942 2.2482604534122776 9.997135532617927
10 0.0 -0.575502 1.519109 1.952136 2.152608 1.10461 1.146152 -1.13014 6.783427 -1.715806 6.094693 1.795243 13.681668 0.001234 3.627345 1.105126 11.09688 -1.360482 5.385884 0.373847 1.0 mitre 10.0 4 2 -0.857114770633207 -0.060376510471103706 -0.05836178522331003 1.2686646567759476 3 0.6447689691367572 2.4386004636793173 1.4288304338378164 3.743196481814985 2.561254402678517 2.228184214051841 3 2.8855800504190743 0.2969031560273003 2.626417602363781 -0.27854503126709385 4.936679253876731 -0.5185620076244623 8 5.044183533226049 1.9555765403399084 4.8146916619473 3.125487137408416 23.601957507622764 -1.3169321420190754 23.47044730797838 -2.079512393174837 12.9742336754367 -0.9271039953887602 20.895659261825646 -3.5418759051803708 20.364019751960964 -5.219844021003892 7.737681331687397 -1.385447203689604
13 1.747508 0.0 1.945238 0.573155 1.939548 1.251617 1.689756 1.961201 1.182094 2.614325 0.433612 3.119574 -0.507226 3.392265 -1.563466 3.3649 -2.635964 2.99636 -3.612526 2.278792 -4.379079 1.241342 -4.831777 -0.049829 -4.888841 -1.495434 -2.0 mitre 2.0 1 13 3.6381621003076763 -0.6522477083054963 3.948051872679215 0.24602201547748762 3.9366839969560754 1.6015003456837493 3.4683362639473567 2.931935498848218 2.5654362208187487 4.093546349706326 1.2921645508870536 4.953044958839639 -0.24865970631220463 5.399635028033191 -1.9226344773052544 5.3562657941391665 -3.5744012553505824 4.788673007597071 -5.040983617491012 3.7110429416756197 -6.166720711127894 2.1874745154955852 -6.8183881942122255 0.32880901266261453 -6.887284611689605 -1.4165471766578999
11 2.335828 0.0 2.137603 1.794806 0.561746 3.19756 -1.853959 3.204177 -3.908301 1.416949 -4.331926 -1.584398 -2.525693 -4.393723 0.97106 -5.43725 4.589537 -3.831475 6.433958 0.018181 5.263606 4.444927 2.0 mitre 4.0 2 10 0.34791534138256575 -0.21955241221304175 0.23402051683354835 0.8116954852243342 -0.2018016901054669 1.199643975520428 -1.1080993578394642 1.2021264688991293 -2.0322812637642347 0.39811049718550234 -2.2476788281317885 -1.1279628781390503 -1.2439836139070506 -2.689060509342727 0.83507394523829 -3.309508306920154 3.1044169205012917 -2.302439803761796 3.3964998880906143 -1.6928073236078385 2 3.510793572797705 3.2500465201234863 3.3300407205023905 3.933727127228762
7 2.497316 0.0 2.406603 0.66697 2.141054 1.285486 1.719961 1.810613 1.173915 2.204203 0.542586 2.43766 -0.12816 2.494025 -0.5 bevel 2.0 1 12 2.992754667298385 0.067383432278271 2.902041667298385 0.734353432278271 2.86604882055603 0.8642250074740722 2.60049982055603 1.4827410074740721 2.53112891142925 1.5982823610297645 2.11003591142925 2.1234093610297644 2.0123270491308403 2.2162262311890517 1.4662810491308405 2.609816231189052 1.3473314089274255 2.6731664837753533 0.7160024089274255 2.9066234837753533 0.5844550789309294 2.935903896329374 -0.08629092106907064 2.9922688963293735
16 0.0 0.0 1.515425 -2.780955 3.03085 2.221611 4.546275 1.006185 6.061699 -3.025418 7.577124 1.41072 9.092549 1.898441 10.607974 -2.927321 12.123399 0.440097 13.638824 2.575742 15.154248 -2.497771 16.669673 -0.580358 18.185098 2.961399 19.700523 -1.785404 21.215948 -1.5351 22.731373 3.011744 -0.3 bevel 10.0 1 23 -0.2634267706204271 -0.14354907356194568 1.251998229379573 -2.9245040735619456 1.8025403499036483 -2.8679307198861017 3.1893147590256317 1.7099471089366538 4.294402680929345 0.8236263787337458 5.780882149981715 -3.1309731834151604 6.345591308687294 -3.1223981890501253 7.812347162304802 1.1712695140398084 8.896850450223328 1.5203036319188925 10.321754804589977 -3.017201877715112 10.881547809538928 -3.0504362741716435 12.384977149722717 0.290326232625472 13.527452216691142 1.9003835857744438 14.866796936238563 -2.5836306875280726 15.389612625519394 -2.6837911415280513 16.90503762551939 -0.7663781415280511 16.94548612937239 -0.6983712097089535 18.144180462914985 2.103142587862565 19.414733745719875 -1.8766427096467793 19.749411857057932 -2.0813936613998014 21.264836857057933 -1.8310896613998013 21.5005565508557 -1.6299576448148425 23.0159815508557 2.9168863551851576
16 0.0 0.0 1.205675 2.093633 2.41135 -1.150695 3.617025 -1.461191 4.8227 1.953791 6.028374 0.387355 7.234049 -2.166687 8.439724 0.803493 9.645399 1.725074 10.851074 -1.751622 12.056749 -0.762353 13.262424 2.170625 14.468099 -0.430658 15.673774 -1.933928 16.879449 1.493577 18.085123 1.113033 0.1 round 10.0 1 127 -0.08665777190326922 0.049904213937912764 1.1190172280967308 2.143537213937913 1.1243393075041184 2.1518094997762445 1.1304483523742783 2.1595188974819006 1.1372852544956027 2.1665908145906507 1.14478386325602 2.172956826597221 1.1528716256848457 2.17855533899825 1.161470288440806 2.183332183251401 1.1704966549541378 2.187241140884403 1.1798633903970142 2.190244390682999 1.1894798666937862 2.1923128746310208 1.1992530393951242 2.1934265790619287 1.2090883479318406 2.193574728301527 1.218890630537968 2.192755888928259 1.2285650449907302 2.190977983642314 1.2380179862587655 2.1882582146093488 1.247157992179876 2.1846228970205175 1.2558966284053923 2.180107204479201 1.264149344048856 2.1747548286779583 1.2718362897601703 2.1686175566584933 1.27888309030992 2.1617547697448813 1.285221564208706 2.1542328689981276 1.2907903833987966 2.146124632751096 1.2955356666352356 2.137508512439983 1.2994115008151337 2.12846787354555 2.4868860517926517 -1.0668848832286966 3.5532330816350903 -1.3414999224208153 4.728404322913632 1.9870825196832975 4.732095284185023 1.9961086732830062 4.736647847775136 2.00473240847551 4.74201872124262 2.0128717181580758 4.748156830457488 2.0204492018551083 4.755003805288732 2.0273928017552154 4.762494534673005 2.0336364879424 4.770557785785963 2.0391208863051946 4.77911688142827 2.043793843152661 4.788090429184694 2.0476109211680567 4.797393095422383 2.0505358219839147 4.806936416768005 2.05254073136008 4.816629641347051 2.0536065836822317 4.826380591785548 2.0537232432656656 4.836096541767523 2.0528896007402277 4.845685097812592 2.0511135835998284 4.855055077888484 2.0484120808162225 4.8641173785033205 2.0448107822339336 4.8727858220321 2.0403439342735927 4.880977976219759 2.035054014266819 4.888615938067763 2.02899132651955 4.895627074649895 2.0222135239450334 4.901944713812487 2.014785059815502 6.107618713812487 0.4483490598155023 6.113703796854441 0.4394973605984602 6.118804337748842 0.43004403857702195 7.227147735985588 -1.917815533463018 8.347066896184952 0.8411049809715935 8.351590516971791 0.8507422240075594 8.357113039115458 0.8598439462363541 8.363571870571779 0.8683069891037998 8.370893807204446 0.8760354328219491 8.378995862477746 0.8829416835201073 9.584670862477745 1.8045226835201074 9.592859394194466 1.810159779198402 9.601567169052656 1.8149559814857432 9.6107081290718 1.8188638900428131 9.620191935150118 1.8218448834394616 9.629924859875961 1.8238695008460488 9.63981071382551 1.824917733191583 9.64975179619225 1.8249792209111653 9.65964986035331 1.8240533563284307 9.66940708483 1.8221492896611462 9.678927040046737 1.819285838590616 9.688115641333917 1.8154913022886077 9.696882078756348 1.8108031817397527 9.705139714577854 1.8052678091234433 9.712806939492477 1.7989398899180022 9.71980797916027 1.7918819622524622 9.726073643076758 1.7841637788491191 9.731542008375074 1.775861617665056 9.736159031802847 1.767057528045487 9.739879083825706 1.757838519839111 10.898549381550438 -1.5833142696094396 11.973838615967471 -0.7010281596357689 13.169933759102832 2.2086454594762355 13.174030388595707 2.217385768416558 13.178950628864998 2.2256903821502982 13.18464863538819 2.2334819221287523 13.191071316776638 2.2406877903870996 13.198158829456572 2.24724084597865 13.205845135263825 2.2530800305631242 13.2140586167569 2.2581509373200195 13.222722744515146 2.2624063178861924 13.231756790204509 2.265806522594248 13.241076578766789 2.2683198699097953 13.250595272723894 2.26992294162533 13.260224181289285 2.2706008010602563 13.269873586747691 2.2703471322339657 13.279453580403281 2.269164298715224 13.288874900307281 2.2670633215995295 13.29804976295953 2.2640637768196443 13.306892681234517 2.260193612746111 13.315321260910867 2.2554888897772636 13.323256968382575 2.2499934443451206 13.330625862398815 2.243758480467792 13.33735928301431 2.236842092654127 13.34339449133093 2.229308724605957 13.348675254069724 2.2212285687614988 13.3531523675266 2.212676912274687 14.553714894973782 -0.37757576202425724 15.63916804796048 -1.7309497320330196 16.785115184852533 1.5267602988071278 16.78873624873985 1.5356625884931379 16.79319516159 1.5441761636249167 16.79845073960627 1.5522223903831274 16.80445444076421 1.5597269515119216 16.811150813159667 1.56662053273441 16.818478007178463 1.572839462959183 16.826368346757157 1.5783263023647567 16.83474895445856 1.5830303729302202 16.84354242458862 1.5869082265119598 16.852667538137595 1.5899240461431619 16.862040012942106 1.5920499768495806 16.87157328213933 1.5932663829260625 16.88117929372337 1.5935620292975445 16.890769323818795 1.5929341852894274 16.900254796159782 1.591388649848868 16.909548100205892 1.588939697984042 18.11522210020589 1.208395697984042
16 0.0 0.0 1.369605 1.41275 2.73921 -2.697218 4.108814 3.736772 5.478419 -4.437016 6.848024 4.734366 8.217629 -4.601823 9.587234 4.051421 10.956838 -3.133139 12.326443 1.930358 13.696048 -0.552296 15.065653 -0.875916 16.435257 2.224592 17.804862 -3.37127 19.174467 4.211826 20.544072 -4.669937 -0.5 mitre 1.0 1 23 0.3589926602219208 -0.3480291222107548 1.1555340906549023 0.47360478380170473 2.3856600134307184 -3.2178085642651277 3.14869424348555 -3.175061889719321 4.050297728281494 1.0604016494805208 5.0558615046754705 -4.940792219353025 5.909865969795139 -4.9332002684881875 6.843619561814257 1.3195593857767136 7.785269121245081 -5.099384951176569 8.644331528490207 -5.104245045889376 9.632916340725329 1.1416912605381706 10.54020693771035 -3.61770176947248 11.335581482107692 -3.647858238405153 12.486132056686557 0.6057837844615606 13.309389130611672 -0.8865168917249899 13.478036671593609 -1.0145510664174362 15.126490412106662 -1.4040594279558611 15.450020036582389 -1.2432015189000447 16.298907505661028 0.6785089820754714 17.415462310172824 -3.8834534826387865 18.224930813685887 -3.8586161091401356 19.135567353586875 1.1833078785621796 20.04991277098401 -4.746138419792044
8 10.143855 0.0 7.578198 6.743048 1.179077 10.075096 -5.816485 8.310613 -9.869753 2.34217 -8.930364 -4.81107 -3.473511 -9.530609 3.740432 -9.429049 0.5 bevel 4.0 1 8 9.676539164446494 -0.1778086326389348 7.178536406245888 6.387430798305686 1.1168944165890098 9.54375212249259 -5.509733215989747 7.872325037003894 -9.349238586666415 2.218647818256562 -8.459391406958094 -4.557342149453048 -3.290323784320139 -9.027980489660692 3.7333935511943275 -8.929098542216021
15 2.237653 0.0 2.260209 1.303379 1.492923 2.57967 0.005186 3.351954 -1.85504 3.228386 -3.540933 2.056552 -4.466241 0.013821 -4.198274 -2.403708 -2.623157 -4.500456 -0.025903 -5.580506 2.949377 -5.169864 5.458231 -3.192735 6.694743 -0.041434 6.143151 3.492044 3.765281 6.414253 -1.0 bevel 1.0 1 28 3.2375032884865997 -0.017303196619789015 3.2600592884866 1.286075803380211 3.1172538406646604 1.81862082777613 2.34996784066466 3.09491182777613 1.9536467209268245 3.467213606238782 0.4659097209268246 4.239497606238782 -0.061094268936359164 4.349755045273918 -1.921320268936359 4.226187045273918 -2.4257889837819526 4.049510593171991 -4.111681983781953 2.877676593171991 -4.451837282683044 2.469169725976099 -5.3771452826830455 0.4264387259760992 -5.460153910020143 -0.09634763117644836 -5.192186910020142 -2.513876631176448 -4.997805922945396 -3.004331596099285 -3.422688922945396 -5.101079596099285 -3.0071242961459332 -5.4238026930088505 -0.4098702961459331 -6.5038526930088505 0.11081887339972278 -6.571115473674702 3.086098873399723 -6.160473473674702 3.5683373316756075 -5.955286248100995 6.077191331675607 -3.9781572481009957 6.389133126765081 -3.558003709834619 7.6256451267650815 -0.4067027098346192 7.682776942970672 0.11280259597458345 7.1311849429706715 3.6462805959745834 6.918800351998928 4.123208069591768 4.540930351998928 7.045417069591768
19 0.0 0.0 1.048634 2.544044 2.097268 -3.029082 3.145902 1.062552 4.194536 1.763948 5.24317 -3.162808 6.291805 2.001869 7.340439 0.77927 8.389073 -2.929711 9.437707 2.709009 10.486341 -0.295788 11.534975 -2.356828 12.583609 3.10196 13.632243 -1.33654 14.680877 -1.5106 15.729511 3.135145 16.778146 -2.222281 17.82678 -0.489173 18.875414 2.804717 -0.3 round 5.0 1 181 0.27736170778303965 -0.1143262133356813 0.9407429331879001 1.4950732780062765 1.802441597694569 -3.0845562508163558 1.809166368944654 -3.1127327631958557 1.8185773306526676 -3.1401293359371385 1.8305867372704592 -3.1664905299716777 1.845082615973217 -3.1915705598534982 1.8619298106672115 -3.2151355854036803 1.8809712421527724 -3.236965891980061 1.9020293726930446 -3.2568579390438237 1.9249078613332342 -3.274626257922626 1.949393394536545 -3.2901051810759867 1.975257675068397 -3.3031503867396683 2.0022595505850447 -3.3136402445471678 2.0301472620801495 -3.321476949582059 2.058660791225328 -3.3265874342875583 2.0875342847186356 -3.3289240497308894 2.1164985330369444 -3.3284650098704915 2.145283480480921 -3.3252145946838447 2.1736207431095487 -3.3192031102619857 2.2012461110875763 -3.31048660624279 2.2279020121146056 -3.299146353217601 2.2533399129673986 -3.2852880849837423 2.2773226367639983 -3.269041012707972 2.299626574344048 -3.250556620192573 2.320043769146933 -3.230007251476743 2.338383856148838 -3.207584503942138 2.3544758367805367 -3.183497441904872 2.36816967327701 -3.1579706473500133 2.3793376875935537 -3.131242125983062 2.387875751845222 -3.103561088121875 3.4080332150006427 0.8769611547202107 3.9932868599738742 1.2684176262533144 4.9497429264093515 -3.225262403239709 4.957221235905372 -3.253545557343994 4.967418797156672 -3.2809658356710094 4.980238635670564 -3.307262482975993 4.995558840207142 -3.332185429269769 5.013233722103579 -3.3554976678785344 5.033095200711675 -3.376977509277044 5.054954401773699 -3.3964206892621966 5.078603453536663 -3.4136423114191725 5.10381746352474 -3.428478605408109 5.130356657171549 -3.4407884843507373 5.157968657974831 -3.4504548865068942 5.186390887490196 -3.457385888482145 5.215353062341028 -3.461515579380365 5.244579764499034 -3.4628046875884753 5.273793060393157 -3.461240954232868 5.302715143940236 -3.4568392497561042 5.331070978363314 -3.4496414325052998 5.35859091167501 -3.439715950676953 5.385013240953821 -3.4271571914035603 5.410086701028183 -3.4120845831719224 5.4335728539019215 -3.3946414601087675 5.455248356198721 -3.3749936989338547 5.474907083063125 -3.353328141542553 5.492362088320695 -3.329850818218477 5.507447382257031 -3.304784988372662 5.520019510109722 -3.2783690174410345 5.529958916262434 -3.2508541101299704 5.537171081168237 -3.2225019215658315 6.4636786709133895 1.3406801571195313 7.069724893899413 0.6340928195198643 8.100389219190415 -3.011330082924792 8.10990721210509 -3.039558452719734 8.122177882205541 -3.066703686291941 8.137080236178463 -3.0924981216699363 8.154467331341136 -3.116687416248487 8.174167724550253 -3.1390330547000933 8.195987162694264 -3.159314700823708 8.219710498100383 -3.1773323701405896 8.245103809969669 -3.192908401814704 8.271916710921985 -3.2058892104538095 8.299884815907529 -3.2161468005178255 8.328732349140507 -3.2235800284018596 8.358174863349658 -3.228115599749295 8.387922044532804 -3.2297087921610634 8.417680574559517 -3.228343896174922 8.44715702339561 -3.22403437016652 8.476060742431015 -3.216822707644874 8.504106730381828 -3.206780018250762 8.531018443507618 -3.1940053265895534 8.556530522434265 -3.1786245958122366 8.580391408694837 -3.16078948557249 8.602365825188446 -3.1406758566068076 8.622237096098877 -3.118482036683052 8.639809283397687 -3.094426865015835 8.654909118865136 -3.0687475344314965 8.667387712578453 -3.0416972525597346 8.67712202102115 -3.013542745113391 8.684016060337285 -2.9845616258749734 9.526312522684202 1.5446391326020634 10.203094110850191 -0.3946373792947473 10.218959410270443 -0.4318287493131932 11.267593410270443 -2.4928687493131934 11.282388503936046 -2.5186923320998615 11.299669475943546 -2.5429228960840087 11.31926625229964 -2.565321971532855 11.34098596757932 -2.585669113658557 11.364614863047866 -2.603764072167778 11.389920390408342 -2.619428762063273 11.416653500470172 -2.632509016301473 11.444551094214406 -2.6428761030569476 11.473338612133071 -2.650427992661304 11.502732736359116 -2.655090361747693 11.53244417899342 -2.656817324718452 11.562180529187016 -2.6555918853369906 11.59164913095843 -2.651426103999511 11.620559963423522 -2.644360979040308 11.648628495091534 -2.6344660432388154 11.675578484136201 -2.621838679499451 11.701144697082556 -2.6066031624391246 11.725075519152938 -2.5889094353148123 11.747135430581974 -2.5689316343282944 11.767107324529436 -2.5468663748314015 11.784794643778747 -2.5229308162983988 11.800023315192455 -2.4973605251094586 11.812643462886326 -2.4704071561790495 11.82253088326154 -2.442335976245929 11.829588267378192 -2.4134232531997695 12.613856815753712 1.6691791997530299 13.340280755661006 -1.405518604512826 13.34841699006125 -1.4337140504571435 13.359269065616271 -1.460979668703622 13.372733142253722 -1.4870545631907621 13.388680386490542 -1.5116892315154187 13.406958204199741 -1.5346479523422396 13.427391700735248 -1.5557110409464316 13.449785354443359 -1.574676951307282 13.47392488754749 -1.5913642046381669 13.499579316504326 -1.605613125899558 13.526503162212148 -1.617287371678879 13.554438798922584 -1.6262752348174192 13.583118919379759 -1.6324907133007387 14.631752919379759 -1.8065507133007386 14.66180926291135 -1.8099934224433096 14.692059511776785 -1.8103915132727444 14.722196042445393 -1.8077409374882494 14.751912387819736 -1.8020686495616633 14.780906353788174 -1.793432332629635 14.808883092324193 -1.7819198118971231 14.835558099881279 -1.7676481615174826 14.860660110591771 -1.750762514031535 14.883933854847932 -1.7314345844727819 14.905142655212432 -1.7098609241475586 14.924070833259664 -1.6862609218479487 14.940525902872043 -1.660874572823698 14.954340527687009 -1.6339600382011 14.965374222788904 -1.6057910196678293 14.973514783340711 -1.5766539761213116 15.708623806225386 1.6800867623263869 16.48373279151511 -2.279907926602356 16.490971797727703 -2.3090622050461906 16.501090124689725 -2.337346381223272 16.513986322101882 -2.3644768669327703 16.52953108765044 -2.390181641325223 16.547568563442756 -2.4142029782898513 16.567917898699385 -2.4363000305172386 16.590375063034667 -2.4562512443285507 16.614714892145084 -2.4738565810592807 16.640693345394524 -2.488939522725054 16.66804995266107 -2.501348841859904 16.696510425912184 -2.510960117781929 16.72578940932369 -2.5176769840836593 16.755593340368762 -2.5214320948393096 16.7856233931905 -2.522187799841342 16.815578474746737 -2.5199365220961556 16.845158243686488 -2.5147008337939867 16.874066121689708 -2.5065332299913083 16.90201226707738 -2.495515602274886 16.928716480877434 -2.481758417684734 16.95391101620912 -2.4653996111284124 16.977343262817822 -2.446603202391755 16.998778279844192 -2.4255576516124133 17.018001151432973 -2.4024739697048867 17.03481914156334 -2.3775836026826545 18.08345314156334 -0.6444756026826544 18.099946473318646 -0.6131894418722484 18.112643234684867 -0.5801796539078515 19.161277234684867 2.7137103460921486
15 1.104022 0.0 1.057942 1.1876 -0.239049 2.063141 -2.097604 1.473466 -2.969062 -0.697394 -1.686142 -3.108463 1.364495 -3.784308 4.184791 -1.679543 4.473289 2.224144 1.442775 5.288914 -3.25477 5.003105 -6.381682 0.970766 -5.344294 -4.429867 -0.26444 -7.423309 5.718511 -5.471526 -2.0 bevel 1.0 1 16 4.915554301680851 -3.6297377547445078 5.380984097624626 -3.282391112952441 6.179351474046349 -1.8269489543302075 6.46784947404635 2.076738045669792 5.895428100323449 3.6303873570798517 2.864914100323449 6.695157357079852 1.3213151889716932 7.285222471731002 -3.3762298110283067 6.9994134717310015 -4.835249089429375 6.228701119395167 -7.962161089429375 2.196362119395167 -8.345775462871087 0.5934904122566906 -7.308387462871087 -4.807142587743309 -6.35966769033402 -6.152950361006504 -1.2798136903340203 -9.146392361006505 0.35583695048546515 -9.32469178752503 6.338787950485465 -7.372908787525029
10 1.549841 0.0 1.429879 0.903525 0.786913 1.655498 -0.236026 1.96043 -1.336148 1.641 -2.14035 0.718569 -2.33077 -0.569481 -1.764477 -1.828352 -0.543661 -2.626828 0.993409 -2.643589 1.0 bevel 2.0 1 10 0.5585402351382276 -0.13161608406446756 0.4775256354032359 0.4785664422818613 0.21856053113652057 0.781435904043066 -0.23973636473441534 0.9180514686580784 -0.775336790873155 0.7625352221676913 -1.1939689368176414 0.28235826536365644 -1.2987152544813587 -0.4261728472650133 -0.9724385388754794 -1.1514869430625758 -0.24071418179153237 -1.6300720351214626 1.004312864870799 -1.6436484489016463
17 0.0 0.0 1.67225 0.735833 3.344499 0.735038 5.016749 -0.001588 6.688998 -0.736625 8.361248 -0.734241 10.033497 0.003176 11.705747 0.737414 13.377996 0.733441 15.050246 -0.004765 16.722496 -0.738201 18.394745 -0.732639 20.066995 0.006353 21.739244 0.738985 23.411494 0.731834 25.083743 -0.007941 26.755993 -0.739767 -0.5 round 1.0 1 35 0.20137916635998704 -0.45765317802475336 1.7772784112670241 0.23578301218465297 3.239139706367716 0.23508803211314147 4.815552288588575 -0.45932141948914723 6.4878012885885745 -1.1943584194891472 6.536353964688166 -1.2127550226657837 6.586552630340385 -1.2260174256006675 6.63785598382289 -1.234002617290264 6.689710811355173 -1.2366244918997138 8.361960811355173 -1.2342404918997139 8.413601710814673 -1.2314925349035473 8.46468256508803 -1.2234253116301363 8.514656945162002 -1.2101251198698288 8.562990258348599 -1.1917342362302281 10.234874891996421 -0.45447791202810506 11.810112411787703 0.2371646330796907 13.271976355690693 0.23369147480653485 14.848323176641827 -0.46217856932983997 14.849416855936033 -0.4626598076736999 16.521666855936033 -1.1960958076736998 16.570364969948518 -1.2144951839824154 16.620712210710494 -1.2277314487341613 16.672162805400497 -1.2356611185234936 16.724159020649125 -1.2381982343546718 18.396408020649126 -1.232636234354672 18.44790534398868 -1.2298049459647307 18.498837043287203 -1.2216838307919176 18.54866120719853 -1.2083592971932338 18.596847708510953 -1.189973117700109 20.268369146121362 -0.45130308019220533 21.842944573600356 0.23853697627354206 23.30481584441509 0.23228561346439502 24.881461084973306 -0.46519588171602283 24.883283779867458 -0.4659978753592225 26.55553377986746 -1.1978238753592225
7 11.384511 0.0 9.048676 6.908584 2.999691 10.98221 -4.280227 10.549253 -9.803741 5.787378 -11.30426 -1.349365 -8.166042 -7.932392 -4.0 round 5.0 1 42 15.173783588593201 1.2811765098284391 12.837948588593202 8.189760509828439 12.702344926559821 8.536682085218214 12.53505871816882 8.869485716673683 12.337540574616469 9.18528551970627 12.111503261307998 9.481343057391218 11.85890684572664 9.75509108654072 11.58194170083921 10.004155819381943 11.283009511423039 10.226377507699356 5.234024511423039 14.300003507699355 4.915717318713329 14.493455241505902 4.580795418473812 14.656459422383106 4.232163065914067 14.787602569333881 3.872843405610255 14.885747482409645 3.5059522564879053 14.950043103871593 3.1346710931846093 14.979931898086944 2.762219458083143 14.97515468616579 -4.517698541916857 14.542197686165792 -4.888090932186028 14.502795897193268 -5.253212267456691 14.42911120221722 -5.609896420348301 14.321782553574181 -5.955050425992506 14.181740645092097 -6.285681302489293 14.010199841635565 -6.598922004366898 13.80864764881502 -6.892056283991698 13.578831814172593 -12.415570283991698 8.816956814172594 -12.686056249712925 8.560870167155395 -12.931548393768976 8.280733351225358 -13.14991794593968 7.978975555771085 -13.339271327913433 7.658213455192234 -13.49796657333655 7.321228518566345 -13.624627566024785 6.970942890308653 -13.718155972871275 6.610394050974209 -15.218674972871273 -0.5263489490257912 -15.278259764287915 -0.8940344898871879 -15.303384264048873 -1.265668400932 -15.293830606617961 -1.638028081827228 -15.249681635941068 -2.0078846387717735 -15.171320187070046 -2.3720308836481108 -15.059425766432383 -2.7273091449544618 -14.914968659533494 -3.07063864935673 -11.776750659533494 -9.65366564935673
20 1.709465 0.0 1.753894 0.394836 1.704159 0.808239 1.554585 1.217229 1.305183 1.597327 0.962007 1.923974 0.537156 2.174022 0.048412 2.327218 -0.481482 2.367582 -1.025882 2.284604 -1.555579 2.074177 -2.040353 1.739189 -2.450663 1.289752 -2.759373 0.743005 -2.94343 0.122515 -2.985371 -0.542719 -2.874596 -1.219621 -2.608301 -1.872682 -2.192015 -2.465814 -1.639698 -2.964314 -0.1 bevel 5.0 1 38 1.80883785338034 -0.011181950234616732 1.85326685338034 0.3836540497653833 1.853178081423213 0.4067805040059784 1.803443081423213 0.8201835040059785 1.7980754699057788 0.8425857128039487 1.648501469905779 1.2515757128039486 1.638193555680151 1.2720889071916741 1.388791555680151 1.6521869071916742 1.3741277858145557 1.6697605316616897 1.0309517858145558 1.9964075316616898 1.0127294538003209 2.010155394050423 0.587878453800321 2.260203394050423 0.5670659307274585 2.2694441989050693 0.07832193072745855 2.422640198905069 0.05600736858239768 2.426929134664577 -0.47388663141760234 2.4672931346645774 -0.49655007435050313 2.4664402476850955 -1.0409500743505031 2.3834622476850953 -1.0628013792473185 2.377539243239541 -1.5924983792473186 2.1671122432395413 -1.6124283021600254 2.156445808450823 -2.0972023021600257 1.8214578084508226 -2.11420527396292 1.806611856884782 -2.52451527396292 1.357174856884782 -2.537741169299822 1.3389189851769614 -2.8464511692998222 0.7921719851769613 -2.855244048238639 0.7714433914739307 -3.0393010482386393 0.15095339147393064 -3.043231844409924 0.12880720568461113 -3.0851728444099233 -0.5364267943153889 -3.0840582440984683 -0.5588691657034663 -2.973283244098468 -1.2357711657034665 -2.9671936825722396 -1.2573790346714544 -2.7008986825722396 -1.9104400346714543 -2.690153228917422 -1.930129477066012 -2.273867228917422 -2.523261477066012 -2.259016458481558 -2.5400487934687237 -1.7066994584815582 -3.0385487934687236
15 0.0 0.0 1.063722 1.977945 2.127444 3.612349 3.191166 4.619339 4.254887 4.824014 5.318609 4.190826 6.382331 2.82975 7.446053 0.977186 8.509775 -1.045102 9.573497 -2.885869 10.637218 -4.225402 11.70094 -4.831042 12.764662 -4.597597 13.828384 -3.565615 14.892106 -1.914335 -4.0 bevel 2.0 1 15 3.5228692593462774 -1.8945691282064672 3.9849971683073795 -1.0352622915611145 4.9696403906119695 -2.9072101997061996 5.046451417114846 -3.046448986464752 6.110173417114846 -4.887215986464752 6.441024234683159 -5.37336058280953 7.50474523468316 -6.712893582809531 8.658087057697951 -7.701468845332897 9.72180905769795 -8.307108845332898 12.558376622532263 -8.738061636288057 13.622098622532263 -8.504616636288057 15.549932413028339 -7.46853216581426 16.61365441302834 -6.43655016581426 17.191072572022506 -5.7317926398968835 18.254794572022508 -4.080512639896883
9 0.0 -0.695091 2.535076 -1.756179 3.708917 1.31367 8.867011 -1.03366 9.161774 1.027763 6.35094 0.988354 2.181658 1.020695 3.684438 1.869195 3.386941 0.737148 -2.0 round 10.0 1 60 -0.7722101615452752 -2.5400006092779774 1.7628658384547249 -3.6010886092779772 1.951143895106629 -3.6690363644876913 2.1452708382072547 -3.7178242115099027 2.343302218329491 -3.7469634726800014 2.543254477717369 -3.7561622780556507 2.743124818356318 -3.7453284888973375 2.940911262761169 -3.7145706205650937 3.1346327065454225 -3.6641967555873025 3.3223487619176204 -3.594711457788712 3.5021791933447703 -3.506810718386922 3.672322750707849 -3.4013749846791628 3.831075211309286 -3.2794603411467067 3.9768464500168403 -3.14228793131032 4.108176366562785 -2.9912317262914865 4.223749510464501 -2.8278047625941527 4.322408257077724 -2.6536439869546173 4.403164402806043 -2.4704938600593214 4.817089003744056 -1.3879911852805753 8.03860325297926 -2.854028260730785 8.220074859718341 -2.926138171709642 8.407713673637199 -2.9802071907960475 8.59973094408743 -3.0157198809600514 8.794296180831704 -3.032337701650099 8.989554604008037 -3.0299022360817642 9.183644825645734 -3.008436701416377 9.374716594176094 -2.9681457274330816 9.560948432780366 -2.909413405804237 9.740565003429603 -2.83279962857031 9.91185403108591 -2.7390347507193855 10.07318262672763 -2.6290126277526293 10.223012853591932 -2.503782094608215 10.359916388242647 -2.364536967174678 10.48258813670023 -2.2126046617087187 10.58985867583195 -2.0494335406479376 10.680705401399274 -1.8765791054501764 10.754262276488678 -1.695689168082384 10.809828087394623 -1.5084881425184016 10.846873128251826 -1.3167606059939627 11.141636128251825 0.7446623940060373 11.159649942036454 0.9356124697142314 11.15929007549788 1.1274100176550406 11.140559838187313 1.3182911511133326 11.103631484740529 1.5065004112780274 11.048844630719643 1.6903069115072809 10.97670312930218 1.8680202556130818 10.887870437541299 2.038006083771046 10.783163514811866 2.1987011030857864 10.66354530955596 2.348627464581651 10.530115903424285 2.4864063543992874 10.384102394257294 2.6107706742051455 10.226847610948344 2.720576694197165 10.059797763973782 2.8148145715385384 9.88448914516323 2.892617637485638 9.702533999027045 2.953270367800048 9.515605695576815 2.996214963143941 9.325423340998604 3.0210564789415035 9.1337359677086 3.027566457529071 6.344676979135894 2.988462751767485 5.334590699419552 2.9962979618521723
19 1.746702 0.0 1.318989 1.319406 -0.000627 1.984552 -1.488088 1.486678 -2.222402 -0.001404 -1.65426 -1.656876 0.002332 -2.460251 1.82577 -1.821736 2.6981 0.00341 1.989105 1.994769 -0.004638 2.935949 -2.163875 2.156368 -3.173797 -0.006016 -2.323524 -2.333087 0.007545 -3.411644 2.502404 -2.490573 3.649491 0.009224 2.657515 2.671827 -0.011054 3.887337 1.0 round 5.0 1 9 0.7954363545595965 -0.30837261844212566 0.49636647614109447 0.6141960011804767 -0.07850263413261376 0.9039559686423111 -0.7756633430472769 0.6706065290333538 -1.1414110173612542 -0.07057848267620345 -0.8434878437776628 -0.9386774298034625 0.06441867184876636 -1.378972564025638 1.1028342715026715 -1.0153495965252277 1.1911531496532164 -0.8305630510883469
18 0.0 0.0 1.003239 2.789997 2.006479 -4.414272 3.009718 4.194168 4.012957 -2.221648 5.016196 -0.679124 6.019436 3.296144 7.022675 -4.535962 8.025914 3.880557 9.029153 -1.60377 10.032393 -1.343108 11.035632 3.728805 12.038871 -4.556526 13.04211 3.480431 14.04535 -0.950136 15.048589 -1.977147 16.051828 4.078335 17.055067 -4.475505 0.5 mitre 10.0 1 18 -0.47050601413522986 0.1691865557973768 1.218807274423313 4.867148863022742 1.9624345930746103 -0.47284080975013765 2.9374042070630737 7.893029559965201 4.305336273100293 -0.8550358922297859 4.551733930525038 -0.47618867823446875 6.180191299130541 5.976459209391288 7.004827275480604 -0.4613251851420027 7.921576171451462 7.229598414486544 9.424174119081654 -0.9845345033255022 9.602813048785038 -0.938120503989009 11.15450631213026 6.906523927071857 12.046422574203056 -0.45943917399962236 12.899475224709667 6.374373577356397 14.501788736506514 -0.7018568052252634 14.716620931793903 -0.9217795033204308 16.13651525047667 7.648605508312626 17.551663121713585 -4.41726161497622
9 0.0 0.323801 0.42768 0.117888 2.331363 0.77092 6.350877 0.618499 11.848364 0.912539 4.566524 -1.508966 6.805363 0.228236 18.748686 -0.223218 12.098925 -1.483191 -0.3 bevel 10.0 4 7 -0.13014109408690216 0.05349876983927038 0.29753890591309784 -0.15241423016072964 0.5250227378636556 -0.16588020009509102 2.375842265984846 0.46901772045577655 6.339509093471486 0.3187144595360879 6.366899974230606 0.3189271984284814 6.437758124412207 0.3227171356269501 3 8.843697408978514 0.45140182141772633 9.638822469469467 0.4939300843834704 9.442830253293804 0.42875478096696445 4 7.821540213863528 -0.11038943765506096 6.135930754334871 -0.6709224532522097 6.903067324101167 -0.07567143999437835 7.821540213863528 -0.11038943765506096 3 9.528904482527818 -0.1749272910268209 16.08429729208557 -0.4227191581182564 12.043075760478581 -1.1884354021822836
19 0.666218 0.0 0.737969 0.141525 0.777261 0.309503 0.776859 0.49622 0.731374 0.692222 0.637649 0.886756 0.495044 1.068286 0.305601 1.225072 0.074079 1.345775 -0.192139 1.420073 -0.483283 1.439237 -0.787554 1.39667 -1.09159 1.288346 -1.38104 1.113162 -1.641198 0.873146 -1.857685 0.573543 -2.017147 0.222746 -2.107929 -0.167924 -2.120712 -0.584575 0.5 mitre 2.0 1 19 0.2202572955503153 0.22609522349386557 0.26481017336848034 0.31397338593363366 0.2771367589460993 0.36667101374991395 0.2769822546868199 0.4384336301177524 0.2568546789673909 0.525166511202935 0.2108322602670436 0.6206898528882203 0.1349655559625933 0.7172648876512852 0.027556019273188168 0.806158705946947 -0.11069683354700834 0.8782362367818404 -0.2766601176303918 0.924554442466006 -0.46487375253335494 0.9369432469726434 -0.6677784942537921 0.9085572156360591 -0.8760480464212221 0.834353532621598 -1.0790370903830602 0.7114983497664912 -1.2652983212816653 0.5396578697683376 -1.4231693945110402 0.3211752488592748 -1.5413827159575166 0.06112032340079798 -1.6096844050925996 -0.23280821853926625 -1.6209471550262196 -0.5999079621512967
12 5.632974 0.0 5.528904 1.077787 5.220537 2.115749 4.719269 3.075533 4.043621 3.921674 3.218559 4.622908 2.27457 5.153322 1.246534 5.493319 0.172438 5.630334 -0.908029 5.559306 -1.954945 5.282858 -2.929624 4.811206 0.5 bevel 4.0 1 12 5.135288734768178 -0.04805597539465194 5.0358590261591925 0.9816744690422908 4.754990959833137 1.9270751761864575 4.298423997234153 2.801269550515366 3.6830275244344612 3.5719551543966817 2.9315411183087625 4.210656025983481 2.071733189969967 4.693769878477413 1.1353732146287827 5.003447343601277 0.15706068803600545 5.12824390818313 -0.8270547281311308 5.063549891818429 -1.780611045919534 4.811754392523386 -2.711831140377596 4.361132372359482
6 5.21784 0.0 3.710432 3.668589 0.059174 5.217505 -3.626274 3.751798 -5.216498 0.118341 -3.792682 -3.583493 -0.5 round 4.0 1 38 5.680320393649815 0.19003127502995865 4.172912393649815 3.8586202750299585 4.1522251776074945 3.902723124423316 4.127344421435195 3.9446035518863853 4.09850629548312 3.983864024677312 4.065984533807346 4.020131878896978 4.030087835861821 4.053062856847876 3.9911569362956905 4.082344374758782 3.9495613706697164 4.107698489857718 3.905695967791862 4.128884538629453 0.254437967791862 5.677800538629453 0.20871906318415176 5.694617433371054 0.1615806611719845 5.70690552691799 0.11347020440496552 5.714548179399149 0.06484436237825522 5.717472845956617 0.016164696677884963 5.715651765349075 -0.03210672021016516 5.709102223464407 -0.07951169094040578 5.69788638924024 -0.12560024256503632 5.682110724549878 -3.8110482425650365 4.2164037245498776 -3.8553828573644475 4.196217994461497 -3.897542750940227 4.17181379108806 -3.937127737911504 4.14342276125297 -3.973762074135106 4.111314395083555 -4.007098023301683 4.075793467987315 -4.036819157679038 4.03719714769721 -4.062643361671709 3.9958917938461886 -4.084325509686768 3.952269480449646 -5.674549509686767 0.3188124804496463 -5.691883799890146 0.2732872528195046 -5.704705682505481 0.2262912605028217 -5.7128934509937475 0.1782705939641977 -5.716369386271489 0.12968106997418416 -5.715100494427809 0.08098390495279698 -5.709098819905739 0.03264133705904214 -5.698421331175223 -0.014887761418005241 -5.68316937998295 -0.061152239718962054 -4.259353379982951 -3.7629862397189617
6 0.0 -1.384533 0.637353 -0.402476 2.661547 1.683432 8.054069 -1.794153 10.404677 1.577663 11.114072 0.620396 0.1 bevel 4.0 1 9 -0.08388274814675817 -1.3300932666855583 0.5534702518532417 -0.3480362666855582 0.5655886763684476 -0.3328349068602035 2.5897826763684475 1.7530730931397964 2.715743603842527 1.767472038862058 8.02719987185165 -1.6578344588739748 10.322643511334514 1.634851344418854 10.485020339978668 1.637202463560499 11.194415339978669 0.6799354635604988
12 0.0 0.0 0.590983 1.216759 1.181966 1.114041 1.772949 -0.196764 2.363932 -1.294194 2.954915 -0.988176 3.545898 0.389439 4.136881 1.344739 4.727865 0.841778 5.318848 -0.574023 5.909831 -1.367343 6.500814 -0.67789 -0.3 bevel 5.0 1 17 0.2698536877163211 -0.13106863555367548 0.7621517822893776 0.882510667496696 0.9738617105998744 0.8457136354057601 1.4994601235418699 -0.32006782984185683 1.5088136134170107 -0.33900498408916724 2.0997966134170105 -1.4364349840891673 2.5018787594337706 -1.5605972499083325 3.0928617594337706 -1.2545792499083324 3.230616712967998 -1.106449266068507 3.8127860168467533 0.2506205067725586 4.208327161013216 0.8899966902198359 4.478699981697179 0.6598940406319849 5.041998979490711 -0.6895851903697205 5.0782659823956555 -0.7532443514217065 5.669248982395655 -1.5465643514217065 6.137604179491564 -1.562584846703783 6.728587179491565 -0.8731318467037831
13 19.122166 0.0 18.424125 5.119458 16.380966 9.865151 13.141855 13.890604 8.943277 16.901924 4.091763 18.679259 -1.058484 19.092848 -6.131454 18.112496 -10.756774 15.809777 -14.596758 12.352809 -17.371054 7.99398 -18.877114 3.051522 -19.004984 -2.113723 0.1 bevel 2.0 1 13 19.023082809840037 -0.013510049138493007 18.326883911806608 5.092437908257182 16.294508547699095 9.813083505989647 13.072493322077042 13.817290480071723 8.896075083794095 16.812716971923535 4.070166996259613 18.58067133642874 -1.0528974021423994 18.99207744597469 -6.099092669156694 18.01689966601384 -10.700000588981732 15.726334238274442 -14.519717455269697 12.287611843645251 -17.27937093709294 7.951788403564561 -18.77748207220801 3.035416303755404 -18.905014628513538 -2.1161978261761005
16 0.0 0.0 0.584025 1.458503 1.168051 2.511425 1.752076 2.865969 2.336101 2.423542 2.920126 1.307176 3.504152 -0.172691 4.088177 -1.604536 4.672202 -2.59019 5.256228 -2.855563 5.840253 -2.32686 6.424278 -1.151102 7.008303 0.344755 7.592329 1.744742 8.176354 2.65955 8.760379 2.83479 -1.0 round 2.0 1 40 0.9283397140718683 -0.3717329354213346 1.4889988888798278 1.028417894483093 1.7197472748318425 1.4444268598945085 2.009437046357721 0.8906837641721356 2.5739684397984552 -0.5397857348175662 2.578213534562417 -0.5503654076888103 3.162238534562417 -1.9822104076888103 3.192610878066693 -2.049464445084529 3.227860102828352 -2.1142955869044027 3.8118851028283522 -3.099949586904403 3.8680039295537103 -3.1845513913188377 3.932411455319832 -3.263027238863769 4.004443845411547 -3.33456829561361 4.083358677253374 -3.3984372030614844 4.168342592401632 -3.4539756779170525 4.258519679657507 -3.5006112968928456 4.842545679657507 -3.7659842968928454 4.932522150033429 -3.8017207683966983 5.025532670221948 -3.8285890350158143 5.1207054655814375 -3.846337264232156 5.217148494766475 -3.8547991043670824 5.31395781070704 -3.853895243772447 5.410226033178413 -3.843634154207621 5.505050853549533 -3.824112011434872 5.5975434919960465 -3.795511793777351 5.686837027909707 -3.758101567088774 5.772094525424411 -3.712231972209538 5.85251687789941 -3.6583329384589973 5.927350297834478 -3.59690965396788 6.511375297834476 -3.06820665396788 6.577667758838348 -3.002300207159288 6.637516431498131 -2.930491527337517 6.690398337158097 -2.853408103888282 6.735851375211739 -2.7717235187538902 7.31987637521174 -1.5959655187538904 7.355797414652663 -1.5147936002950293 7.93564194352521 -0.029643996381325206 8.481861747838439 1.2797165889026574 8.819416976241754 1.8084580355619309 9.047775784816332 1.876978385914414
10 1.285615 0.0 0.958188 1.393248 -0.75002 1.95749 -2.431918 0.586241 -2.162656 -1.942421 0.427249 -3.284552 3.309217 -1.69388 3.627501 1.959406 0.484476 4.502197 -3.74253 3.214499 -0.5 bevel 10.0 1 18 1.7723544152074187 0.11438855573675281 1.4449274152074185 1.5076365557367528 1.1150104022196001 1.868018190894578 -0.5931975977804 2.432260190894578 -1.0659691234850426 2.3450156783350407 -2.7478671234850425 0.9737666783350406 -2.9291071715588903 0.5332983169872882 -2.6598451715588904 -1.9953636830127117 -2.3927088414015425 -2.3863530783217595 0.19719615859845765 -3.7284840783217597 0.6688599451181811 -3.722300959106814 3.550827945118181 -2.131628959106814 3.80733014511748 -1.7372769429933963 4.12561414511748 1.9160090570066037 3.9419833543492855 2.3481229263139056 0.7989583543492854 4.890913926313906 0.33876906951974284 4.980495536909764 -3.8882369304802573 3.6927975369097648
17 0.0 0.0 0.941245 0.926221 1.882489 1.809222 2.823734 2.607802 3.764979 3.284695 4.706224 3.808318 5.647468 4.154237 6.588713 4.30631 7.529958 4.257441 8.471203 4.009911 9.412447 3.57527 10.353692 2.9738 11.294937 2.233565 12.236181 1.389108 13.177426 0.479832 14.118671 -0.451834 15.059916 -1.362417 0.3 round 2.0 1 36 -0.21041859586550565 0.21383174346665418 0.7308264041344943 1.140052743466654 0.735990329468369 1.1450143276518083 1.6772343294683691 2.0280153276518087 1.6884031307666498 2.0379809896898804 2.6296481307666495 2.8365609896898807 2.6485795236469487 2.8513608417887726 3.5898245236469486 3.5282538417887728 3.619135219266855 3.5468582919030855 4.560380219266855 4.070481291903085 4.581181267558155 4.08101621243176 4.602737668653216 4.089903829232196 5.543981668653216 4.435822829232197 5.571450158497412 4.444446041508509 5.599618753846825 4.4503965003415775 6.540863753846826 4.602469500341577 6.572474642617267 4.605870203881475 6.604267908542523 4.605906469972918 7.5455129085425225 4.557037469972919 7.576128516347921 4.553866848097237 7.606258118788196 4.547575954586494 8.547503118788194 4.300045954586494 8.572628090955975 4.292245820602369 8.59697309705584 4.282274512032292 9.53821709705584 3.847633512032292 9.573986484012126 3.828064373167395 10.515231484012126 3.226594373167395 10.539144610764172 3.2096120632214404 11.48038961076417 2.4693770632214402 11.49527717976664 2.456867065308563 12.436521179766642 1.612410065308563 12.444617208737576 1.6048725635573786 13.385862208737576 0.6955965635573785 13.388470325200691 0.6930461946507909 14.328495542617782 -0.23741243642837734 15.26850702579289 -1.1468021026513473
9 3.688397 0.0 3.251847 1.740623 2.045533 3.069213 0.35501 3.671272 -1.419549 3.404285 -2.858079 2.33145 -3.620057 0.706724 -3.525111 -1.085294 -2.595717 -2.620406 -0.1 mitre 5.0 1 9 3.785392941429963 0.024326679718267748 3.3427417680808276 1.7892764295945538 2.1027091787910117 3.155002847264046 0.3649331571702073 3.773890430456348 -1.4592278454309373 3.4994406806303506 -2.937967283079436 2.396618059906676 -3.7212438889403545 0.7264781520169646 -3.6236439845428725 -1.1156298407217136 -2.6812609036134107 -2.672196351944928
13 0.0 0.0 1.26158 4.320322 2.523161 2.612629 3.784741 -2.740387 5.046321 -4.269823 6.307901 0.158297 7.569482 4.36555 8.831062 2.481683 10.092642 -2.864801 11.354222 -4.214114 12.615803 0.3164 13.877383 4.405451 15.138963 2.347709 -0.5 mitre 1.0 1 17 0.47995559894378353 -0.14015214248278215 1.4587921391793255 3.211905625699574 2.060031750161296 2.398059606302774 3.311272089973633 -2.911084133183329 3.3624180195607956 -3.0141635881727473 4.852876033786866 -4.821072498781557 5.444396235027225 -4.697412840990333 6.7878221777191525 0.017984744064104947 7.74392054268412 3.206482124964701 8.365224138817883 2.2787142927719564 9.621021044898196 -3.043261377108583 9.682763030455558 -3.158524784896732 11.188867345506516 -4.769366849335257 11.757388627421925 -4.63017236007802 13.095620429789516 0.17560540280173798 14.029133344330745 3.201320709573978 14.712697753047948 2.086370255760066
7 0.0 -1.782452 0.643647 1.703196 5.881135 -0.945042 2.641032 1.74233 5.615781 -0.250669 4.06918 -1.137844 7.681947 1.394453 -1.0 round 5.0 2 3 0.9833749894981747 -1.9640384257852574 1.3844651497228428 0.20805142285350622 3.172534928269926 -0.696052669451807 30 5.126630128198864 -1.6841044156456715 5.42990557039698 -1.837449979491518 5.518681914921403 -1.8770440177644507 5.610883052265178 -1.9078316368083401 5.705637780592509 -1.929521926651752 5.80205076937226 -1.9419099373247084 5.899211019290976 -1.9448786154160351 5.996200470219096 -1.9383999101025262 6.092102675894285 -1.922535038199129 6.186011463355468 -1.8974339057257164 6.27703949530518 -1.8633336914560155 6.364326654495108 -1.8205566058326381 6.447048170911358 -1.7695068464240618 6.524422414966292 -1.7106667786912237 6.595718283059606 -1.6445923781513914 6.660262105723036 -1.5719079770059659 6.717444013074131 -1.4933003648709549 6.7667236974323774 -1.4095122993518787 6.807635518647154 -1.321335487781219 6.839792903897613 -1.229603106433458 6.862892000391136 -1.1351819279031072 6.876714546446248 -1.038964131033548 6.881129933831364 -0.9418588707840805 6.876096441872462 -0.8447836876908866 6.861661631668691 -0.7486558380932877 6.837961896691016 -0.654383627045358 6.805221174010226 -0.5628578258075809 6.763748828331863 -0.47494325501404383 6.761807297733046 -0.47168973448042745 8.25592037647689 0.5755790395544883
14 1.71323 0.0 1.799895 1.488984 0.554439 2.906271 -1.725299 3.138447 -3.908871 1.547745 -4.590669 -1.491439 -2.920212 -4.601134 0.760799 -6.024472 4.88025 -4.583321 7.303309 -0.4599 6.424295 4.666907 2.130162 8.294053 -3.910564 8.311998 -8.874822 4.17706 0.1 mitre 10.0 1 14 1.6133989568032197 0.005810577789048749 1.6976785650298987 1.4538113644479478 0.5052419163080856 2.810764127578072 -1.6973536138710283 3.035083685270608 -3.8195420055904887 1.4890987948777425 -4.4849344162149105 -1.476955620199996 -2.849630389585656 -4.521210428967213 0.7625268175425746 -5.917924705256929 4.81261329341138 -4.501040228469899 7.198568289771931 -0.44076066571553757 6.331897921610684 4.614052693550251 2.093451535285775 8.194161613412037 -3.874501223157896 8.211890428168786 -8.810821316309388 4.100223078620143
20 0.855385 0.0 0.889091 0.366408 0.757808 0.752395 0.455145 1.082324 0.009178 1.280346 -0.51914 1.285779 -1.044211 1.066911 -1.469605 0.630442 -1.705197 0.024447 -1.684682 -0.666194 -1.380221 -1.33162 -0.811306 -1.854409 -0.045808 -2.129873 0.807549 -2.085739 1.614575 -1.69769 2.236676 -0.997709 2.554309 -0.073257 2.488888 0.943181 2.019271 1.893032 1.189626 2.616346 0.3 round 4.0 1 20 0.5566463340145285 0.02748107430980302 0.5845009720399439 0.3302806414378048 0.4940979543335477 0.5960758288987767 0.2763044535279651 0.8334896916017996 -0.055903409471978555 0.9809994074484313 -0.4605998931647324 0.9851611357936756 -0.8721772292246726 0.8136012736250031 -1.2121275132042455 0.46480049012011065 -1.4035214155696532 -0.0275071767952561 -1.3866171552581517 -0.5965920047648198 -1.1326254104448659 -1.1517130573269723 -0.6528374424010066 -1.5926011900457109 -0.0010239007772739523 -1.8271559053158224 0.7318635661383247 -1.789252360299079 1.4303227488433552 -1.45340644283235 1.972494103223937 -0.8433613748921384 2.251070283365142 -0.03258193168599412 2.1933622847553775 0.8640201179756117 1.7769228464452864 1.7063137677333462 0.9924802143639556 2.3902187367035395
18 2.128369 0.0 2.045057 1.908937 0.238409 3.458528 -2.607581 3.21035 -4.759652 0.659332 -4.476499 -3.150993 -1.259473 -6.01298 3.528957 -5.827408 7.200099 -2.03382 7.246078 3.732754 2.975685 8.303087 -3.755233 8.714737 -9.304656 4.076748 -10.214978 -3.590878 -5.327114 -10.188295 3.235859 -11.7279 10.938399 -6.715383 13.23425 2.688068 -1.0 bevel 4.0 1 34 3.1274179966073046 0.0436016327439554 3.0441059966073043 1.9525386327439556 2.6960991504812903 2.6679785787667347 0.8894511504812905 4.217569578766734 0.1515359833992287 4.454747392998692 -2.6944540166007713 4.206569392998692 -3.37192423187466 3.8551596028188477 -5.52399523187466 1.3041416028188477 -5.756902244280781 0.58522430618941 -5.47374924428078 -3.22510069381059 -5.1411752275944504 -3.8981245228731884 -1.9241492275944514 -6.760111522873188 -1.2207478223835018 -7.0122298989835175 3.5676821776164984 -6.826657898983518 4.247565975770664 -6.522822365642412 7.918707975770664 -2.7292343656424114 8.200067214239889 -2.041793111681656 8.246046214239888 3.7247808883183438 7.9767544476735575 4.415477903796512 3.706361447673558 8.985810903796512 3.0367290215610767 9.301222074742718 -3.6941889784389232 9.712872074742718 -4.396515888993864 9.482041539465056 -9.945938888993863 4.844052539465057 -10.29768208634483 4.194642833808222 -11.20800408634483 -3.4729831661917783 -11.018483436181375 -4.186175416445745 -6.130619436181375 -10.783592416445746 -5.504074375547332 -11.172512976611964 3.0588986244526684 -12.712117976611964 3.781295995739031 -12.566051826150359 11.483835995739032 -7.553534826150359 11.909863985209286 -6.952566014805705 14.205714985209285 2.450884985194295
12 8.957402 0.0 8.224839 3.547826 6.146973 6.515349 3.063672 8.417183 -0.520742 8.942253 -4.01998 8.004675 -6.861686 5.757805 -8.581055 2.569155 -8.896855 -1.039722 -7.757434 -4.478535 -5.349161 -7.184813 -2.065947 -8.7159 -1.0 bevel 2.0 1 22 9.936742848219968 0.20221647560916614 9.204179848219967 3.7500424756091664 9.043993116104456 4.121399477480546 6.966127116104457 7.088922477480546 6.671954704524086 7.366462511768544 3.588653704524086 9.268296511768545 3.20861214472321 9.406623424910775 -0.37580185527679 9.931693424910774 -0.7795507441186046 9.90818158637052 -4.2787887441186045 8.97060358637052 -4.6402053377166315 8.789098693200486 -7.481911337716631 6.542228693200487 -7.741879986895102 6.232419101595924 -9.4612489868951 3.043769101595924 -9.577248159874772 2.6563283228615036 -9.893048159874773 -0.9525486771384964 -9.84610403334315 -1.3542474722547828 -8.70668303334315 -4.7930604722547825 -8.504474140198298 -5.143313932377152 -6.096201140198298 -7.849591932377153 -5.771801746791899 -8.091110301745505 -2.4885877467919 -9.622197301745505
19 11.364878 0.0 11.060648 2.611995 10.164246 5.084148 8.723664 7.284102 6.816029 9.094075 4.543473 10.417164 2.027666 11.182532 -0.5967 11.349203 -3.189119 10.908253 -5.610797 9.88329 -7.732081 8.329189 -9.4394 6.329154 -10.641346 3.990266 -11.273569 1.437744 -11.30222 -1.191753 -10.725766 -3.757445 -9.57507 -6.121969 -7.911737 -8.158731 -5.82482 -9.758685 0.3 mitre 5.0 1 19 11.066892462029095 -0.034707623949084006 10.766705003308381 2.5425797613883763 9.894125394064744 4.9490338955050825 8.4918276925238 7.090522847675665 6.63488917041717 8.852394792609001 4.422727625025079 10.140321957849935 1.9737796125908356 10.885349872304728 -0.5808423940329341 11.047591497316631 -3.104366367716533 10.618359997240532 -5.46168689680813 9.620635972221802 -7.52659656545851 8.107836092074105 -9.188542609100649 6.160953139681607 -10.35854620997529 3.884222419630556 -10.973967515430802 1.399535178824832 -11.001857098857128 -1.1600814471490186 -10.440722672027723 -3.6575888108602417 -9.320607062859633 -5.959274260929219 -7.701478130648673 -7.941908094459761 -5.642291664966282 -9.520602226768045
6 0.0 -1.492781 2.274685 -1.221177 0.642154 1.476514 1.151047 -1.95468 5.824347 0.923986 13.897074 0.528883 -1.0 bevel 4.0 2 5 0.11856073404090742 -2.485727802373461 0.8100370815195714 -2.4031635168215733 1.6755129443017334 -2.806111426051265 6.0849717051855645 -0.08996672886546217 13.848189573294865 -0.4699214417330705 4 2.6266236169723287 0.12874049580765973 1.4976936898021758 1.99425122985043 -0.3470257128376133 1.3298051191832723 -0.07641160001328598 -0.4948014685240749
8 4.417296 0.0 3.81471 2.227216 2.171356 3.846781 -0.06441 4.416827 -2.282604 3.781829 -3.878033 2.115033 -4.415418 -0.128807 -3.748143 -2.337505 -1.0 bevel 2.0 1 14 5.382589960440093 0.2611657901369936 4.780003960440093 2.4883817901369936 4.516642814693342 2.939459163292342 2.8732888146933417 4.559024163292342 2.418418658792513 4.815780506001099 0.18265265879251324 5.385826506001099 -0.3396232635808546 5.378210201199799 -2.5578172635808545 4.7432122011998 -3.0050071571521553 4.4733011097315485 -4.6004361571521555 2.8065051097315483 -4.8505319783030885 2.347940142869102 -5.387916978303089 0.10410014286910182 -5.372685944754818 -0.418009492978339 -4.705410944754818 -2.626707492978339
7 0.0 -0.010571 2.585812 1.087342 1.476547 -0.998008 1.173795 0.851503 8.285048 -1.954801 13.246876 -1.253721 11.932685 -1.681935 -0.1 mitre 5.0 5 2 0.03908218926790433 -0.10261763210583917 1.151341998972052 0.3696380865820274 5 1.3408336612532834 0.4500945773903977 1.619129199365076 0.5682564117135939 2.0962673518885144 0.3799640382065431 1.5273790984234177 -0.689510901833429 1.3408336612532834 0.4500945773903977 3 1.8815861437133563 0.6796933186272649 2.3648499944479786 0.884882893179321 2.1907951968084176 0.5576705748805746 3 1.3075776354594038 0.6532555326345059 1.3009368234790581 0.6938242317895265 1.353899811518265 0.6729235205946951 4 2.283499352474046 0.30607693108615525 8.272897589351189 -2.057511065254472 12.129699762165723 -1.5125653582858278 11.90170429511649 -1.5868550550856235
12 0.0 1.403327 2.166431 -0.622056 5.679691 0.555927 7.014312 -0.995048 1.829326 -1.997003 14.77551 -1.000297 7.434586 -1.425811 14.88804 -0.973145 17.683161 0.976216 18.269155 -1.204569 11.055411 0.318236 26.692694 -0.990871 -4.0 round 1.0 2 24 -2.7317089587641696 -1.5186186128763888 -2.1667209054255516 -2.0468224644807695 -2.15622200564164 -2.3367191973264543 -2.1041052082573897 -2.7237209163243556 -2.014501215695662 -3.1037967187558193 -1.8882639903572218 -3.47332432802984 -1.7265966242130157 -3.8287819961155303 -1.5310398728496044 -4.166782067229591 -1.3034574714433513 -4.484103263570278 -1.0460183726080867 -4.777721385401694 -0.761176075396774 -5.044838132904174 -0.4516452424601649 -5.28290777510681 -0.1203758282104237 -5.489661411736385 0.22947503544119674 -5.663128596757463 0.5945731278322957 -5.801656117522491 0.9714389160248915 -5.903923750559024 1.3564807161659609 -5.968956843835035 1.746028923691663 -5.996135605588178 2.1363709861475675 -5.985201011192729 15.082554986147569 -4.98849501119273 15.469657159287763 -4.939606548798206 15.760799157067634 -4.873519133429538 15.852191202982528 -4.855207912651899 15.99514580017432 -4.812683947946428 2 20.54304514867678 -4.490033229812065 26.358993188234937 -4.9769271672193405
12 17.683559 0.0 16.661907 5.923606 13.715001 11.16275 9.183351 15.112058 3.590581 17.315195 -2.417074 17.517591 -8.145441 15.695861 -12.932616 12.060501 -16.22545 7.031572 -17.643463 1.190158 -17.022804 -4.788778 -14.43519 -10.214378 0.5 mitre 10.0 1 12 17.190833686843234 -0.08498097301495644 16.183838464848115 5.753644056820675 13.321485995783704 10.842464930029392 8.919859463594136 14.678458194422825 3.4875589339043183 16.818382112638528 -2.3477225820065413 17.014970904387436 -7.911729510095921 15.245510543152156 -12.561549390021279 11.714457427549435 -15.759904419432209 6.829819951229499 -17.13723135177598 1.1560096087503011 -16.53438049498921 -4.6513768792781764 -13.983888810757488 -9.999140371811306
20 1.273979 0.0 1.280281 0.803415 0.760695 1.574908 -0.218971 1.974401 -1.3826 1.742029 -2.321017 0.819748 -2.633446 -0.591399 -2.084892 -2.067974 -0.720693 -3.091151 1.109886 -3.225975 2.83967 -2.291725 3.859279 -0.459875 3.728084 1.763383 2.348386 3.67541 0.037473 4.598957 -2.537387 4.11759 -4.550933 2.244056 -5.283865 -0.542464 -4.374504 -3.414198 -1.971491 -5.440461 -0.1 mitre 10.0 1 20 1.3739759237127205 -0.0007843774552847129 1.380520796181496 0.8335933938079999 0.8266368581386032 1.65601274500785 -0.20906055232973597 2.0783545080171084 -1.4314263137964771 1.8342530145655451 -2.412246880632313 0.8702975734323158 -2.7374569358758123 -0.5985775752468967 -2.1683994898253456 -2.130342904461463 -0.7572564021657725 -3.188728925124327 1.1316902523227856 -3.327851762076333 2.912859266567735 -2.365848904171332 3.9608210910551604 -0.48305965046006616 3.826196868686402 1.7983106713900117 2.412476753501738 3.757486542251742 0.04762935839930305 4.702588204324122 -2.584273035574797 4.210557196937262 -4.640270994761403 2.2975231363959483 -5.387943572757335 -0.5450387820865612 -4.461098994795792 -3.4719853822242555 -2.0359543180364232 -5.516910202924131
13 2.577084 0.0 2.271644 1.73895 0.820851 3.035537 -1.301029 3.171843 -3.206159 1.870777 -3.964529 -0.498786 -3.046869 -3.005146 -0.631994 -4.519286 2.384814 -4.219727 4.71963 -2.012363 5.245744 1.341187 3.525717 4.4765 0.082478 5.981393 4.0 mitre 10.0 0
10 2.695467 0.0 2.545297 1.219139 1.848351 2.297793 0.703376 2.99417 -0.68622 3.128028 -2.048109 2.624595 -3.09441 1.538763 -3.582234 0.05293 -3.368718 -1.552775 -2.448306 -2.953211 1.0 bevel 10.0 1 10 1.7029680476596916 -0.12225313739692013 1.5808487157511553 0.869159529471571 1.132839629472705 1.5625371985457825 0.37946250614664145 2.0207432737967133 -0.5542257295242544 2.1106842637322303 -1.48677526898917 1.7659599783452116 -2.2156401719103584 1.0095573415621828 -2.5608303948460236 -0.04183624406535516 -2.407559825255017 -1.1944773573548828 -1.6126348882290502 -2.4039808178800577
7 0.0 -1.104694 0.953711 -1.073009 5.121389 -1.352704 7.645521 1.165769 5.79641 1.814968 2.177025 0.174685 11.10836 -1.068999 -0.3 mitre 1.0 2 6 0.009961359838690523 -1.4045285732402522 0.9486349605187537 -1.3733431585417242 5.165983705048449 -1.6563715875857223 5.287390985700537 -1.6108629282050293 6.210459964889137 -0.6898634316557 11.06698436734227 -1.36613206282232 8 6.743252556540314 -0.15826533905455403 7.974793009429592 1.0705140508543016 7.901349986869418 1.393902932171254 5.841119716661086 2.1172231823828307 5.725349619305304 2.11213390709016 1.8478560838458566 0.3548777078120983 1.9123673036139808 -0.09135614541625955 5.465014176451973 -0.5860604727535106
18 0.0 0.0 0.678376 0.688543 1.356752 1.295562 2.035127 1.749185 2.713503 1.995702 3.391879 2.005925 4.070255 1.778644 4.748631 1.340769 5.427006 0.744145 6.105382 0.059414 6.783758 -0.632352 7.462134 -1.249247 8.140509 -1.718229 8.818885 -1.983771 9.497261 -2.014432 10.175637 -1.806581 10.854013 -1.384828 11.532388 -0.79911 0.5 round 4.0 1 35 -0.3561732315688273 0.3509139910488303 0.3222027684311727 1.0394569910488303 0.3449630128966558 1.061149736427061 1.0233390128966557 1.6681687364270612 1.0788197841728762 1.7111984798780602 1.7571947841728763 2.16482147987806 1.8091390266777079 2.195200062429155 1.8643565355820497 2.219118451120983 2.54273253558205 2.4656354511209835 2.595917980479199 2.481679122079109 2.650554937623794 2.491723714689066 2.705968948545004 2.495645234846391 3.3843449485450035 2.5058682348463908 3.440658893594277 2.503539832959118 3.4963530058306347 2.4948883750146327 3.550719595349351 2.4800237927310755 4.229095595349352 2.252742792731076 4.267992347135292 2.2378824364879506 4.305517760768394 2.2198371928255844 4.341411591878228 2.198732208214637 5.019787591878227 1.7608572082146372 5.050139456785012 1.739633200558436 5.078837012080907 1.7162207140533834 5.757212012080908 1.1195967140533833 5.782203846926588 1.0960462496975762 6.4605798469265885 0.4113152496975762 6.462373518256416 0.4094954989298617 7.130734011163091 -0.27205730473076223 7.773875545712734 -0.8569111276195458 8.376964078104006 -1.2738452217384673 8.92410325857013 -1.4880161715647215 9.43345807149261 -1.511037811361849 9.966923417095401 -1.3475867082142061 10.556830785545968 -0.9808355224910494 11.205626420356715 -0.42065673991491986
10 0.0 0.0 2.097833 -4.707108 4.195666 2.483877 6.293499 3.396401 8.391333 -4.276111 10.489166 -1.139956 12.586999 4.87765 14.684832 -1.433913 16.782665 -4.120993 18.880498 3.608505 -0.1 round 1.0 1 87 -0.09133944495375972 -0.04070756435282144 2.0064935550462404 -4.7478155643528215 2.010892016038598 -4.756517162184996 2.016116975095556 -4.764749055453698 2.022118761528431 -4.772432988271491 2.0288403197962697 -4.779495913896629 2.03621775190015 -4.785870689146536 2.0441809248248033 -4.791496712689524 2.0526541372529645 -4.7963205011468935 2.061556839214368 -4.800296197528738 2.0708043978281165 -4.8033860071700385 2.080308901858929 -4.805560557022873 2.0899799974388307 -4.806799174889125 2.0997257470095474 -4.807090085939222 2.109453503320136 -4.806430524648675 2.119070790171258 -4.804826761088348 2.1284861815333573 -4.802294041318478 2.1376101706814863 -4.7988564424531335 2.146356021084393 -4.794546643772897 2.1546405909589748 -4.789405616061693 2.162385123651517 -4.783482232121044 2.1695159963320276 -4.7768328021643836 2.1759654198842484 -4.769520538508152 2.1816720833378995 -4.761614954648565 2.186581736716907 -4.753191204436683 2.1906477067628067 -4.74432936763385 2.1938313406306387 -4.735113688639344 4.278537134293853 2.4108736667150983 6.227495410565767 3.258639528962833 8.294873650372455 -4.302485113623615 8.297965396615902 -4.311922878452685 8.30197803033071 -4.321007429650925 8.306871974790253 -4.3296491660175125 8.312598960873604 -4.33776285384758 8.319102503145327 -4.34526846759481 8.326318456973016 -4.352091979165793 8.334175651187735 -4.358166088061333 8.34259659004738 -4.363430885163291 8.35149821757952 -4.36783444362001 8.36079273676493 -4.371333331002411 8.370388475482233 -4.373893037679345 8.380190790672778 -4.375488317187115 8.390103001807963 -4.37610343523611 8.400027344452191 -4.375732324898571 8.409865934516429 -4.374378646446884 8.419521733691909 -4.3720557512522005 8.42889950654188 -4.368786550099467 8.437906759811575 -4.364603287217665 8.446454654691953 -4.359547222254013 8.454458883039544 -4.353668223328829 8.461840498910185 -4.347024275184766 8.46852669720524 -4.339680907281557 8.474451531750471 -4.331710547476987 10.572284531750473 -1.1955555474769866 10.576690518083948 -1.1883239515192923 10.580468877514365 -1.1807455152900486 10.583592515919069 -1.1728745827669749 12.584741935319848 4.567395854909734 14.589936545644166 -1.46545428631809 14.59414010245839 -1.4760435081894587 14.599520853794745 -1.4860858697039527 14.606008956688537 -1.495451019492987 16.70384195668854 -4.182531019492988 16.71012053693715 -4.189821052993838 16.717070626157074 -4.1964739785320395 16.72462789073737 -4.202428213196979 16.732722376738757 -4.2076286415211746 16.741279157423364 -4.212027125657479 16.750219026815255 -4.215582950967821 16.759459232871816 -4.218263202898897 16.768914243479337 -4.2200430716562565 16.77849653818238 -4.220906081856557 16.788117418318258 -4.220844245032212 16.797687828057615 -4.219858133576764 16.807119178751122 -4.21795687544652 16.816324168951713 -4.215158069667474 16.8252175925218 -4.211487623429648 16.833717127345253 -4.206979512276776 16.841744097343366 -4.201675465611144 16.84922420074121 -4.19562458042472 16.85608819784322 -4.188882866832066 16.862272551951502 -4.18151272961183 16.86772001749431 -4.173582390555919 16.872380169920564 -4.165165256973408 16.876209872455522 -4.156339242194614 16.879173675397016 -4.147186044365125 18.977006675397014 3.5823119556348746
10 12.760197 0.0 10.883032 6.662 5.80384 11.363893 -0.982969 12.72228 -7.480567 10.337492 -11.777218 4.911188 -12.608753 -1.960096 -9.730516 -8.254676 -3.989348 -12.12055 2.925574 -12.420292 -0.5 bevel 10.0 1 18 13.24145693924282 0.13560557097699613 11.36429193924282 6.797605570976996 11.222694686429444 7.028918600574478 6.143502686429443 11.730811600574478 5.90196927806947 11.854169090367014 -0.8848397219305306 13.212556090367015 -1.1552450303757666 13.19166360576182 -7.652843030375767 10.80687560576182 -7.872560836437492 10.64788019596598 -12.169211836437492 5.221576195965982 -12.273596513551498 4.971257720195824 -13.105131513551498 -1.9000262798041756 -13.063470713057663 -2.168018585188837 -10.185233713057663 -8.462598585188836 -10.009785033167997 -8.669415444848704 -4.268617033167997 -12.535289444848704 -4.011001229971547 -12.620080917593494 2.9039207700284533 -12.919822917593494
19 0.0 0.0 0.515208 1.417632 1.030416 0.828348 1.545624 -0.933614 2.060832 -1.373875 2.57604 0.130835 3.091248 1.450324 3.606456 0.716615 4.121664 -1.031594 4.636873 -1.319393 5.152081 0.260649 5.667289 1.471695 6.182497 0.599288 6.697705 -1.12152 7.212913 -1.254612 7.728121 0.388428 8.243329 1.481578 8.758537 0.477284 9.273745 -1.202692 0.3 round 5.0 1 121 -0.2819568372699261 0.10247117602887355 0.2332511627300739 1.5201031760288735 0.24473249255320073 1.5474125835685617 0.25885133325667065 1.5734564506367648 0.2754700065851593 1.5979808134516715 0.2944264574522949 1.6207465255028697 0.3155358342022409 1.6415315895611071 0.3385922911694108 1.6601333224588033 0.36337099595886024 1.6763703315317058 0.38963032187359203 1.690084283448644 0.41711420410957134 1.7011414481808445 0.445554636742285 1.7094340030549633 0.47467428615576707 1.7148810841735158 0.5041891954295376 1.7174295749498951 0.5338115533119356 1.7170546240686733 0.5632525007785202 1.7137598878203517 0.5922249478077077 1.7075774944474649 0.620446372906181 1.698567730849708 0.6476415780848183 1.6868184547031524 0.6735453724203122 1.6724442377261959 0.6979051580340343 1.6555852484465952 0.720483393271269 1.6364058853641492 0.7410599090614066 1.615093173837588 1.2562679090614066 1.0258091738375879 1.2763204263990242 1.0001938992160329 1.2934815291473125 0.9725580113530418 1.3075494321510308 0.9432264609236646 1.3183587209823795 0.9125441366884699 1.8084780673592589 -0.763617071563147 1.9200419770812438 -0.8589518459806846 2.292216162251374 0.2280153947596508 2.2965871942429064 0.23995021137993627 2.8117951942429067 1.5594392113799362 2.8238192701734954 1.5862720579610547 2.8384123855112557 1.6117989269889876 2.855434352295079 1.6357745959982315 2.8747216499358217 1.6579687440410782 2.896088996067865 1.6781681642531505 2.919331126453982 1.696178812013437 2.9442247668449673 1.711827669023287 2.970530777851443 1.7249644053971953 2.9979964522232767 1.7354628237985936 3.026357942467898 1.743222071747631 3.0553427954867503 1.7481676104549864 3.0846725698810165 1.7502519308746525 3.1140655107836297 1.749455010096979 3.1432392565219285 1.7457845036976534 3.1719135511095606 1.7392756721948341 3.1998129365102255 1.729991042320919 3.2266693988101713 1.7180198063629248 3.252224942879143 1.7034769653416786 3.2762340707864306 1.6865022242608276 3.2984661401632582 1.6672586500383937 3.318707579856037 1.6459311050133796 3.3367639415859207 1.622724471075861 3.8519719415859206 0.8890154710758611 3.869202093288126 0.8614061960784469 3.8833401608173954 0.8320929697104459 3.8942197626519484 0.8014207598538761 4.3748265736833645 -0.8293791355406473 4.464731454087536 -0.879600569318862 4.866860819819541 0.3536514129677653 4.876023874391638 0.37809031896759754 5.3912318743916385 1.5891363189675975 5.404374409784457 1.616180010474418 5.420158031745372 1.641772289870018 5.438424187217582 1.665656072048153 5.458989385061136 1.6875914344687533 5.481647039297862 1.7073580272797697 5.506169544353569 1.72475728682322 5.532310561450842 1.7396144302898373 5.559807493184661 1.751780211485191 5.588384121422719 1.7611324200698735 5.617753382031604 1.7675771092132626 5.647620248555595 1.7710495393285663 5.677684695880288 1.7715148284089373 5.707644714109841 1.7689683024317602 5.737199342382167 1.7634355423111572 5.766051692146157 1.754972126927049 5.793911929530828 1.743663074812157 5.820500186847283 1.7296219901054304 5.845549373976221 1.712989921351151 5.868807861399421 1.6939339446075576 5.890042007923077 1.6726454850982493 5.909038507700895 1.6493383942660822 5.925606532980172 1.6242468015463523 6.440814532980172 0.7518398015463522 6.457372260002313 0.7194694937445058 6.469892389680648 0.685333859809222 6.936568562269442 -0.8733765856810961 7.011947825355968 -0.892849064529856 7.441864341244371 0.47818949128698607 7.456750464236565 0.5163265235234026 7.971958464236565 1.6094765235234028 7.985595234498691 1.6351140091982217 8.001646804549358 1.6593129611138955 8.01996278149034 1.681846650638825 8.040371556385738 1.7025039515800802 8.062681912127436 1.7210913183001784 8.086684815016563 1.7374345991153544 8.112155373274938 1.7513806679849444 8.138854944136536 1.7627988592040036 8.16653336977689 1.7715821916570094 8.194931321131161 1.7776483711621764 8.223782727640877 1.7809405615150684 8.2528172701641 1.781427917007314 8.281762913692106 1.7791058714310775 8.310348456142647 1.7739961808614915 8.338306069349198 1.7661467198162115 8.365373808438813 1.7556310327019453 8.391298066087268 1.7425476447506136 8.415835948656762 1.7270191389012308 8.43875755195323 1.7091910072765246 8.459848115280941 1.6892302880152257 8.478910033612221 1.6673240002320302 8.495764709019607 1.6436773917686545 8.51025422402368 1.61851201615343 9.02546222402368 0.61421801615343 9.036488135256654 0.5901696342035467 9.045352527389358 0.5652433840835915 9.560560527389358 -1.1147326159164086
16 1.610901 0.0 1.539378 0.474676 1.331161 0.907201 1.004738 1.259168 0.589095 1.499323 0.121142 1.60634 -0.357568 1.570716 -0.804527 1.395614 -1.180045 1.096584 -1.450777 0.700178 -1.592681 0.241598 -1.593158 -0.238436 -1.452164 -0.697297 -1.18222 -1.094239 -0.807296 -1.394014 -0.360686 -1.570003 1.0 mitre 10.0 1 16 0.6220631456867777 -0.1489956303964064 0.5729903400225926 0.17668538272458564 0.4954875466517892 0.3376803817050088 0.3739860319710096 0.46868991111209696 0.21927372318251528 0.5580813708915251 0.045091279127779126 0.5979154623823495 -0.1330941633390112 0.5846554966359958 -0.2994625207303867 0.5194785293617163 -0.4392389768882809 0.408172670029021 -0.540011359160619 0.2606216713770388 -0.5928312177999058 0.08992788702420801 -0.5930087679029133 -0.08875153886084909 -0.5405278699343454 -0.2595491424663575 -0.44004884825575225 -0.40729957893890045 -0.300493170535544 -0.5188830019488316 0.005931797894264013 -0.6396313590590474
18 2.377005 0.0 2.193957 1.147033 1.469161 2.11404 0.334859 2.652059 -0.966402 2.597893 -2.13342 1.920525 -2.876037 0.738045 -2.986766 -0.701014 -2.396769 -2.069556 -1.201462 -3.036265 0.352358 -3.345535 1.916935 -2.883738 3.121362 -1.714934 3.659368 -0.075629 3.366345 1.672333 2.266407 3.12156 0.576595 3.914017 -1.334943 3.828923 -0.1 round 4.0 1 98 2.475755465365143 0.01575898442691588 2.292707465365143 1.162791984426916 2.290717297224116 1.1722806708054576 2.2878176215891526 1.1815320393329718 2.2840356942334945 1.1904591309028172 2.2794070637382253 1.1989780344800471 2.273975237350044 1.2070086758310565 1.5491792373500441 2.1740156758310567 1.5429985018499153 2.1814790341016517 1.5361244085203614 2.188309118207605 1.5286215073029543 2.194441791468072 1.520560252847055 2.1998194661137767 1.5120163429180524 2.2043916440546387 0.3777143429180524 2.7424106440546385 0.36877205711648453 2.746132931336019 0.3595115993590916 2.748972617953516 0.35001985116606177 2.7509030619962602 0.34038586402209015 2.7519061520579395 0.33070002389625824 2.7519724771578313 -0.9705609761037417 2.6978064771578314 -0.9802039959323813 2.6969359447678256 -0.989717628041902 2.6951369277744974 -0.9990126862620413 2.692426291181037 -1.0080020334578461 2.688829446028565 -1.0166013984024787 2.684380111178656 -2.1836193984024788 2.007012111178656 -2.191745355042876 2.001754015500143 -2.1993249270975594 1.9957349766272094 -2.20628711008942 1.9890113801585132 -2.21256668316439 1.9816462118995986 -2.2181048200721976 1.9737084678197985 -2.9607218200721976 0.7912284678197983 -2.965465239433056 0.7827953071710579 -2.969371447483054 0.7739432020863588 -2.9724038749954826 0.7647550244029282 -2.9745341329219963 0.7553167922100356 -2.975742278165845 0.7457168645629023 -3.0864712781658445 -0.6933421354370977 -3.0867460562049183 -0.7030110881956791 -3.086085379342232 -0.7126613553682267 -3.0844954291447215 -0.7222026450498094 -3.0819910818463305 -0.7315456849741316 -3.078595769159792 -0.7406030577819093 -2.488598769159792 -2.1091450577819093 -2.4843455001017656 -2.117829767513272 -2.4792732639500277 -2.126063047614118 -2.4734294934575987 -2.1337679049930576 -2.4668688363408293 -2.1408722880763498 -2.4596526442441164 -2.147309760594452 -1.2643456442441166 -3.1140187605944525 -1.2565433696471389 -3.119727822368976 -1.2482262556834456 -3.1246567665304488 -1.2394720414817733 -3.1287595227921843 -1.2303625516976187 -3.1319977431528696 -1.2209829317073881 -3.134341160331018 0.3328370682926119 -3.4436111603310176 0.3423970456599546 -3.4450376602088384 0.35205008630040097 -3.445534525944644 0.3617060037190897 -3.445097115417803 0.37127458454397566 -3.4437295152704093 0.3806664313719467 -3.4414445027265796 1.9452434313719467 -2.97964750272658 1.9543689654324403 -2.9764671660266764 1.9631449040138862 -2.9724208324481545 1.9714892887018596 -2.9675462906652688 1.9793241913600101 -2.9618890639815225 1.9865764419002527 -2.955501985187932 3.1910034419002526 -1.7866979851879319 3.1976041606542567 -1.779642059303077 3.2034931163094402 -1.7719820475894241 3.208615332179808 -1.7637894605291984 3.212922989522955 -1.7551407804925654 3.2163758739547017 -1.7461167477320407 3.754381873954702 -0.10681174773204082 3.7569473870531134 -0.09749823003534308 3.758602255457891 -0.08798062109676558 3.7593310353629508 -0.07834774254490981 3.7591269255413793 -0.0686894917443994 3.7579918308168447 -0.059096002842484965 3.4649688308168445 1.688865997157515 3.4629137378375585 1.6983037310729 3.459957714267822 1.7074991730560933 3.4561283381015047 1.7163665349404393 3.4514613352081565 1.7248230893572565 3.4460002460312626 1.7327899415344423 2.346062246031263 3.1820169415344424 2.339858990370553 3.1894187143306167 2.3329706728127464 3.1961875918255287 2.3254615383683612 3.2022604429857715 2.3174016221972633 3.207580628380397 2.3088660964143912 3.212098528437751 0.6190540964143909 4.004555528437751 0.6101237824522153 4.008228574380603 0.600880840174579 4.011023174891163 0.5914114524149409 4.0129132726185155 0.5818039134246044 4.013881243956158 0.5721478056014557 4.013918063367622 -1.3393901943985442 3.928824063367622
4 0.0 -0.864857 0.4197 0.390038 1.345298 1.148627 3.921166 1.897469 2.0 round 10.0 1 14 -1.896730066949666 -0.23049507402310554 -1.477030066949666 1.0243999259768946 -1.4094537629917627 1.1988621535297241 -1.3258707056172991 1.3662464366008749 -1.2270123223400597 1.525088010992206 -1.113743713621414 1.6739968689498457 -0.9870560824571291 1.8116699229919786 -0.8480580604527062 1.9369024091054627 0.07753993954729399 2.695491409105463 0.2398192915249857 2.815335380343848 0.4133461059972233 2.918221774874925 0.5963548705913008 3.0031037965416836 0.7869836008111225 3.0691178309227523 3.362851600811122 3.817959830922752
12 0.0 -0.830296 2.796346 1.374814 3.745209 -0.984079 3.027165 -0.875658 9.76041 0.620949 14.425424 -0.225538 13.682831 1.708691 9.733877 0.043789 20.288445 0.732633 25.944905 -0.249581 6.083366 -1.824173 7.642018 0.588164 -0.1 round 1.0 8 3 0.061920626066989365 -0.908818837871998 2.753406471712422 1.2136017613997654 3.5094800539068394 -0.666012767276488 4 3.5851295409441724 -0.854078953254818 3.587140359104804 -0.8590778887000681 3.5725505503606803 -0.8568749016214954 3.5851295409441724 -0.854078953254818 2 3.7830113055655454 -0.8100955196942244 7.095194749669682 -0.07389225845386267 62 7.3732406981325385 -0.01209062895855252 9.762410111255246 0.5189531200607296 10.350427961171741 0.41225473379173583 9.695028006394734 0.13593429665619394 9.686302397240537 0.13174726949343232 9.678022407266349 0.12673635963584373 9.670265593028166 0.12094850299907087 9.663104610628187 0.11443791296123776 9.656606535163633 0.10726557256005276 9.650832232451389 0.0994986632802355 9.645835788913425 0.0912099357816704 9.641664004963054 0.0824770284625152 9.638355956637392 0.07338174024011124 9.63594262958207 0.0640092643613704 9.6344466288166 0.054447390419342274 9.633881966998903 0.04478568205046864 9.634253933172332 0.03511463801482532 9.635559043224527 0.025524844517299798 9.637785072522231 0.01610612670969499 9.640911170416297 0.006946707321423759 9.644908055544416 -0.0018676197003146613 9.649738290102169 -0.010254292800574105 9.655356630513403 -0.018134756149706346 9.66171045121528 -0.025435195455798275 9.668740237588509 -0.032087229364332955 9.67638014341562 -0.03802854996891109 9.684558607645707 -0.04320350643353147 9.693199024688546 -0.047563626259789625 9.702220461959646 -0.051068069316417435 9.711538417955133 -0.05368401037838507 9.721065613755812 -0.055386946592418364 9.730712810546551 -0.056160926988981265 9.740389645493531 -0.05599870189094242 12.086973106025704 0.09715109422452388 14.407570112039135 -0.32393128577032526 14.4171056199228 -0.3251914221835419 14.426718084346778 -0.32552962637792937 14.436318576697674 -0.32494276949612866 14.445818279120358 -0.32343628077735026 14.455129306206171 -0.3210240973293894 14.464165518054717 -0.31772853519107036 14.472843317187289 -0.3135800828779691 14.481082421939359 -0.3086171193214053 14.4888066091772 -0.302885558810155 14.49594441946748 -0.2964384262196686 14.502429818176022 -0.2893353664585102 14.508202806379654 -0.28164209267031903 14.513209975939375 -0.27342977829618914 14.517405003599636 -0.2647743986217331 14.52074907954263 -0.2557560279004309 14.523211266432872 -0.2464580985558476 14.524768785630423 -0.23696662931612458 14.525407227924855 -0.2273694294215708 14.525120686840427 -0.2177552862675357 14.523911813279154 -0.20821314399799273 14.521791790996296 -0.19883128064898106 14.518780233135129 -0.18969649145446846 14.351901575645952 0.24497167643377116 20.283071935790602 0.6320695771307473 25.146993731504757 -0.21252440614776666 6.2771648491781775 -1.7084951664942019 7.3732406981325385 -0.01209062895855252 2 10.710339846201295 0.346947163048537 11.27461078088841 0.24455775742392521 19 14.276834748682255 0.44049793866781717 13.77618723313513 1.7445325085455314 13.772133609026039 1.7536914891211477 13.767184111916645 1.762399030218749 13.761388394564843 1.7705677788365204 13.754804598907912 1.7781157870738038 13.747498772789616 1.7849673342225532 13.739544207376198 1.7910536863883413 13.731020701908253 1.7963137860204967 13.722013763164357 1.8006948644340872 13.712613747667396 1.8041529711789999 13.70291495523882 1.8066534149455549 13.69301468299421 1.8081711115835393 13.683012249270362 1.808690835743375 13.673007997275699 1.8082073736149904 13.663102288459319 1.8067255752321323 13.65339449569705 1.8042603058174138 13.643982006394735 1.800836296656194 10.687485384922706 0.5543601062315846 2 12.910848118366042 0.1509213062313599 14.142905178593175 0.23133152421423706 2 7.527816927777689 0.2271481222787312 7.726011076685469 0.5338946433711541
10 0.0 0.0 1.715301 1.721459 3.430602 2.802838 5.145904 2.842051 6.861205 1.82452 8.576506 0.128586 10.291807 -1.615158 12.007108 -2.758347 13.72241 -2.875914 15.437711 -1.924145 0.5 round 10.0 1 26 -0.35418632037236225 0.35291932571210427 1.3611146796276377 2.0743783257121042 1.4029137830331906 2.1118616468605604 1.4486516699083734 2.1444225146932734 3.1639526699083733 3.225801514693273 3.211065091124028 3.2520634953151957 3.26073228254369 3.273097799569678 3.312376262718112 3.288659649418955 3.365396046134463 3.2985679502556664 3.4191746369372913 3.3027073983166333 5.134476636937292 3.3419203983166335 5.180969121851216 3.340819921675719 5.227158256684504 3.3354045707488584 5.272644456977257 3.3257211940012392 5.317034219390594 3.311853562797743 5.359943525923248 3.29392164669278 5.401001166070035 3.2720805755678173 7.116302166070035 2.2545495755678173 7.166801006428149 2.2202611791249005 7.212745455368943 2.1800749299883155 8.928046455368943 0.4841409299883156 8.932954535512458 0.47922034163102745 10.612054920130053 -1.2277227669397848 12.17384513941851 -2.2686021222238733 13.609097759096255 -2.3669745048933115 15.19511861869307 -1.4869391714342861
11 0.0 -1.184811 1.838827 1.612079 2.234668 1.219153 4.130764 -1.430579 4.760743 -1.942903 1.633614 -0.472252 12.248858 -0.092767 8.142054 0.897535 13.677739 -1.487625 16.957322 -1.10259 10.58895 1.950104 0.3 bevel 2.0 3 7 -0.25067582182603754 -1.020003135042527 1.5881511781739626 1.7768868649574732 2.0501736271657816 1.8249935443262348 2.4460146271657814 1.4320675443262347 2.4786385684589134 1.393733530775441 3.5500644813007534 -0.10354905770438004 9.23558487759063 0.09970295492821361 7 3.968970745252889 -0.6889568285105098 4.351295002248516 -1.2232424438683496 4.950024487833539 -1.7101530948152246 4.633070639755759 -2.214380012709483 1.5059416397557588 -0.7437290127094829 1.6228961283575687 -0.17244351575137778 2.8306735418878786 -0.12926660792207592 4 11.922377378566653 -0.4046300135787876 13.722610848344768 -1.1802964148960535 15.893660062474378 -0.9254073225442531 10.459273097937759 1.6795787681425263
15 1.640934 0.0 1.777501 1.286587 0.858382 2.610078 -1.003216 3.144797 -3.101913 2.287696 -4.407432 0.039348 -4.044494 -2.872806 -1.769416 -5.222682 1.79238 -5.796834 5.293232 -3.977262 7.173137 -0.128088 6.33977 4.418524 2.727095 7.81902 -2.534208 8.463 -7.454456 5.706003 -4.0 bevel 5.0 1 19 -7.929520481567715 1.7390311253109407 -8.3767246266694 -0.45533982466110573 -8.0137866266694 -3.367493824661106 -6.918288627117279 -5.655125974616842 -4.643210627117279 -8.005001974616842 -2.405987828392495 -9.171704196354058 1.155808171607505 -9.745856196354058 3.6370957942879927 -9.346062597639833 7.137947794287992 -7.5264905976398335 8.887474139698627 -5.732660371086926 10.767379139698626 -1.883486371086926 11.107590629795494 0.5930740032898743 10.274223629795493 5.139686003289874 9.081370429856216 7.331190661843097 5.468695429856216 10.731686661843097 3.213065574184767 11.789389328038203 -2.0482374258152327 12.433369328038202 -4.489516635689981 11.952522623396527 -9.409764635689982 9.195525623396527
8 0.0 0.131361 2.428478 -1.539952 1.683282 -0.403722 2.633475 -1.007926 2.214952 1.789977 11.98088 -1.851166 6.717302 -0.730556 11.077226 -1.224256 0.1 round 2.0 2 56 0.05669282518449375 0.2137377174182149 2.065387234011323 -1.1686742618130548 1.5996618544254062 -0.4585642396887998 1.5947408319877758 -0.4502027655598648 1.590653253863822 -0.441403764677885 1.587437596717232 -0.43225006266415883 1.585124129757502 -0.42282782396697305 1.5837346298137132 -0.4132257407895204 1.583282176347691 -0.40353419822388137 1.5837710283361006 -0.3938444234497219 1.5851965841803959 -0.38424762700636106 1.5875454250219951 -0.3748341442214751 1.59079544105495 -0.3656925848782315 1.5949160396471231 -0.3569089991250957 1.5998684333108102 -0.3485660674796619 1.6056060048121217 -0.3407423225510585 1.6120747459823217 -0.3335114098069114 1.6192137661005623 -0.32694139434331765 1.6269558650625724 -0.32109412018325356 1.6352281659400176 -0.3160246281343866 1.643952800976214 -0.3117806376860369 1.65304764456086 -0.3084020978222295 1.6624270862842487 -0.3059208109790654 1.6720028367941473 -0.3043601336861282 1.6816847588697477 -0.3037347567098091 1.6913817158897413 -0.30405056676807807 1.7010024297078181 -0.3053045911183887 1.7104563398603523 -0.30748502554031504 1.7196544560184883 -0.3105713454495186 1.7285101956604385 -0.3145344990971207 1.7369401990789197 -0.3193371810358818 2.5021441320919924 -0.8059112529794032 2.116052345001499 1.7751831417751303 2.115075076912997 1.785017137635687 2.1150732320992773 1.7948995727656996 2.116046828577257 1.804733932805901 2.1179863579576557 1.8144241729105022 2.1208728783063275 1.8238756557454308 2.124678199135979 1.8329960757404566 2.129365156721592 1.84169636056872 2.134887977050756 1.8498915410495895 2.141192722864242 1.8575015809791549 2.1482178204209093 1.8644521587840248 2.155894660842425 1.8706753933645968 2.16414827016491 1.8761105070390331 2.172898041553618 1.880704419113463 2.182058522529661 1.8844122642814551 2.191540249520513 1.8871978307899404 2.2012506215838727 1.8890339140923442 2.211094804771871 1.889902582535065 2.2209766583033743 1.8897953524825348 2.230799673499153 1.8887132711705492 2.240467916310036 1.8866669064786972 2.2498869642330814 1.8836762437217789 9.983624833650758 -0.9997819905663589 11.08847768499648 -1.1248910183176186 66 10.758947812489106 -1.2888545535768994 12.015814964233082 -1.7574667562782211 12.02468902844338 -1.7612729022291072 12.033154635836073 -1.7659171733323793 12.041132856675045 -1.77135626837223 12.048549305409875 -1.7775394755312655 12.055334834215202 -1.7844091452060025 12.06142617769574 -1.7919012275073418 12.066766542746015 -1.7999458694345951 12.071306138065221 -1.8084680661552626 12.07500263839021 -1.8173883603183099 12.077821579118298 -1.8266235828808388 12.079736677640636 -1.8360876285410026 12.080730078390102 -1.8456922585473527 12.080792519319054 -1.8553479233995687 12.079923418254726 -1.8649645977700517 12.078130878327169 -1.8744526198619338 12.075431612419102 -1.8837235273776771 12.071850787342063 -1.8926908823040518 12.067421789191735 -1.9012710768235441 12.062185912070134 -1.9093841128382194 12.056191973076894 -1.9169543478380882 12.049495857159322 -1.9239112001598169 12.042159996064823 -1.9301898070602488 12.034252786253752 -1.9357316294691365 12.025847951199795 -1.9404849977826268 12.017023854023536 -1.9444055936087532 12.007862766867929 -1.947456862973343 11.9984501038277 -1.9496103571337835 11.988873624584524 -1.9508459978230424 11.979222616172935 -1.9511522644509225 11.96958706050585 -1.9505263015171626 11.960056795421348 -1.9489739452349122 6.696478795421347 -0.8283639452349122 6.686988633526245 -0.8258508047536057 6.677790628971003 -0.82241922201735 6.668973431247758 -0.8181022702938269 6.660622019668659 -0.8129415559527198 6.652816884343344 -0.806986817467483 6.645633250422933 -0.8002954460406713 6.639140353087178 -0.7929319324729934 6.633400770262396 -0.7849672456071153 6.628469819501371 -0.7764781483367119 6.624395024838049 -0.7675464577730062 6.621215658755423 -0.758258256699242 6.618962363681082 -0.7487030639130141 6.617656856658411 -0.7389729714526219 6.617311720039794 -0.7291617570227709 6.617930280219098 -0.7193639801739848 6.619506575572212 -0.7096740709466607 6.622025413914604 -0.70018541976333 6.625462518922156 -0.6909894773406585 6.62978476410406 -0.6821748732961463 6.634950492072786 -0.6738265619443131 6.640909916034014 -0.6660250035151035 6.647605599627017 -0.6588453886858516 6.65497301049084 -0.6523569139006918 6.662941142221047 -0.6466221144618192 6.671433198722689 -0.6416962618202002 6.680367334363754 -0.6376268308745917 6.689657442795577 -0.6344530424129864 6.699213986837624 -0.6322054851063924 6.708944861428325 -0.6309058206981352 6.718756281324874 -0.6305665752300368 6.72855368499648 -0.6311910183176186 9.16142018684532 -0.9066788919509141
16 2.204929 0.0 2.253298 0.858767 1.953829 1.742344 1.300286 2.507209 0.345696 3.011017 -0.800321 3.136776 -1.983888 2.814866 -3.027519 2.039136 -3.756315 0.87405 -4.025889 -0.548878 -3.747697 -2.045543 -2.90763 -3.403066 -1.574492 -4.409886 0.103598 -4.887903 1.915128 -4.721872 3.611811 -3.881409 -4.0 round 10.0 1 72 6.198599320629901 -0.2249385918864467 6.246968320629902 0.6338284081135532 6.250178525556251 1.0167102316662786 6.216765115326483 1.398144813527371 6.147034258681316 1.7746370496415578 6.04162490293027 2.1427371229135943 5.74215590293027 3.026314122913594 5.60315829276305 3.3801460982345635 5.431198708229442 3.7191848920012456 5.2278303463590206 4.040368191352067 4.994890098863421 4.340794960279914 4.341347098863421 5.1056599602799135 4.0825168544699055 5.381089907837982 3.7988456790063108 5.6308606339764715 3.4928663084262093 5.852742080258157 3.1673106556624324 6.04475319550464 2.212720655662432 6.54856119550464 1.8721419192908222 6.708308286263552 1.5180624357556098 6.835354451155911 1.1536138833708556 6.928576022367061 0.7820196503337469 6.987148495833536 -0.36399734966625313 7.112907495833536 -0.7379874191458298 7.136290286097488 -1.1125245255088807 7.1245735072287495 -1.4843217468651047 7.077859985185799 -1.8501162064397652 6.996559675873051 -3.0336832064397656 6.674649675873052 -3.3891245501686535 6.559904082325746 -3.732313539800434 6.412505244250813 -4.060257886938753 6.233738342251748 -4.370098222273297 6.02516205723809 -5.413729222273297 5.2494320572380895 -5.702003971783508 5.01354856985378 -5.96708703337382 4.751872584551986 -6.206679750030971 4.466673214022169 -6.418704503233559 4.160423553034372 -7.147500503233559 2.995337553034372 -7.329728568607515 2.671469112976076 -7.481114091806708 2.332086942493543 -7.600350447025233 1.9801202880077355 -7.686408491611675 1.6186070140637667 -7.9559824916116755 0.19567901406376675 -8.008049668210672 -0.1715235081015576 -8.025883035056037 -0.5419700686072879 -8.009329282389896 -0.9124760151671716 -7.95853071939229 -1.2798561849653602 -7.6803387193922905 -2.77652118496536 -7.5959068544177875 -3.1370011606098456 -7.478506761671383 -3.488130440059533 -7.329144226477819 -3.826900842757692 -7.149098861505619 -4.150410068616473 -6.30903186150562 -5.507933068616474 -6.10018012006727 -5.812967186949054 -5.8640590395305585 -6.097417004271794 -5.602685460844338 -6.358852877123098 -5.318291920532859 -6.595041736889746 -3.9851539205328583 -7.601861736889745 -3.6805813204387405 -7.810531199713414 -3.358066496110286 -7.990229840586395 -3.0203570201413283 -8.139426768450148 -2.670329911604653 -8.256850942846498 -0.9922399116046529 -8.734867942846497 -0.6332947409925935 -8.819440751093383 -0.26808624941755066 -8.870596914768608 0.10028142343515306 -8.88790162503975 0.46867728598544545 -8.871207798147433 2.2802072859854454 -8.705176798147432 2.6451307063876195 -8.654694910921206 3.003861991814651 -8.570853462032176 3.353358259658391 -8.45436362359448 3.6906549619180424 -8.306213502633655 5.387337961918043 -7.4657505026336555
20 0.0 0.0 0.578465 4.995162 1.156931 -0.234074 1.735396 -4.984193 2.313861 0.467635 2.892327 4.96228 3.470792 -0.700168 4.049258 -4.92947 4.627723 0.931164 5.206188 4.885835 5.784654 -1.160116 6.363119 -4.831472 6.941584 1.38652 7.52005 4.766499 8.098515 -1.609879 8.67698 -4.69106 9.255446 1.829703 9.833911 4.60532 10.412376 -2.045509 10.990842 -4.509467 -0.5 bevel 10.0 1 26 0.4966806467755308 -0.057518128608643214 0.5670912164293009 0.5504913480802931 0.6599624855168493 -0.28904940916091953 0.660597800189242 -0.2945169877290506 1.239062800189242 -5.044635987729051 2.232604988406921 -5.036949249367884 2.81048204129841 0.40933755711358166 2.835213673449373 0.601500807484675 2.9733808242495416 -0.7509825868678156 2.975404288493594 -0.7679250312841847 3.553870288493594 -4.997227031284185 4.546840058613197 -4.978583083249301 5.1058441325668396 0.6848853754322639 5.286926987886391 -1.207737648569317 5.290747201272424 -1.2379367823828435 5.869212201272425 -4.909292782382844 6.860969259898452 -4.877787426361461 7.3834367097613605 0.7382799649378764 7.60055991571177 -1.6550534842970088 7.607100400351493 -1.702137827503374 8.185565400351493 -4.783318827503375 9.175024108663274 -4.735242189011012 9.66451458714426 0.7825434732943293 9.914256559502327 -2.088833623463855 9.925610709556665 -2.1597873969944272 10.504076709556665 -4.623745396994427
18 2.900598 0.0 2.896314 0.781447 2.67857 1.558877 2.249858 2.273374 1.629032 2.867284 0.850749 3.288765 -0.036354 3.496116 -0.972669 3.461529 -1.891621 3.173936 -2.724392 2.640706 -3.405049 1.887999 -3.875677 0.959692 -4.091128 -0.085091 -4.023018 -1.175712 -3.662616 -2.234801 -3.022374 -3.183737 -2.135929 -3.948453 -1.056506 -4.465147 -0.5 round 4.0 1 66 3.400590486711119 0.0027410276232048025 3.396306486711119 0.7841880276232048 3.394074460524524 0.8287177514052119 3.387884485583103 0.8728716011946024 3.377785781552849 0.9162984870823656 3.160041781552849 1.6937284870823657 3.1461296111774493 1.7360436164817525 3.1285066658040526 1.7769526675219232 3.1073128094917424 1.8161309665566459 2.6786008094917424 2.530627966556646 2.654026854994421 2.567733536370913 2.6262507473688084 2.6025069514469195 2.5954925514438147 2.634672708616891 1.9746665514438146 3.2285827086168912 1.9411971992609733 3.2578641945444202 1.9052584917977748 3.284056030286455 1.867134719030339 3.306951027636096 1.0888517190303388 3.728432027636096 1.048873869526663 3.7478363845090357 1.0073310257217014 3.7636145227131315 0.9645513357877121 3.7756418102603173 0.07744833578771217 3.982992810260317 0.03379901045340866 3.9911700931295524 -0.01040371874390359 3.9954421288003354 -0.05481115741555583 3.995775217207225 -0.9911261574155559 3.9611882172072255 -1.0353614081744336 3.9575830917654953 -1.0791027043611776 3.950069547524929 -1.1220054075439319 3.938706783831009 -2.040957407543932 3.6511137838310086 -2.082660544154426 3.6360008142514952 -2.1228601587061346 3.6172512957894405 -2.161239871637428 3.595012791163987 -2.9940108716374283 3.061782791163987 -3.0302502354925385 3.0362445439895724 -3.0640849497774445 3.007596582969226 -3.095249006839837 2.9760641376346744 -3.775906006839837 2.2233571376346744 -3.804141532697124 2.189205159208929 -3.8292424220935266 2.15268738405299 -3.851011522347256 2.114090637752645 -4.321639522347256 1.1857836377526447 -4.3398986639222095 1.1454290365470894 -4.354514797970018 1.1036168527365047 -4.365373223496538 1.0606752099570462 -4.580824223496538 0.01589220995704628 -4.58783760248149 -0.027823462924612533 -4.590956286360444 -0.07198817000103155 -4.590155821563792 -0.11625561623855565 -4.522045821563792 -1.2068766162385558 -4.517335047989398 -1.250882845858266 -4.5087513208423236 -1.2943001150178575 -4.496361893268816 -1.3367882512138904 -4.135959893268815 -2.39587725121389 -4.119868253054348 -2.437088856968042 -4.100196625216725 -2.476716680423862 -4.0770990258022675 -2.5144504615081473 -3.4368570258022677 -3.463386461508147 -3.4105236475653857 -3.4989192506025155 -3.381153346257825 -3.5319860211024396 -3.348975918160977 -3.5623280551684635 -2.4625309181609767 -4.327044055168464 -2.4278094753062187 -4.354415791564715 -2.3908057716752253 -4.378613239051002 -2.351809145228282 -4.39944719386087 -1.2723861452282823 -4.91614119386087
5 6.753471 0.0 3.54645 5.747353 -3.028777 6.036214 -6.727453 0.592241 -4.036797 -5.414207 -0.5 round 4.0 1 35 7.190095839757004 0.24363651062016664 3.983074839757004 5.990989510620167 3.95605703544899 6.034096921488652 3.9247986340219616 6.07423571770425 3.8896232487822466 6.110990348632176 3.8508950449526025 6.143980299367818 3.80901496952703 6.172864030147598 3.764416600329697 6.197342512256357 3.71756165725202 6.217162323824536 3.668935222139355 6.232118273464873 3.6190407168150625 6.24205552458652 3.568394691233664 6.246871198393872 -3.006832308766336 6.535732198393871 -3.057705515251339 6.5353764394977585 -3.108279229480937 6.5298529323256025 -3.1580298699436966 6.519218860856822 -3.206442376278221 6.503584317919226 -3.2530155416100492 6.483111165415712 -3.2972672014656363 6.458011358594079 -3.338739225543431 6.428544751708508 -3.3770022606630374 6.39501640779036 -3.411660175789488 6.357773440379778 -3.442354163113994 6.317201419915165 -7.141030163113994 0.8732284199151641 -7.167442456554859 0.8297473749050949 -7.189299608635193 0.7838074639026645 -7.206375335711191 0.735884295551646 -7.218492855477035 0.6864740108459454 -7.2255267171641915 0.6360881466602436 -7.227404100313399 0.5852483398895143 -7.224105568673393 0.5344809270246269 -7.215665271421336 0.48431149507377713 -7.202170589621787 0.43525944024318997 -7.1837612315843336 0.3878325907102206 -4.493105231584334 -5.61861540928978
19 3.817242 0.0 3.685529 0.994088 3.299481 1.919574 2.685737 2.712591 1.886653 3.318415 0.957372 3.695237 -0.037977 3.817053 -1.030705 3.675457 -1.952305 3.28022 -2.739177 2.658617 -3.337021 1.853545 -3.704579 0.920561 -3.816486 -0.07595 -3.665021 -1.06722 -3.260635 -1.984842 -2.631234 -2.765492 -1.820254 -3.355296 -0.883659 -3.713554 0.113916 -3.815542 -0.1 mitre 4.0 1 19 3.9163756268041308 0.013134840564670808 3.782922317290117 1.0203576169661408 3.3866726488573913 1.9703004236614994 2.756709930465348 2.784273586822529 1.9365094726065604 3.4061069887950906 0.9826713734662005 3.7928868542978487 -0.0389805782351194 3.917921946660877 -1.0579422636874571 3.772584151400434 -2.0038963657503155 3.366902661125892 -2.8115621358032654 2.728873266685343 -3.4252046699923104 1.9025265570342587 -3.8024757275403314 0.9448875984062783 -3.917339965042725 -0.07795705096996934 -3.7618723759270867 -1.0954221885440547 -3.3468001125299307 -2.037293174391798 -2.7007666396395726 -2.8385725346277333 -1.868355779879685 -3.4439626240625167 -0.9070104740728 -3.811687891192667 0.10374542199560632 -3.9150234522564715
10 1.609964 0.0 0.241708 2.247671 -2.844731 0.618986 -1.125125 -3.379593 3.831759 -1.75038 2.482127 4.182181 -4.413641 3.305069 -4.201492 -4.511099 4.462007 -5.151564 6.133669 4.256587 -0.3 round 2.0 1 130 1.8662180758659992 0.15599310434138655 0.4979620758659993 2.4036641043413867 0.48099367939381543 2.42861951101084 0.4616039809072926 2.451743922213653 0.43998918235266415 2.472803344910343 0.4163680011868728 2.491584681423166 0.3909794572028402 2.507897885744999 0.3640804539179243 2.5215778865912384 0.33594317899919524 2.5324862577355884 0.30685235003030165 2.5405126187278193 0.27710233348967045 2.545575751819809 0.24699416609274127 2.5476244237978287 0.21683250863890233 2.5466379044050593 0.18692256318677147 2.5426261761084787 0.1575669847525431 2.5356298330875218 0.12906281878153988 2.5257196704666294 0.10169849538231446 2.512995967948194 -2.9847405046176854 0.8843109679481942 -3.010385735931088 0.8691029895540916 -3.0343947392865975 0.8514245209035401 -3.0565303696227675 0.8314501782216434 -3.0765739858182433 0.8093772548592549 -3.0943276102842048 0.7854237725597011 -3.1096158844560935 0.7598263279841467 -3.1222878008695747 0.7328377557662032 -3.132218194712431 0.704724631178581 -3.1393089801198224 0.6757646370787933 -3.143490119001611 0.6462438211414822 -3.144720312832308 0.6164537704686093 -3.142987410570603 0.5866887314848487 -3.138308528679319 0.5572427035659454 -3.1307298820603067 0.5284065351072624 -3.1203263275742006 0.5004650507156265 -1.4007203275742006 -3.4981139492843734 -1.3876834931479047 -3.524724105128782 -1.3720850813325458 -3.5499183305536857 -1.3540772736040783 -3.5734508252522277 -1.3338357580255722 -3.595092001121562 -1.3115580151965107 -3.6146307221739895 -1.2874613915893929 -3.631876364425273 -1.2617809790705858 -3.646660675663416 -1.2347673212932821 -3.6588394169535943 -1.2066839693394849 -3.6682937698643716 -1.1778049104587072 -3.674931495685988 -1.1484118949891673 -3.678687835331143 -1.1187916875406114 -3.6795261411386404 -1.0892332692568216 -3.6774382344158942 -1.060025018453138 -3.672444485232017 -1.031451897135305 -3.664593613683024 3.925432102864695 -2.035380613683024 3.9529948296869786 -2.0247918685481916 3.9793831511785767 -2.0115449095663593 4.004341445008141 -1.9957680593570357 4.027627941449724 -1.9776141474676825 4.049017065393852 -1.9572590299216446 4.068301621482159 -1.9348998857097741 4.085294801198314 -1.9107533067275508 4.099831992472638 -1.885053199660381 4.111772374270873 -1.858048520141404 4.121000280720393 -1.8300008611309055 4.127426321559644 -1.8011819188785854 4.130988248057072 -1.7718708610157718 4.1316515560114295 -1.7423516222727424 4.129409819992219 -1.712910154017398 4.1242847555825115 -1.6838316542588714 2.774652755582512 4.248729345741128 2.7667149424301836 4.277100455452266 2.75603266199566 4.304556194899617 2.7427089304816006 4.330831790467062 2.726872237327525 4.355673849436204 2.7086753061022835 4.378842803617749 2.6882936216909967 4.4001152196639195 2.6659237379797673 4.419285953782069 2.641781382358266 4.436170130070168 2.616099375319702 4.4506049233958045 2.5891253852208473 4.462451129625208 2.561119539854413 4.471594508059574 2.5323519178669565 4.477946883132685 2.5030999442142123 4.481446994745457 2.473645714771165 4.482061089037047 2.4442732758973964 4.479783243895378 -4.451494724102604 3.602671243895378 -4.480459057306522 3.597533266565648 -4.50878094869183 3.5895833057262956 -4.53618808912322 3.5788977986085935 -4.562416964606849 3.565579484156207 -4.587215389922958 3.549756415211475 -4.610344933334664 3.5315807273137794 -4.631583209059858 3.511227175947764 -4.650726015464565 3.4888914563054443 -4.667589298419473 3.4647883217173634 -4.682010920942362 3.4391495188436787 -4.6938522221117065 3.412221559477895 -4.702999350262781 3.384263350386892 -4.709364357647906 3.3555437039758425 -4.712886046035872 3.3263387537124633 -4.713530555120294 3.2969292991607633 -4.501381555120294 -4.519238700839236 -4.499146552502692 -4.5485391839528315 -4.494055675012551 -4.57748044366576 -4.486157767557434 -4.605784800313124 -4.475528607360492 -4.6331806850569786 -4.462270176908698 -4.659405245479332 -4.4465096854721855 -4.684206867544642 -4.428398348582833 -4.707347589734565 -4.408109937182479 -4.728605386192353 -4.385839110361113 -4.7477762969710176 -4.361799547681757 -4.764676384946412 -4.336221899011599 -4.779143500619439 -4.309351571529938 -4.791038837874815 -4.281446375145702 -4.800248265769533 -4.252774048915783 -4.806683423573028 -4.2236096921972335 -4.8102825685526 4.439889307802766 -5.4507475685525995 4.469243356842547 -5.451476712534243 4.498528082239392 -5.449332719901979 4.5274629389772025 -5.444336129910981 4.555770733749938 -5.436534809440669 4.583180280448369 -5.426003494434348 4.609428998098435 -5.412843073935638 4.634265426363192 -5.397179623580579 4.657451634510049 -5.379163197804459 4.6787655007656355 -5.358966392333921 4.698002840222267 -5.336782690735537 4.714979360910855 -5.312824610860768 4.72953242930128 -5.28732166894421 4.741522628316876 -5.260518180858846 4.750835092937386 -5.232670921592133 4.75738061059546 -5.204046665364876 6.42904261059546 4.204104334635123
11 0.0 -1.126755 1.357058 1.194326 3.459202 -0.299797 2.362345 1.983728 9.17031 0.04039 1.685246 1.909276 11.99107 1.225143 8.646783 1.041929 22.164627 1.12783 19.425966 -0.089261 4.130532 0.529744 1.0 bevel 4.0 1 17 -0.8632776166755639 -0.6220256105773527 0.4937803833244362 1.6990553894226472 1.599412746903546 1.9369187833745065 1.751483359754692 2.907079894647003 2.5593683299260466 2.853449950229338 2.636831738347526 2.945318885185242 3.079668759828916 2.818910771798701 12.057307359754692 2.222946894647003 12.056386701562149 2.063615986451064 22.15827249068251 2.127809809901847 22.570739924272196 0.2140070999044268 19.832078924272196 -1.0030839000955734 19.385529179825944 -1.0884430973046961 8.998082294353798 -0.6680639462886683 8.928064734939525 -0.9298250439751902 7.6633449288165005 -0.6140472310418558 4.090095179825947 -0.4694380973046962
9 0.0 -0.157443 1.061512 1.067858 1.532525 -0.168794 7.271214 0.934718 4.286324 1.859013 11.803119 -0.195325 15.535999 0.143662 13.643133 0.605727 6.097457 0.368064 2.0 mitre 10.0 2 8 -1.5116318530219417 1.1521253032699943 -1.2325404153153598 1.4742799446808428 -15.380940529030152 5.855444906574251 -14.44926523038555 9.052792134015258 1.5458230854758022 4.681338909518651 1.7400040325462107 4.905481555693465 1.8578555627191704 4.59606051956187 9.602495634911428 2.4794525241825496 2 9.127713129799321 -1.5374850792255368 6.1604189407647745 -1.6309447028362667
7 6.996434 0.0 4.767892 5.120283 -0.498041 6.978685 -5.446696 4.391309 -6.925528 -0.993554 -3.992446 -5.745473 1.484027 -6.837233 0.3 mitre 5.0 1 7 6.721358813605141 -0.11972318835477863 4.544924917276398 4.8808365857019025 -0.47475047377717666 6.652331738808625 -5.191985127243976 4.185952545118964 -6.601660588477132 -0.9470911225879544 -3.8057420716175434 -5.476790027261229 1.5426792445050548 -6.543022337014242
13 0.0 0.0 1.346644 -0.04103 2.693288 0.081371 4.039932 -0.120348 5.386576 0.157307 6.73322 -0.191627 8.079863 0.222734 9.426507 -0.250106 10.773151 0.273283 12.119795 -0.291877 13.466439 0.305576 14.813083 -0.31415 16.159727 0.317456 1.0 round 1.0 1 43 0.030454202280991053 0.9995361632094301 1.3165006106931973 0.9603524709068224 2.6027677903315345 1.0772656187431564 2.7223059504677596 1.0809498906087656 2.8414290684373706 1.0703372399911508 4.012184087238495 0.8949653290499192 5.184640677616716 1.1367058592876549 5.274850464945013 1.1510461029926702 5.3659924285009915 1.1570951358489634 5.4573061300219985 1.1548024880635157 5.5480296983585475 1.1441872882246393 5.637406186106876 1.1253381037035897 6.709853674549206 0.8474521947832396 7.785771116392253 1.178511151848718 7.888574261344431 1.2042678091291412 7.993525940751213 1.2189999846648742 8.09944734868362 1.2225422082512818 8.2051487873266 1.2148546940155789 8.3094430295364 1.1960237872874582 8.41115865364764 1.1662609947776708 9.40890651860052 0.8159270531685147 10.410888652996993 1.2053591728227329 10.501904650530314 1.2357929572988162 10.595418861402614 1.25736190278656 10.69057000785129 1.2698673565578051 10.786481735729119 1.2731941417945698 10.882270685837286 1.2673116183821733 10.977054629775832 1.252273965108586 11.069960595379305 1.2282196806709091 11.1601329069013 1.1953703080847788 12.108787240467521 0.7972387431290174 13.06089886553951 1.2196532392646962 13.148788752101614 1.2537839518808598 13.239502402518966 1.2794855341579376 13.332233414375947 1.2965295109112362 13.426157451846366 1.3047643690667874 13.520439573657857 1.3041169045425343 13.6142416553338 1.2945928729987763 13.706729839732462 1.2762769386730126 13.797081949651497 1.249331921754008 13.88449479660318 1.2139973509855877 14.809082738799932 0.7885016839304315 15.735091051188906 1.2228201869310396
11 1.189105 0.0 0.884462 1.13511 -0.412861 1.637674 -1.774272 0.781648 -1.927137 -1.037617 -0.407784 -2.404291 1.814568 -1.983821 2.929283 0.231744 1.755204 2.661723 -1.100808 3.25726 -3.481892 1.216086 0.3 round 4.0 1 11 0.8993586209600983 -0.07776268921060762 0.6341679336442649 0.9103466751242875 -0.3807276154441707 1.3035024017490993 -1.4878593378482305 0.6073617507607808 -1.6157126400524984 -0.9142359847224729 -0.31759643424391887 -2.0819051619691264 1.613183193188292 -1.7166007862687775 2.5948032519067206 0.23442978692212355 1.5493491250698603 2.398195235138902 -1.0175902256219502 2.9334546668545074 -3.286641086154646 0.9883205929633869
7 7.760208 0.0 6.173242 4.702331 2.061413 7.481404 -2.893536 7.200575 -6.665026 3.974704 -7.710513 -0.876826 -5.602393 -5.369733 -2.0 mitre 10.0 1 7 9.655201191876104 0.6395317058154465 7.852402752989904 5.98139472362817 2.622130309728229 9.516393122081158 -3.6805958160718735 9.159176877235385 -8.477955010856265 5.055848510187263 -9.807821062725106 -1.1153282204877644 -7.412990181727772 -6.219284555539421
10 0.0 0.0 2.661219 0.513637 5.322439 0.970711 7.983658 1.320887 10.644877 1.525604 13.306097 1.562316 15.967316 1.426981 18.628535 1.134503 21.289755 0.71709 23.950974 0.220709 -0.1 bevel 2.0 1 10 0.018951060274867922 -0.09818786745040511 2.679160175758031 0.41525421659056466 5.337431535943037 0.8718217772150908 7.9940235534154205 1.2213889365922066 10.649406154060834 1.4256569655880644 13.304245317628094 1.462280940822311 15.959307371537053 1.3272590493260572 18.615317889377838 1.0353534811495797 21.27283562527811 0.6185211821681575 23.93263784901086 0.12240444483136331
17 0.0 0.0 0.857352 2.493778 1.714705 4.112596 2.572057 4.28848 3.429409 2.959719 4.286761 0.59252 5.144114 -1.98257 6.001466 -3.86206 6.858818 -4.386519 7.716171 -3.371935 8.573523 -1.174284 9.430875 1.435374 10.288228 3.54142 11.14558 4.404933 12.002932 3.722944 12.860284 1.734733 13.717637 -0.862122 -4.0 bevel 4.0 1 8 1.5273970662893854 -3.6920452073452914 2.3622196159918016 -5.522146068998609 3.9141545078462134 -7.274263208298523 4.7715065078462136 -7.798722208298523 9.914056976385893 -6.96828482926734 10.771409976385893 -5.953700829267341 11.442635304119403 -4.825710701449127 11.653729208880439 -4.284613543115097
7 0.0 -0.424893 2.544726 0.325526 3.74052 -0.625757 1.617946 -1.251895 8.389184 0.484467 14.456769 1.727243 7.434359 1.046477 -1.0 bevel 2.0 1 7 0.2828497315365328 -1.3840572348261904 1.5340924020436353 -1.015075948212516 1.8663410992059202 -2.220553801999177 8.613844569091059 -0.4902780946652012 14.657425441508343 0.7475813275430191 14.360279398735743 2.7225769926114576 7.337869398735743 2.0418109926114574
20 1.890394 0.0 1.896939 1.544655 0.608239 2.939927 -1.641097 3.157018 -3.776254 1.632405 -4.493938 -1.269757 -3.002378 -4.277201 0.412228 -5.766957 4.341921 -4.616546 6.832904 -0.911748 6.347875 3.898394 2.644446 7.555863 -2.909291 8.051671 -7.816617 4.692668 -9.574603 -1.375836 -6.932495 -7.52129 -0.6606 -10.764492 6.608689 -9.216037 11.480315 -3.119287 11.379856 5.055885 0.5 bevel 4.0 1 20 1.3903984883888358 0.0021185770437379746 1.3961096221199223 1.3499766784022067 0.3703506935386429 2.460563092462468 -1.5028471124702911 2.641351727377076 -3.3352532762844795 1.332918549568025 -3.964551509341797 -1.2118301401702016 -2.6354091785878015 -3.891790133581207 0.4458756575555443 -5.236121682331946 4.027891441903436 -4.18749260100487 6.317330551795087 -0.782447510191978 5.868457361520676 3.669129169167271 2.4209784488347936 7.073824453268118 -2.7749801731346406 7.537691909080561 -7.386249297881066 4.381336121054532 -9.04450723492098 -1.342910217629884 -6.54384373976867 -7.159369075079216 -0.5898234113190558 -10.238197824168358 6.329671054539838 -8.764253700729116 10.97815717599233 -2.9467591391668178 10.879893746329923 5.049741311764273
10 0.0 -1.763315 0.755784 1.673074 4.595431 1.712505 5.677889 -0.769021 5.970613 0.559045 13.836068 1.274673 2.635386 -1.989229 19.99129 0.901686 10.675899 1.733641 16.118452 1.56665 2.0 round 4.0 1 42 -1.9533153596614607 -1.3337115715795338 -1.1975313596614607 2.102677428420466 -1.1473570934976733 2.287934942197893 -1.0796559429745747 2.4675299243491673 -0.9950513985103293 2.639808403713438 -0.8943226214987843 2.803183790102655 -0.7783972686609084 2.95615148592593 -0.6483429488358174 3.0973027427070896 -0.5053573908896427 3.2253376348845313 -0.350757413290409 3.339077031411787 -0.18596679693307627 3.437473454906942 -0.012503172899364645 3.5196207283441003 0.1680359540910935 3.5847623204461607 0.35398791782195504 3.6322983129224315 0.5436402028229633 3.6617909253866445 0.7352462156969974 3.672968547073901 4.574893215696997 3.712399547073901 4.769628697333706 3.7049043480835198 4.9627102551958355 3.6784922707377308 5.1523046722898815 3.63341408507154 5.336611840355178 3.570097786885864 5.513881851030393 3.489144534132218 5.682431610396013 3.3913229392056463 5.840660819145667 3.277561771337848 5.987067166662222 3.1489411383777814 6.120260594738177 3.006682231684519 6.238976495513125 2.8521357314996894 6.3420877183202204 2.686768982884945 6.38270579156002 2.604799684725512 9.014334488450057 2.8442349343198488 9.033048895827585 2.8742739537676396 9.15442553617837 3.031762141837932 9.29083997072795 3.176420084070727 9.440943919508722 3.3068180241040213 9.603253799438985 3.4216671472244498 9.776165387619777 3.5198323186311353 9.957969677000053 3.600343302772683 10.146869767697451 3.662404352868717 10.340998627025836 3.705402075835956 10.53843754269476 3.72891149488422 10.737235086794858 3.732700249861468 16.179788086794858 3.5657092498614675
4 0.0 0.168438 1.645954 -1.83264 5.00949 -0.701338 5.579899 -1.275284 2.0 round 4.0 1 15 1.5446149594160525 1.4389357871480717 2.3149036324750076 0.5024529223125612 4.371901935121253 1.1943100315512618 4.566631291552303 1.2490148307339772 4.765890222055553 1.2837713542133682 4.96764069944977 1.2982241110741863 5.169819212926594 1.292225278023133 5.370357873709916 1.2658362113305788 5.56720556549327 1.2193268192765239 5.758348923327825 1.1531728015194442 5.941832926388189 1.0680507836238562 6.115780893992529 0.9648313965108146 6.278413680357003 0.8445703716149668 6.428067871759913 0.7084977428271986 6.998476871759912 0.1345517428271985
10 0.0 0.0 0.930209 4.407772 1.860418 -3.750929 2.790627 -1.215804 3.720836 4.785555 4.651045 -2.856611 5.581254 -2.354634 6.511463 4.860359 7.441672 -1.781438 8.371881 -3.34439 1.0 round 1.0 1 95 -0.9784486670690565 0.20649020778425928 -0.04823966706905658 4.614262207784259 -0.023568648932304814 4.708285221667808 0.010114601119229683 4.799468690244165 0.05249181051809093 4.886951022170189 0.10316255759426851 4.969905598092146 0.1616480551540631 5.04754858136065 0.22739567453370735 5.1191463244923945 0.2997841673800262 5.18402230139516 0.37812953581760034 5.241563499853575 0.4616914955353017 5.291226213873119 0.5496804707225921 5.332541181150611 0.6412650547605176 5.365118017127267 0.7355798661714433 5.38864890372704 0.8317337255967566 5.402911497925394 0.9288180765383972 5.407771032665494 1.0259155702967366 5.4031815902702744 1.1221087339858529 5.389186536317941 1.2164886397222359 5.365918109881215 1.3081634930718855 5.333596174002155 1.3962670596036788 5.2925261382092845 1.4799668499266208 5.243096072707149 1.5584719858706753 5.185773041506284 1.631040673483739 5.121098689141785 1.6969872122325147 5.049684122681531 1.7556884741774375 4.972204137383885 1.806589791900027 4.889390840566564 1.8492101995477102 4.8020267339346345 1.8831469774735616 4.710937319732646 1.9080794575287197 4.616983300585251 1.9237720530513251 4.521052446729916 2.239149321010469 1.7549334009288793 2.732636253108641 4.938725689898082 2.7525769700779756 5.035503896725832 2.7819714327234415 5.129841689130731 2.820532643696655 5.220817985594839 2.867884104694746 5.307544525081849 2.923563492459334 5.389174539710088 2.987027172740634 5.464911022300703 3.057655508153908 5.534014508079612 3.134758908104189 5.595810294555332 3.2175845617099155 5.649695029080334 3.3053237879875392 5.695142599777235 3.397119931532445 5.731709272312877 3.492076726605502 5.759038022366605 3.589267047961193 5.776862021492034 3.6877419629772707 5.7850072423375405 3.7865399967040867 5.783394157789024 3.8846965193728593 5.772038517445099 3.981253164706499 5.75105119384347 4.075267187075875 5.720637099939885 4.16582066614149 5.681093188409041 4.252029469109614 5.632805552301557 4.333051883098553 5.576245655365206 4.408096833331571 5.511965728836237 4.476431606916916 5.440593379644931 4.537389006802609 5.362825462678992 4.590373866057297 5.27942127693387 4.634868858873936 5.19119515198047 4.670439551559734 5.0990084971333705 4.696738644196193 5.003761390948748 4.713509361555183 4.9063837931692245 5.099876977219841 1.7321665409887876 5.519671916932204 4.9882278685615375 5.5371916204032905 5.085737079898478 5.564273784122733 5.181034208467708 5.600652597024507 5.273183914257388 5.6459710015581805 5.36128174916716 5.699784198203878 5.444463034153859 5.761564011173481 5.521911346044487 5.830704072448749 5.59286653071847 5.906525773275121 5.656632164009947 5.988284924697344 5.712582387101415 6.075179061763878 5.7601680493194545 6.166355319709408 5.798922098041068 6.260918804810832 5.828464162808778 6.3579413777569025 5.848504288661464 6.4564707633228515 5.858845782038323 6.555539896938682 5.859387141323484 6.654176416414681 5.850123053082981 6.751412205662992 5.831144444216022 6.846292896743761 5.8026375895087305 6.937887236973396 5.764882283349664 7.025296229156904 5.718249093551726 7.107661955233045 5.6631957242341535 7.184175996728359 5.600262523462857 7.254087369373409 5.530067179741554 7.316709894003102 5.4532986594075625 7.371428931395796 5.370710444436636 7.417707414948844 5.283113137027691 7.455091121979944 5.191366503553324 7.483213131916546 5.096371035964641 7.501797427616246 4.999059113475085 8.40405614429012 -1.4431697164205501 9.231202777243276 -2.83295468331229
14 1.998659 0.0 1.620185 2.006844 -0.66613 3.088788 -3.340222 1.683239 -3.936876 -1.780886 -1.233441 -4.743781 3.26165 -4.406233 6.057317 -0.254387 4.386265 4.989303 -1.22524 7.119132 -6.815943 3.801459 -7.777924 -3.132271 -2.618222 -8.57469 5.352643 -7.904233 -1.0 mitre 2.0 1 14 2.981336334935672 0.18532472960650823 2.508444449452122 2.6928159787579644 -0.6895603092768445 4.206195395276796 -4.2420049159428705 2.3389690752942274 -5.005429057355428 -2.0934099146576965 -1.6440196415259072 -5.777427895897938 3.820215694745028 -5.367104343096097 7.156987873476948 -0.41166286055207324 5.192468067205446 5.7529166156987 -1.3210460005295983 8.225100308552946 -7.740295738480193 4.415745467872666 -8.834531245956427 -3.4712435321732733 -3.0132881098927045 -9.611451677398094 5.436460470916554 -8.900714124542333
12 0.0 -1.271458 2.481294 0.033747 0.757852 1.953019 3.385367 -0.638919 1.823688 -1.495739 4.400779 -0.850906 17.181199 0.032637 3.196043 0.355503 19.301833 -1.622035 23.023794 -1.637765 3.472457 -1.961818 26.475623 1.20086 2.0 round 5.0 3 35 -0.9310799044090221 0.49859573127645107 -0.7226035292036156 0.6082580313908158 -0.7302399954736687 0.6167622084336506 -0.8554872864786158 0.7710137772092245 -0.9648107451412773 0.9369318647097638 -1.0571313371621647 1.112878841559938 -1.1315378483649414 1.2971180921674952 -1.1872958784783825 1.4878311553060015 -1.2238550897460694 1.6831356725228028 -1.2408546388192583 1.8811039672194827 -1.2381267383195569 2.079782071027292 -1.2156983129184011 2.2772090096851865 -1.1737907335876523 2.4714361580667665 -1.1128176326442862 2.6605464733199353 -1.0333808211549191 2.842673416286116 -0.9362643489958336 3.0160193744425623 -0.8224267661963347 3.178873404531383 -0.6929916619468321 3.329628119753573 -0.5492365746526389 3.4667955548496687 -0.39258038249245253 3.589021852476957 -0.2245692989380772 3.695100625927104 -0.046861611461084474 3.783984866292777 0.1387886859429429 3.8547972765582044 0.3305492048638718 3.906838930615115 0.5265272483477769 3.939596171738626 0.7247884920195178 3.952745682434383 0.9233760760724429 3.9461576756170187 1.1203299196852265 3.919897175622647 1.313706067230466 3.8742233764116687 1.501595875325884 3.809587083296499 1.6821448513498658 3.726626263444626 1.853570957483167 3.626159749074029 2.0141821996139244 3.5091791554910845 2.1623933275015923 3.3768390937408017 3.1994159614867703 2.353857922601427 30 24.92852144838733 -1.0306638325196087 24.935205615455438 -1.0491177063665151 24.983439766454207 -1.238029499927639 25.01305032638527 -1.4307401997074427 25.023755889818688 -1.6254183699798843 25.015454715899587 -1.82021387706518 24.98822569524743 -2.0132754721673054 24.942327600215098 -2.2027683848090605 24.878196625632956 -2.3868917596646106 24.796442243409565 -2.563895771077699 24.697841410385085 -2.732098252616857 24.58333118448325 -2.8899006836277996 24.45399981933478 -3.0358033808540195 24.31107642200483 -3.168419750751249 24.15591927211284 -3.2864894670482165 23.990002913354544 -3.388890448320087 23.814904140102616 -3.4746495217451256 23.632287012262832 -3.5429516717010445 23.443887040797975 -3.5931477853065266 23.251494694213015 -3.624760821297798 23.056938382748562 -3.6374903436140213 3.5056013827485635 -3.9615433436140215 3.3108416669958562 -3.955277426258272 3.1176161093814803 -3.930088291993723 2.9277589329103764 -3.8862150525099097 2.743072385716984 -3.8240741812079495 2.56530963295061 -3.744255559763416 2.3961581145885136 -3.6475168785847822 2.237223527155164 -3.5347764443219365 2.1577952662891198 -3.4658895746433416 2 17.561641744053993 1.994101969421109 26.203208072285364 3.182220670639808
13 13.468835 0.0 12.607062 4.740411 10.13202 8.874214 6.36043 11.872423 1.774924 13.351373 -3.037711 13.121807 -7.461623 11.213103 -10.930706 7.869509 -13.001035 3.51889 -13.407681 -1.282026 -12.098607 -5.918886 -9.241329 -9.798334 -5.201479 -12.423933 1.0 bevel 4.0 1 13 12.484960710050988 -0.17886134735410703 11.65570342287906 4.3826883483777905 9.367433898786913 8.20454487586326 5.880456931590634 10.976501988338525 1.6409840113448737 12.343846939015172 -2.8084781089125133 12.131604535197097 -6.898551315310321 10.366935823580699 -10.105849167654066 7.275657276682447 -12.019946234573917 3.2533462975164382 -12.395905774808744 -1.1852813345419635 -11.185617589137697 -5.472232932855463 -8.54395655823574 -9.058928593204419 -4.656534932442383 -11.58546060138824
4 0.0 0.286252 2.49945 0.970646 1.822139 0.973562 8.486899 -0.23354 -4.0 bevel 4.0 2 3 1.05638519244193 -3.5717332676221334 2.4168191775586823 -3.1992221724571994 7.77402854517359 -4.169504394482702 4 2.5290788954624905 4.876782057362666 2.516670880664631 4.970608929986869 1.839359880664631 4.973524929986869 1.7297189097766517 3.7817524291310973
16 0.0 0.0 1.773753 1.474408 3.547506 1.284784 5.321258 -0.35486 7.095011 -1.594006 8.868764 -1.03414 10.642517 0.692867 12.416269 1.637897 14.190022 0.734379 15.963775 -0.997966 17.737528 -1.603997 19.51128 -0.39974 21.285033 1.255667 23.058786 1.493916 24.832539 0.046115 26.606292 -1.453731 1.0 round 1.0 1 62 -0.6392322125100715 0.7690137700259201 1.1345207874899286 2.24342177002592 1.2144876074084232 2.303396673414414 1.300042428905423 2.3550885861566666 1.3903304154687688 2.3979810191335122 1.4844494383093039 2.4316454048234206 1.581459090144248 2.4557453794125994 1.6803900814470814 2.470040143635028 1.7802539252796052 2.47438686876199 1.8800528139384223 2.4687421237012117 3.653805813938422 2.2791181237012115 3.74409375672127 2.2652702334103925 3.832741434823287 2.2432414830012912 3.919009200680182 2.21321567324493 4.002177263945959 2.1754433297898945 4.081551697190836 2.1302396128573244 4.156470225807361 2.0779816876459245 4.226307753815606 2.0191055773874935 5.9499222341313525 0.42580835152794216 7.263829360722151 -0.49208876283154424 8.341305475205125 -0.1519950506229532 9.944914477044119 1.4093519753941726 10.01537832960735 1.4717746248812424 10.091399723069552 1.5272947961985497 10.172304975479177 1.5754204839294608 11.946056975479177 2.520450483929461 12.032877699105336 2.561483005956293 12.123233867880401 2.5939986741663246 12.216292261859564 2.617697645132831 12.311194742512324 2.6323613786548683 12.407066166052005 2.6378546530270297 12.50302245357937 2.6341268119872003 12.598178743621418 2.621212231843578 12.691657551886694 2.5992300044733456 12.782596862991863 2.5683828391162193 12.870158079541676 2.5289551930899963 14.643911079541677 1.6254371930899967 14.73129152829059 1.5752281527878718 14.813174686443446 1.516479204179948 14.888728924854759 1.4497870186578896 16.500865409442646 -0.12471437944737328 17.588654518747884 -0.4963748765410276 18.88555416251248 0.38413179761692906 20.602735852462676 1.9867419636408252 20.68143718206102 2.052957466873006 20.76652358492092 2.1107389188900743 20.857094983706393 2.1594750848336637 20.952193278643616 2.1986504144285925 21.050812482676058 2.227850495675845 21.151909363190054 2.24676643866521 22.925662363190057 2.48501543866521 23.02753143690588 2.4934274568056716 23.12972706049188 2.4913965090508223 23.231181486895753 2.478943814885436 23.33083471314539 2.456199480932692 23.427645555334394 2.4234011415910386 23.52060252698466 2.380891476213309 23.608734407128118 2.329114628768777 23.691120387691623 2.2686115673957765 25.464873387691622 0.8208105673957767 25.47822482659992 0.8097181779189895 27.25197782659992 -0.6901278220810106
5 13.271959 0.0 8.950054 9.800073 -1.200874 13.217518 -10.569693 8.026611 -13.054644 -2.391896 1.0 bevel 10.0 1 5 12.356984088842696 -0.40351073337977306 8.213030328337348 8.993051514419959 -1.1019837828129435 12.129074979376071 -9.69929448230343 7.365631444907099 -12.081929458378333 -2.6239012165744384
9 0.0 -0.449857 2.996864 -1.279523 2.032724 1.458863 1.714774 -0.050873 8.197274 -0.192903 11.629322 -1.771265 3.53644 -1.340833 11.633559 0.597619 16.89153 -0.936882 2.0 bevel 10.0 2 5 3.997895471974284 1.8995843431186983 8.105778570027033 1.8095816224991175 11.167916245314093 2.5426580291735843 12.19387064794555 2.5175280752367786 17.45184164794555 0.9830270752367785 4 12.056295189512419 -1.60918551258839 11.523099152574135 -3.768442184599489 3.430217152574135 -3.338010184599489 3.33332341471309 -2.2752530676640372
14 7.147689 0.0 6.809519 2.172533 5.82701 4.139493 4.29313 5.714761 2.353019 6.749278 0.190257 7.145156 -1.990508 6.864935 -3.982923 5.93513 -5.598461 4.443724 -6.684254 2.531837 -7.13756 0.380379 -6.915486 -1.807072 -6.039045 -3.823531 -4.591169 -5.478195 -1.0 mitre 10.0 1 14 8.135790237881864 0.15380488840192968 7.773679499159848 2.4801423208411033 6.652057069904705 4.725604147091747 4.900994786278183 6.5239145634240465 2.6861830883446896 7.704909028849511 0.217195545790846 8.156839407860762 -2.272344335517592 7.836941869574824 -4.5468656016169895 6.775485674040485 -6.391147683204528 5.072911446648654 -7.630678252528291 2.8903201225263735 -8.148167890134747 0.43423698939883354 -7.8946504073541535 -2.062935445131506 -6.894113982578618 -4.364905205293855 -5.343735551833273 -6.136711199543927
16 0.0 0.0 1.65825 0.879283 3.316501 -0.388365 4.974751 -0.707749 6.633001 0.700966 8.291252 0.398143 9.949502 -0.87682 11.607752 -0.010866 13.266002 0.881619 14.924253 -0.378531 16.582503 -0.714428 18.240753 0.694082 19.899004 0.407863 21.557254 -0.874229 23.215504 -0.021731 24.873755 0.883827 -2.0 round 2.0 1 70 0.9369287447753994 -1.7669647781474294 1.4623154328769776 -1.4883797739116265 2.1018585465803383 -1.977277744725356 2.2537861059116597 -2.0826604446857275 2.4147965557360322 -2.173562214650137 2.5835137599965283 -2.249206128627614 2.7584957139756843 -2.308945667602619 2.938246868928401 -2.352270245251733 4.596496868928401 -2.671654245251733 4.793230042033254 -2.6994945012673766 4.9917547825775515 -2.7076767165382893 5.1901116999484005 -2.6961201346018218 5.386343059906566 -2.66493881609395 5.578512106944379 -2.614440512998707 5.764722179588704 -2.545123631211401 5.94313542998559 -2.4576723113943837 6.111990963008893 -2.3529496766761113 6.269622215864302 -2.231989313837062 7.2057778611668155 -1.436707239437948 7.455870269366931 -1.4823780898269325 8.730449296327786 -2.462351616105293 8.885882179612375 -2.570547509866506 9.050851938922246 -2.6635567091222336 9.223879383937417 -2.740545253104248 9.40341307563762 -2.8008228291789847 9.58784323717657 -2.843848962489629 9.775516187838466 -2.8692378620877927 9.96474917065559 -2.8767618801022694 10.15384544073618 -2.8663535529284494 10.341109479014085 -2.8381062061362266 10.524862195007145 -2.7922731176725106 10.703455982269762 -2.7292652468614476 10.87528949154597 -2.649647549565107 12.53353949154597 -1.7836935495651072 12.55560678154737 -1.7719938525699905 13.080589208030775 -1.48944360930146 13.714159972210703 -1.9709112511007643 13.862167290495623 -2.0732209261123216 14.018770449680984 -2.161814867214575 14.182702004184172 -2.2359760518399066 14.352635197088624 -2.2951042668997474 14.527194698063802 -2.338720966524557 16.1854446980638 -2.674617966524557 16.384005268226613 -2.7045532851217233 16.584566815781724 -2.7144269351658212 16.78510755882343 -2.7041393842826458 16.98360592516813 -2.6737943372176134 17.178060931026664 -2.623697690429102 17.366512352133153 -2.554354448466827 17.54706048399319 -2.4664636332200347 17.717885292056014 -2.360911237353369 17.87726475876544 -2.2387612929640497 18.822480828369095 -1.4358990670044864 19.06895742874707 -1.478441653189318 20.333930684444066 -2.456467940747331 20.4885498691507 -2.564753025474243 20.652689271132214 -2.657978604425562 20.82488670574356 -2.735314206620992 21.0036082058704 -2.796070911979912 21.1872616867965 -2.8397074883509466 21.374211128793632 -2.865835212909703 21.56279115109284 -2.874221334974756 21.751321847409326 -2.8647911493944647 21.938123750863433 -2.8376286620345095 22.121532794987274 -2.7929758414378463 22.299915137541596 -2.7312304633234463 22.471681715089577 -2.652942567125425 24.129931715089576 -1.8004445671254252 24.17407083335422 -1.77705137702331 25.83232183335422 -0.8714933770233101
13 1.54407 0.0 1.451114 0.739347 1.007011 1.385928 0.281315 1.775536 -0.581511 1.790141 -1.390585 1.390833 -1.950832 0.634094 -2.109581 -0.333855 -1.796505 -1.304846 -1.046737 -2.053522 -0.000426 -2.389448 1.122733 -2.204558 2.069567 -1.504306 -1.0 bevel 2.0 1 24 2.536258824649836 0.12474508503334726 2.443302824649836 0.8640920850333472 2.275406663916205 1.305510937578089 1.8313036639162052 1.952091937578089 1.4800267905597964 2.2669819494725005 0.7543307905597961 2.6565899494725005 0.29823951100090057 2.7753927702063033 -0.5645864889990995 2.7899977702063032 -1.0240821568271103 2.6868743891100038 -1.8331561568271102 2.2875663891100038 -2.194294770116855 1.9858545167695303 -2.754541770116855 1.2291155167695305 -2.93764845926419 0.7959373678755088 -3.09639745926419 -0.17201163212449117 -3.0613316800953037 -0.640727356099611 -2.748255680095304 -1.611718356099611 -2.503096285273304 -2.012467901565957 -1.7533282852733039 -2.7611439015659567 -1.3524259437820092 -3.0056534350705157 -0.30611494378200915 -3.3415794350705155 0.16200396293093064 -3.376168075372066 1.2851629629309307 -3.1912780753720664 1.7173536754826493 -3.0085643757760616 2.6641876754826495 -2.3083123757760617
5 10.106958 0.0 9.746463 2.675265 8.690697 5.159687 7.014973 7.276039 4.83883 8.873349 2.0 bevel 2.0 1 5 8.124872270973501 -0.2670883052278591 7.800367597207448 2.141089328477846 6.955408344899301 4.129442197899584 5.614279356782755 5.82321815161179 3.655393681485567 7.261059174931005
8 6.80695 0.0 6.064829 3.090697 4.000287 5.507474 1.06349 6.723359 -2.105198 6.47323 -4.814853 4.811627 -6.474639 2.10086 -6.722645 -1.067995 2.0 mitre 5.0 1 8 4.862225914356023 -0.4669563477630429 4.232227661219213 2.156785213215801 2.791525520173858 3.843287981543678 0.7421366079168081 4.691770609924075 -1.4690729707396422 4.517222771607472 -3.359955290005324 3.35770403791672 -4.51820600191013 1.4660458316431062 -4.72874219546426 -1.2240450114210626
15 0.778643 0.0 0.858493 0.391162 0.727149 0.836241 0.361803 1.220437 -0.199671 1.423768 -0.860507 1.351822 -1.481699 0.963156 -1.910626 0.28655 -2.015874 -0.57676 -1.720647 -1.467604 -1.02701 -2.19821 -0.024706 -2.590935 1.118671 -2.518552 2.185536 -1.937325 2.949601 -0.905104 0.5 mitre 5.0 1 15 0.2887461291453599 0.100005279494795 0.34368143426194875 0.36911741249435825 0.2817238102871746 0.5790701878100829 0.08071014599132825 0.7904551373313776 -0.2608624473696998 0.9141515097024779 -0.6924576878237704 0.8671632233958777 -1.1202135063802867 0.5995259341598814 -1.4279487256153305 0.11409252533799309 -1.5059758702735022 -0.5259349740429526 -1.2811571925312946 -1.2043226897822958 -0.7410076614600245 -1.773260748590947 0.05441539599036168 -2.084925193946052 0.9766417966917287 -2.0265424264406997 1.8493578961866322 -1.5510875559921196 2.5477212822053223 -0.6076267867125447
19 2.811396 0.0 2.348784 1.747537 0.874662 2.915365 -1.07815 2.970301 -2.735029 1.803445 -3.386815 -0.192289 -2.691578 -2.250464 -0.843115 -3.525198 1.47361 -3.438315 3.335144 -1.937272 3.947611 0.449707 2.983477 2.796674 0.74481 4.139012 -1.92486 3.869331 -3.95761 2.007925 -4.488258 -0.771109 -3.220744 -3.381936 -0.579298 -4.75118 2.42888 -4.258573 2.0 bevel 5.0 1 10 0.8779933927636536 -0.5118147695521296 0.5855685428892335 0.5928328506457792 0.15384631508888447 0.9348515613411124 -0.46999190171700467 0.9524012160331403 -1.040148461648021 0.55086881511861 -1.2793838135845255 -0.18165708427420865 -1.0093358190069677 -0.9811053749141846 -0.2544126535383934 -1.5017142409885489 0.7351083433437821 -1.4646047209669173 1.159117475080352 -1.1227060829999203
4 0.0 0.0 0.0 1.0 -1.0 0.0 1.0 2.0 -0.3 mitre 4.0 2 3 0.3 0.0 0.3 0.8757359312880715 1.2121320343559643 1.7878679656440357 3 -1.2121320343559643 0.21213203435596423 -0.7878679656440357 -0.21213203435596423 -0.3 0.2757359312880715
7 0.0 0.0 -1.0 0.0 0.0 -1.0 -1.0 1.0 -3.0 2.0 -1.0 4.0 -3.0 5.0 -0.1 bevel 4.0 2 8 0.0 0.1 -0.4381966011250105 0.1 -0.9105572809000084 1.0447213595499958 -0.9552786404500042 1.0894427190999916 -2.831183496591801 2.02739514717089 -0.9292893218813453 3.9292893218813454 -0.9552786404500042 4.089442719099992 -2.955278640450004 5.089442719099992 6 -0.6618033988749895 0.1 -1.0 0.1 -1.0707106781186548 -0.07071067811865475 -0.07071067811865475 -1.0707106781186548 0.08944271909999159 -0.9552786404500042 -0.33819660112501054 -0.1
6 0.0 0.0 -2.0 2.0 -3.0 2.0 -1.0 4.0 -3.0 5.0 -3.0 7.0 -0.3 bevel 2.0 1 8 0.21213203435596423 0.21213203435596423 -1.7878679656440357 2.2121320343559643 -2.0 2.3 -2.2757359312880716 2.3 -0.7878679656440357 3.7878679656440357 -0.8658359213500126 4.268328157299974 -2.7 5.185410196624968 -2.7 7.0
2 0.0 0.0 -2.0 2.0 -0.3 bevel 4.0 1 2 0.21213203435596423 0.21213203435596423 -1.7878679656440357 2.2121320343559643
6 0.0 0.0 1.0 1.0 1.0 -1.0 -1.0 -2.0 0.0 -3.0 -1.0 -1.0 -0.1 round 2.0 2 5 0.07071067811865475 -0.07071067811865475 0.9 0.7585786437626905 0.9 -0.9381966011250105 -0.5552786404500042 -1.6658359213500127 -0.9105572809000084 -0.9552786404500042 52 -0.7341640786499873 -1.7552786404500043 -1.0447213595499958 -1.9105572809000084 -1.0533941481604856 -1.9154478566669295 -1.0615376139172827 -1.9211766400527899 -1.0690710265778072 -1.9276868387671522 -1.07591970366046 -1.9349139139592189 -1.082015750809355 -1.9427862200236885 -1.087298734864975 -1.9512257148594179 -1.0917162829682578 -1.9601487335397425 -1.0952246017589027 -1.9694668177246726 -1.097788911520819 -1.9790875925925915 -1.0993837909708193 -1.9889156825979895 -1.0999934292724944 -1.998853656976874 -1.09961178277693 -2.0088029956265863 -1.0982426349364163 -2.0186650657847762 -1.095899558797196 -2.0283420998252275 -1.0926057824430788 -2.03773816447716 -1.0883939587238478 -2.046760111859647 -1.0833058415512544 -2.055318502903073 -1.0773918719716398 -2.0633284940032945 -1.0707106781186548 -2.0707106781186546 -0.07071067811865475 -3.0707106781186546 -0.06351187344944242 -3.0772414521545395 -0.05571304798884317 -3.0830424968542784 -0.047387880203112395 -3.0880590075452563 -0.038615021114364906 -3.0922435913456168 -0.029477351254495906 -3.095556714902821 -0.02006119766131694 -3.097967077880243 -0.010455518314241108 -3.0994519086633363 -0.0007510617144635843 -3.099997179491729 0.008960490450596728 -3.099597738984802 0.018587389459020685 -3.0982573608087387 0.028038686339412755 -3.0959887080252675 0.03722509110037752 -3.0928132134589066 0.04605981628698241 -3.088760877212933 0.054459396894807936 -3.0838699832470104 0.0623444788955457 -3.07818673769408 0.06964056892464397 -3.071764832333476 0.07627873804841645 -3.0646649373442907 0.08219627296185922 -3.0569541281311507 0.08733726846506268 -3.048705251637391 0.09165315562086891 -3.0399962381323142 0.09510316060406832 -3.0309093649743373 0.09765468990721289 -3.0215304793055355 0.09928363826386083 -3.011948187021085 0.09997461638018407 -3.002253015675718 0.09972109632347223 -2.9925365592355284 0.09852547319399238 -2.982890612754985 0.0963990424975671 -2.9734063051541866 0.09336189343264074 -2.9641732382893426 0.08944271909999159 -2.955278640450004 -0.46583592135001256 -1.8447213595499958
7 0.0 0.0 -2.0 -2.0 0.0 -3.0 -2.0 -2.0 -4.0 -2.0 -6.0 -2.0 -6.0 -4.0 -0.5 bevel 5.0 2 5 -0.35355339059327373 0.35355339059327373 -2.2071067811865475 -1.5 -6.0 -1.5 -6.5 -2.0 -6.5 -4.0 4 -2.118033988749895 -2.5 -0.22360679774997896 -3.447213595499958 0.22360679774997896 -2.552786404500042 -1.1559174829590033 -1.863024264145551
7 0.0 0.0 0.0 -2.0 -1.0 0.0 1.0 -1.0 3.0 -2.0 2.0 -4.0 2.0 -5.0 -4.0 mitre 2.0 0
5 0.0 0.0 2.0 -1.0 0.0 -3.0 1.0 -5.0 2.0 -4.0 -1.0 bevel 2.0 1 7 -0.4472135954999579 -0.8944271909999159 0.31183496591800686 -1.2739514717088982 -0.7071067811865475 -2.2928932188134525 -0.8944271909999159 -3.447213595499958 0.10557280900008414 -5.447213595499958 1.7071067811865475 -5.707106781186548 2.7071067811865475 -4.707106781186548
4 0.0 0.0 -2.0 -1.0 -4.0 1.0 -2.0 2.0 0.5 mitre 10.0 1 4 0.22360679774997896 -0.4472135954999579 -2.098726524541067 -1.6083802566454808 -4.844082517040997 1.136975735854449 -2.223606797749979 2.447213595499958
8 0.0 0.0 0.0 2.0 -1.0 1.0 1.0 2.0 -1.0 3.0 1.0 4.0 1.0 5.0 2.0 4.0 1.0 mitre 2.0 1 7 -1.3548317007486597 2.059381861624435 -3.0 2.881966011250105 -3.0 3.118033988749895 0.0 4.618033988749895 0.0 6.750570838211694 0.46926627053964093 6.944947291833454 2.7071067811865475 4.707106781186548
3 0.0 0.0 0.0 -2.0 -1.0 -3.0 -1.0 round 1.0 1 3 -1.0 0.0 -1.0 -1.585786437626905 -1.7071067811865475 -2.2928932188134525
7 0.0 0.0 2.0 -1.0 2.0 1.0 4.0 3.0 2.0 5.0 1.0 5.0 0.0 4.0 -0.5 round 2.0 1 60 -0.22360679774997896 -0.4472135954999579 1.776393202250021 -1.4472135954999579 1.8206992476619528 -1.466745369779937 1.8666867869088608 -1.481899976359531 1.9139245459290306 -1.4925352943764298 1.9619695260203662 -1.4985515851432871 2.010371158310335 -1.49989242750346 2.058675529219451 -1.496545246952196 2.1064296372916296 -1.4885414335611382 2.1531856414705954 -1.4759560476002402 2.1985050609817276 -1.4589071156177909 2.241962887432597 -1.4375545235799536 2.2831515705686414 -1.412098517450029 2.3216848403053176 -1.382777825269101 2.357201329193473 -1.3498674183493173 2.3893679613462147 -1.3136759325754728 2.417883076045719 -1.2745427739980932 2.4424792567365845 -1.2328349358619528 2.4629258388752655 -1.1889435569201336 2.4790310731167966 -1.143280253309974 2.4906439235523217 -1.09627325839081 2.497655484133432 -1.0483634067443517 2.5 -1.0 2.5 0.7928932188134523 4.353553390593274 2.646446609406726 4.386505226681368 2.682803357918177 4.4157348061512725 2.722214883490199 4.4409606321741775 2.764301631587001 4.461939766255643 2.808658283817455 4.478470167866105 2.854857661372769 4.490392640201615 2.902454838991936 4.497592363336098 2.9509914298352196 4.5 3.0 4.497592363336098 3.0490085701647804 4.490392640201615 3.097545161008064 4.478470167866105 3.145142338627231 4.461939766255643 3.191341716182545 4.4409606321741775 3.235698368412999 4.4157348061512725 3.277785116509801 4.386505226681368 3.317196642081823 4.353553390593274 3.353553390593274 2.353553390593274 5.353553390593274 2.317196642081823 5.386505226681368 2.277785116509801 5.4157348061512725 2.235698368412999 5.4409606321741775 2.191341716182545 5.461939766255643 2.145142338627231 5.478470167866105 2.097545161008064 5.490392640201615 2.0490085701647804 5.497592363336098 2.0 5.5 1.0 5.5 0.9509914298352198 5.497592363336098 0.902454838991936 5.490392640201615 0.854857661372769 5.478470167866105 0.8086582838174552 5.461939766255643 0.7643016315870014 5.4409606321741775 0.722214883490199 5.4157348061512725 0.6828033579181775 5.386505226681368 0.6464466094067263 5.353553390593274 -0.35355339059327373 4.353553390593274
3 0.0 0.0 -2.0 -2.0 -4.0 -1.0 -1.0 mitre 5.0 1 3 -0.7071067811865475 0.7071067811865475 -2.1974530490821333 -0.7832394867090385 -3.552786404500042 -0.10557280900008414
5 0.0 0.0 1.0 -2.0 -1.0 0.0 -1.0 1.0 -3.0 3.0 -0.1 bevel 4.0 1 6 -0.08944271909999159 -0.044721359549995794 0.6349718460127113 -1.4935504897754017 -0.9 0.0414213562373095 -0.9 1.0 -0.9292893218813453 1.0707106781186548 -2.9292893218813454 3.0707106781186546
5 0.0 0.0 0.0 2.0 2.0 0.0 4.0 2.0 3.0 4.0 0.3 bevel 2.0 1 6 -0.3 0.0 -0.3 2.0 0.21213203435596423 2.2121320343559643 2.0 0.4242640687119285 3.6349718460127116 2.05923591472464 2.7316718427000253 3.865835921350013
8 0.0 0.0 1.0 1.0 -1.0 3.0 0.0 1.0 -1.0 3.0 0.0 1.0 2.0 3.0 0.0 4.0 0.5 mitre 1.0 2 2 -0.35355339059327373 0.35355339059327373 -0.1838179611678945 0.523288820018653 3 0.5 2.2071067811865475 1.1559174829590033 2.863024264145551 -0.22360679774997896 3.552786404500042
2 0.0 0.0 0.0 1.0 0.1 round 2.0 1 2 -0.1 0.0 -0.1 1.0
7 0.0 0.0 -1.0 2.0 0.0 0.0 -2.0 1.0 -3.0 0.0 -1.0 -1.0 1.0 -2.0 -1.0 bevel 5.0 1 8 0.8944271909999159 0.4472135954999579 -0.10557280900008414 2.447213595499958 -1.3819660112501053 1.8090169943749472 -1.5527864045000421 1.8944271909999157 -2.7071067811865475 1.7071067811865475 -3.7071067811865475 0.7071067811865475 -3.447213595499958 -0.8944271909999159 0.5527864045000421 -2.8944271909999157
7 0.0 0.0 -1.0 0.0 1.0 -2.0 -1.0 0.0 -1.0 -2.0 -1.0 0.0 -3.0 -2.0 -4.0 bevel 1.0 1 5 0.0 4.0 -1.0 4.0 -1.82842712474619 2.0 -3.82842712474619 2.82842712474619 -5.82842712474619 0.8284271247461898
3 0.0 0.0 2.0 0.0 2.0 1.0 -2.0 bevel 5.0 1 4 0.0 -2.0 2.0 -2.0 4.0 0.0 4.0 1.0
3 0.0 0.0 -2.0 2.0 -2.0 0.0 1.0 round 5.0 1 2 -0.7071067811865475 -0.7071067811865475 -1.0643701282351 -0.349843434137995
5 0.0 0.0 1.0 0.0 3.0 1.0 4.0 1.0 3.0 2.0 -0.3 round 1.0 1 34 0.0 -0.3 1.0 -0.3 1.0277790057126224 -0.29871110933746353 1.0553193174180613 -0.29485551227745393 1.082384292112313 -0.2884663384402989 1.1087413711742766 -0.27959848746933197 1.1341640786499874 -0.2683281572999747 3.0708203932499365 0.7 4.0 0.7 4.029405142098868 0.701444581998341 4.058527096604839 0.7057644158790308 4.087085403176339 0.7129178992803373 4.114805029709527 0.722836140246614 4.141419021047799 0.7354236206954936 4.166671069905881 0.7505591163092364 4.190317985249094 0.7680968639911789 4.212132034355965 0.7878679656440358 4.231903136008821 0.8096820147509065 4.249440883690764 0.8333289300941195 4.264576379304507 0.8585809789522009 4.2771638597533865 0.8851949702904732 4.287082100719663 0.9129145968236615 4.294235584120969 0.9414729033951618 4.298555418001659 0.9705948579011321 4.3 1.0000000000000002 4.298555418001659 1.0294051420988684 4.294235584120969 1.0585270966048388 4.287082100719663 1.087085403176339 4.277163859753386 1.114805029709527 4.264576379304506 1.1414190210477995 4.249440883690763 1.1666710699058809 4.231903136008821 1.190317985249094 4.212132034355964 1.2121320343559643 3.2121320343559643 2.2121320343559643
8 0.0 0.0 -1.0 1.0 -3.0 2.0 -3.0 3.0 -5.0 5.0 -3.0 3.0 -1.0 5.0 -2.0 3.0 1.0 bevel 5.0 1 11 -0.7071067811865475 -0.7071067811865475 -1.5923591472464003 0.17814558487330537 -3.447213595499958 1.1055728090000843 -4.0 2.0 -4.0 2.585786437626905 -5.707106781186548 4.292893218813452 -4.292893218813452 5.707106781186548 -3.0 4.414213562373095 -1.7071067811865475 5.707106781186548 -0.10557280900008414 4.552786404500042 -1.1055728090000843 2.552786404500042
6 0.0 0.0 1.0 -1.0 2.0 0.0 3.0 2.0 5.0 4.0 6.0 3.0 -4.0 bevel 1.0 1 6 -2.82842712474619 -2.82842712474619 -1.8284271247461898 -3.82842712474619 3.82842712474619 -3.82842712474619 4.82842712474619 -2.82842712474619 5.577708763999663 -1.7888543819998317 5.972803982336617 -0.9986639453259232
2 0.0 0.0 0.0 -1.0 4.0 round 5.0 1 2 4.0 0.0 4.0 -1.0
3 0.0 0.0 0.0 -1.0 -1.0 1.0 1.0 round 2.0 1 30 1.0 0.0 1.0 -1.0 0.9950853822599668 -1.0990206140787653 0.9803898359749285 -1.1970679312243697 0.9560578071298288 -1.2931782212684002 0.9223284609658943 -1.3864067935379565 0.8795333311691585 -1.4758372824427308 0.828093061147794 -1.560590654648181 0.7685132694289988 -1.6398338493011693 0.7013795798154302 -1.7127879663812589 0.6273518651509457 -1.7787359226924297 0.5471577612750336 -1.8370295002426698 0.46158551491880334 -1.8870957177312622 0.3714762358422482 -1.9284424625169156 0.2777156293683511 -1.9606633277087977 0.18122529057689765 -1.9834416068355654 0.08295364572942042 -1.9965534068278519 -0.016133370035861305 -1.9998698487159645 -0.1150618071079735 -1.99335833441163 -0.21285927458325943 -1.9770828671222767 -0.3085644981245504 -1.9512034222484402 -0.4012367685529867 -1.9159743749478788 -0.48996518830005487 -1.8717419998222478 -0.5738776248342864 -1.8189410673025002 -0.6521492830572808 -1.758090570187939 -0.7240108124089488 -1.6897886223437828 -0.7887558689953347 -1.6147065796991393 -0.8457480584090813 -1.5335824413314865 -0.8944271909999159 -1.4472135954999579 -1.8944271909999157 0.5527864045000421
6 0.0 0.0 0.0 1.0 -1.0 0.0 1.0 2.0 2.0 1.0 4.0 3.0 0.1 round 10.0 1 56 -0.1 0.0 -0.1 0.7585786437626905 -0.9292893218813453 -0.07071067811865475 -0.9365606715836354 -0.07730104533627369 -0.9444429766980398 -0.08314696123025456 -0.9528603263174003 -0.08819212643483551 -0.961731656763491 -0.09238795325112867 -0.9709715322745538 -0.0956940335732209 -0.9804909677983872 -0.09807852804032305 -0.990198285967044 -0.09951847266721969 -1.0 -0.1 -1.009801714032956 -0.09951847266721969 -1.0195090322016127 -0.09807852804032306 -1.0290284677254462 -0.09569403357322089 -1.038268343236509 -0.0923879532511287 -1.0471396736825997 -0.0881921264348355 -1.0555570233019602 -0.08314696123025453 -1.0634393284163646 -0.07730104533627373 -1.0707106781186548 -0.07071067811865477 -1.0773010453362737 -0.06343932841636456 -1.0831469612302544 -0.055557023301960266 -1.0881921264348355 -0.0471396736825998 -1.0923879532511287 -0.03826834323650901 -1.0956940335732208 -0.029028467725446302 -1.0980785280403231 -0.01950903220161288 -1.0995184726672198 -0.009801714032956104 -1.1 -7.6571373978539e-17 -1.0995184726672198 0.009801714032955995 -1.0980785280403231 0.019509032201612774 -1.0956940335732208 0.029028467725446195 -1.0923879532511287 0.038268343236508906 -1.0881921264348355 0.047139673682599706 -1.0831469612302547 0.055557023301960176 -1.0773010453362737 0.06343932841636449 -1.0707106781186548 0.07071067811865475 -0.07071067811865475 1.0707106781186548 -0.07071067811865342 1.070710678118656 0.9292893218813453 2.0707106781186546 0.9365606715836354 2.0773010453362737 0.9444429766980398 2.0831469612302547 0.9528603263174001 2.0881921264348353 0.961731656763491 2.0923879532511287 0.9709715322745538 2.095694033573221 0.9804909677983872 2.098078528040323 0.990198285967044 2.09951847266722 1.0 2.1 1.009801714032956 2.09951847266722 1.019509032201613 2.098078528040323 1.0290284677254462 2.095694033573221 1.038268343236509 2.0923879532511287 1.0471396736826 2.0881921264348353 1.0555570233019604 2.0831469612302547 1.0634393284163646 2.0773010453362737 1.0707106781186548 2.0707106781186546 2.0 1.1414213562373094 3.9292893218813454 3.0707106781186546
5 0.0 0.0 0.0 -2.0 -1.0 -1.0 -1.0 0.0 -1.0 2.0 -0.1 mitre 1.0 1 4 -0.1 0.0 -0.1 -1.7585786437626905 -0.9 -0.9585786437626905 -0.9 2.0
6 0.0 0.0 -2.0 0.0 -1.0 1.0 0.0 2.0 -2.0 3.0 0.0 5.0 -0.3 bevel 1.0 1 6 0.0 0.3 -1.2757359312880714 0.3 0.21213203435596423 1.7878679656440357 0.13416407864998736 2.2683281572999747 -1.4935504897754022 3.0821854415126695 0.21213203435596423 4.787867965644036
7 0.0 0.0 -1.0 0.0 -2.0 -2.0 -3.0 0.0 -5.0 0.0 -5.0 1.0 -4.0 2.0 -0.3 bevel 4.0 1 9 0.0 0.3 -1.0 0.3 -1.2683281572999747 0.13416407864998736 -2.0 -1.3291796067500632 -2.7316718427000253 0.13416407864998736 -3.0 0.3 -4.7 0.3 -4.7 0.8757359312880717 -3.7878679656440357 1.7878679656440357
5 0.0 0.0 -1.0 1.0 -3.0 -1.0 -1.0 -2.0 1.0 -2.0 0.1 bevel 1.0 1 5 -0.07071067811865475 -0.07071067811865475 -1.0 0.8585786437626906 -2.831183496591801 -0.9726048528291101 -0.9763932022500212 -1.9 1.0 -1.9
7 0.0 0.0 2.0 2.0 0.0 0.0 1.0 1.0 0.0 0.0 -1.0 1.0 0.0 3.0 -0.5 mitre 2.0 1 8 0.35355339059 -0.35355339059 1.35355339059 0.64644660941 2.35355339059 1.64644660941 1.64644660941 2.35355339059 0.64644660941 1.35355339059 0.0 0.70710678119 -0.39161974335 1.09872652454 0.4472135955 2.77639320225
5 0.0 0.0 2.0 1.0 0.0 0.0 2.0 -2.0 1.0 -1.0 -0.5 mitre 4.0 1 10 0.84408251704 -0.13697573585 2.22360679775 0.5527864045 1.77639320225 1.4472135955 -0.22360679775 0.4472135955 -0.22360679781 0.44721359547 -0.84408251704 0.13697573585 0.64644660941 -1.35355339059 1.64644660941 -2.35355339059 2.35355339059 -1.64644660941 1.35355339059 -0.64644660941
3 0.0 0.0 2.0 2.0 3.0 4.0 -0.1 mitre 1.0 1 4 0.07071067811865475 -0.07071067811865475 2.0764107770156888 1.934989420778379 2.0858376600194237 1.9480685222888683 3.0894427190999916 3.955278640450004
6 0.0 0.0 1.0 -1.0 3.0 -1.0 1.0 -3.0 -1.0 -5.0 -3.0 -5.0 2.0 round 4.0 1 37 1.414213562373095 1.414213562373095 1.8284271247461898 1.0 3.0 1.0 3.1960342806591218 0.9903694533443936 3.390180644032257 0.9615705608064609 3.5805693545089246 0.9138806714644179 3.7653668647301797 0.8477590650225735 3.942793473651996 0.7638425286967099 4.111140466039204 0.6629392246050905 4.268786568327291 0.546020906725474 4.414213562373095 0.4142135623730949 4.546020906725474 0.268786568327291 4.662939224605091 0.11114046603920436 4.76384252869671 -0.057206526348004494 4.847759065022574 -0.23463313526982044 4.913880671464418 -0.41943064549107545 4.961570560806461 -0.6098193559677435 4.990369453344394 -0.8039657193408786 5.0 -1.0 4.990369453344394 -1.1960342806591213 4.961570560806461 -1.3901806440322564 4.913880671464418 -1.5805693545089246 4.847759065022574 -1.7653668647301797 4.76384252869671 -1.9427934736519954 4.662939224605091 -2.1111404660392044 4.546020906725474 -2.2687865683272905 4.414213562373095 -2.414213562373095 0.4142135623730949 -6.414213562373095 0.268786568327291 -6.546020906725474 0.11114046603920458 -6.662939224605091 -0.05720652634800438 -6.76384252869671 -0.23463313526982033 -6.847759065022574 -0.41943064549107534 -6.913880671464418 -0.6098193559677434 -6.961570560806461 -0.8039657193408785 -6.990369453344393 -1.0 -7.0 -3.0 -7.0
6 0.0 0.0 0.0 1.0 2.0 1.0 0.0 -1.0 1.0 -1.0 0.0 -2.0 0.3 mitre 4.0 1 6 -0.3 0.0 -0.3 1.3 2.724264068711929 1.3 0.7242640687119286 -0.7 1.7242640687119286 -0.7 0.21213203435596423 -2.2121320343559643
2 0.0 0.0 0.0 -2.0 2.0 mitre 1.0 1 2 2.0 0.0 2.0 -2.0
5 0.0 0.0 2.0 2.0 0.0 1.0 -1.0 2.0 -2.0 1.0 -4.0 mitre 2.0 1 6 2.82842712474619 -2.82842712474619 10.100290735417106 4.443436485924726 6.879584227391868 8.911928068695513 0.7898121963285339 5.867042053163845 -1.0 7.65685424949238 -4.82842712474619 3.82842712474619
5 0.0 0.0 -1.0 1.0 -3.0 2.0 -2.0 1.0 -3.0 2.0 -1.0 mitre 5.0 1 7 0.7071067811865475 0.7071067811865475 -0.4076408527535995 1.8218544151266944 -6.938278862989518 5.087173420244653 -7.17414298876609 4.759929426392995 -3.7071067811865475 1.2928932188134525 -2.7071067811865475 0.29289321881345254 -2.4120226591665963 0.5879773408334035
5 0.0 0.0 1.0 1.0 2.0 -1.0 0.0 -3.0 -2.0 -4.0 -0.5 mitre 5.0 1 5 0.35355339059327373 -0.35355339059327373 0.8630242641455509 0.15591748295900346 1.3916197433545192 -0.9012734754589332 -0.29617957362320063 -2.589072792436653 -2.223606797749979 -3.552786404500042
4 0.0 0.0 0.0 -1.0 -2.0 1.0 0.0 1.0 -0.5 mitre 10.0 1 3 -0.46781493588245004 0.1749217170689975 -0.7928932188134525 0.5 0.0 0.5
7 0.0 0.0 2.0 -2.0 0.0 -4.0 1.0 -4.0 1.0 -3.0 1.0 -5.0 3.0 -5.0 -2.0 mitre 5.0 1 6 -1.414213562373095 -1.414213562373095 -0.8284271247461898 -2.0 -4.82842712474619 -6.0 -1.0 -6.0 -1.0 -7.0 3.0 -7.0
2 0.0 0.0 2.0 0.0 4.0 mitre 1.0 1 2 0.0 4.0 2.0 4.0
5 0.0 0.0 1.0 -2.0 3.0 -3.0 3.0 -1.0 4.0 -3.0 4.0 mitre 10.0 1 3 -1.0 3.870481920687079 -1.0 15.944271909999157 7.577708763999663 -1.2111456180001683
8 0.0 0.0 1.0 0.0 1.0 -2.0 1.0 0.0 -1.0 2.0 -2.0 2.0 -4.0 4.0 -2.0 5.0 2.0 bevel 2.0 2 6 3.0 0.0 3.0 -2.0 1.0 -2.0 0.0 -2.0 -1.0 -2.0 -1.0 -1.729554256347649 5 -2.0 0.0 -3.414213562373095 0.5857864376269051 -5.414213562373095 2.585786437626905 -4.894427190999916 5.7888543819998315 -2.8944271909999157 6.7888543819998315
4 0.0 0.0 -1.0 2.0 1.0 2.0 -1.0 1.0 4.0 mitre 4.0 1 5 -4.997234210610127 1.0501965112210965 -7.472135954999578 6.0 16.49550883793709 6.0 16.648458825030275 5.35209345751556 3.8565440270883076 -1.0438639414554254
3 0.0 0.0 1.0 -1.0 -1.0 -2.0 0.3 round 10.0 1 22 0.21213203435596423 0.21213203435596423 1.2121320343559643 -0.7878679656440357 1.232175615914919 -0.8100145179901159 1.249917524653763 -0.8340444912907807 1.2651818761715434 -0.8597196644210593 1.277817347329236 -0.88678550656852 1.2876986763915879 -0.9149737005243175 1.294727904809249 -0.9440048026456713 1.2988353483307902 -0.9735910131202402 1.299980287817483 -1.0034390290693775 1.2981513729124576 -1.0332529522060314 1.2933667345624569 -1.0627372222222256 1.2856738052767085 -1.091599546825982 1.2751488489047738 -1.1195537993807725 1.2618962045949251 -1.146322855421746 1.2460472524280652 -1.171641339928934 1.22775911098138 -1.195258258122343 1.207213079733422 -1.2169394836985432 1.1846128417518482 -1.2364700798416304 1.160182444481457 -1.2536564299992117 1.1341640786499874 -1.2683281572999747 -0.8658359213500126 -2.2683281572999747
2 0.0 0.0 -1.0 2.0 0.3 bevel 2.0 1 2 -0.2683281572999747 -0.13416407864998736 -1.2683281572999747 1.8658359213500126
8 0.0 0.0 -2.0 -1.0 -1.0 1.0 1.0 3.0 3.0 2.0 1.0 4.0 2.0 6.0 1.0 6.0 1.0 bevel 2.0 1 8 0.4472135954999579 -0.8944271909999159 -1.5527864045000421 -1.8944271909999157 -2.8944271909999157 -0.5527864045000421 -1.8944271909999157 1.4472135954999579 -1.7071067811865475 1.7071067811865475 0.23506055970325587 3.649274122076351 0.10557280900008414 4.447213595499958 0.461204123816406 5.158476225132602
2 0.0 0.0 2.0 2.0 2.0 bevel 10.0 1 2 -1.414213562373095 1.414213562373095 0.5857864376269051 3.414213562373095
5 0.0 0.0 -2.0 0.0 -1.0 -2.0 -1.0 0.0 0.0 -1.0 -0.5 mitre 5.0 2 2 0.0 0.5 -0.7928932188134525 0.5 5 -1.5 0.5 -2.8090169943749475 0.5 -0.5 -4.118033988749895 -0.5 -1.2071067811865475 -0.35355339059327373 -1.3535533905932737
7 0.0 0.0 -2.0 -1.0 -1.0 -1.0 -3.0 -2.0 -1.0 -4.0 1.0 -3.0 0.0 -1.0 -2.0 mitre 10.0 1 6 -0.8944271909999159 1.7888543819998317 -10.47213595499958 -3.0 -4.82842712474619 -3.0 -1.394906098164267 -6.433521026581923 3.6832815729997472 -3.8944271909999157 2.4832815729997475 -1.4944271909999158
8 0.0 0.0 2.0 -2.0 3.0 -1.0 2.0 -3.0 0.0 -5.0 1.0 -5.0 2.0 -3.0 0.0 -2.0 -0.5 mitre 4.0 2 3 -0.35355339059327373 -0.35355339059327373 1.4677524488770093 -2.174859230063557 0.22360679774997896 -1.5527864045000421 5 1.1559174829590035 -3.136975735854449 -1.2071067811865477 -5.5 1.3090169943749475 -5.5 2.410927207563347 -3.296179573623201 2.670820393249937 -2.776393202250021
2 0.0 0.0 0.0 2.0 1.0 round 10.0 1 2 -1.0 0.0 -1.0 2.0
7 0.0 0.0 1.0 1.0 1.0 0.0 3.0 2.0 4.0 3.0 5.0 5.0 3.0 7.0 -0.1 round 4.0 1 46 0.07071067811865475 -0.07071067811865475 0.9 0.7585786437626905 0.9 0.0 0.9004815273327803 -0.00980171403295606 0.901921471959677 -0.01950903220161279 0.9043059664267791 -0.029028467725446212 0.9076120467488713 -0.03826834323650897 0.9118078735651645 -0.04713967368259977 0.9168530387697454 -0.05555702330196023 0.9226989546637263 -0.06343932841636456 0.9292893218813453 -0.07071067811865475 0.9365606715836354 -0.07730104533627373 0.9444429766980398 -0.08314696123025453 0.9528603263174003 -0.0881921264348355 0.961731656763491 -0.0923879532511287 0.9709715322745538 -0.09569403357322089 0.9804909677983872 -0.09807852804032306 0.990198285967044 -0.09951847266721969 1.0 -0.1 1.009801714032956 -0.09951847266721969 1.019509032201613 -0.09807852804032303 1.0290284677254462 -0.09569403357322087 1.038268343236509 -0.09238795325112867 1.0471396736825997 -0.08819212643483547 1.0555570233019602 -0.0831469612302545 1.0634393284163646 -0.07730104533627363 1.0707106781186548 -0.07071067811865475 4.070710678118655 2.9292893218813454 4.077873592269243 2.9372648134849055 4.084141615761963 2.9459612315372916 4.089442719099992 2.955278640450004 5.089442719099992 4.955278640450004 5.093320433635324 4.964065383456686 5.0963373276169746 4.973183600024989 5.098465572152099 4.98254918051323 5.099685535563393 4.992075733507787 5.099985964478595 5.001675382727935 5.099364087635562 5.011259577627618 5.09782564144536 5.020739910216871 5.095384817077593 5.03002893056827 5.092064129556056 5.039040953485868 5.0878942100722195 5.047692848895622 5.082913523432333 5.055904808666483 5.077168013244499 5.063601082788713 5.070710678118655 5.070710678118655 3.0707106781186546 7.070710678118655
4 0.0 0.0 -1.0 0.0 0.0 -2.0 -1.0 -1.0 2.0 bevel 1.0 2 3 1.7331055171494867 -0.994075079299394 1.7888543819998317 -1.1055728090000843 1.5151489523489636 -1.3028485210003709 3 0.752973565440796 -1.8521934584142783 -1.414213562373095 -3.414213562373095 -2.414213562373095 -2.414213562373095
5 0.0 0.0 2.0 0.0 3.0 1.0 5.0 1.0 4.0 0.0 0.1 bevel 1.0 1 7 0.0 0.1 1.9585786437626904 0.1 2.9292893218813454 1.0707106781186548 3.0 1.1 5.0 1.1 5.070710678118655 0.9292893218813453 4.070710678118655 -0.07071067811865475
2 0.0 0.0 2.0 -1.0 -4.0 bevel 4.0 1 2 -1.7888543819998317 -3.5777087639996634 0.2111456180001683 -4.577708763999663
5 0.0 0.0 -1.0 1.0 -3.0 3.0 -5.0 3.0 -3.0 2.0 0.5 mitre 2.0 1 2 -0.35355339059327373 -0.35355339059327373 -2.531885252387616 1.8247784712010682
7 0.0 0.0 -1.0 2.0 -3.0 1.0 -5.0 0.0 -5.0 2.0 -7.0 0.0 -7.0 1.0 -0.1 round 2.0 1 46 0.08944271909999159 0.044721359549995794 -0.9105572809000084 2.044721359549996 -0.9153714318143975 2.053272933529653 -0.9210006021030952 2.061311460037472 -0.9273905797790039 2.0687595236688767 -0.9344798258639873 2.075545395499571 -0.942200067042871 2.08160372387429 -0.9504769531727892 2.086876163778967 -0.9592307733157047 2.0913119387351102 -0.9683772233983163 2.094868329805051 -0.9778282181063702 2.0975110869986655 -0.9874927391943886 2.0992147591195 -0.9972777120411294 2.0999629388737096 -1.0070889020090679 2.0997484208812645 -1.0168318219754713 2.098573271067699 -1.0264126422950408 2.0964488067681204 -1.0357390944306903 2.093395487735084 -1.0447213595499958 2.0894427190999916 -4.9 0.1618033988749894 -4.9 2.0 -4.90048152733278 2.0098017140329563 -4.901921471959677 2.0195090322016127 -4.904305966426779 2.029028467725446 -4.907612046748872 2.038268343236509 -4.911807873565165 2.0471396736826 -4.916853038769745 2.05555702330196 -4.922698954663726 2.0634393284163646 -4.929289321881345 2.0707106781186546 -4.936560671583636 2.0773010453362737 -4.944442976698039 2.0831469612302547 -4.9528603263174 2.0881921264348353 -4.961731656763491 2.0923879532511287 -4.970971532274554 2.095694033573221 -4.980490967798387 2.098078528040323 -4.990198285967044 2.09951847266722 -5.0 2.1 -5.009801714032956 2.09951847266722 -5.019509032201613 2.098078528040323 -5.029028467725446 2.095694033573221 -5.038268343236509 2.0923879532511287 -5.0471396736826 2.0881921264348353 -5.05555702330196 2.0831469612302547 -5.063439328416364 2.0773010453362737 -5.070710678118655 2.0707106781186546 -6.9 0.241421356237309 -6.9 1.0
2 0.0 0.0 0.0 2.0 0.3 bevel 2.0 1 2 -0.3 0.0 -0.3 2.0
3 0.0 0.0 -1.0 1.0 -3.0 0.0 -0.5 round 4.0 1 16 0.35355339059327373 0.35355339059327373 -0.6464466094067263 1.3535533905932737 -0.6819945860564345 1.385840066222498 -0.7204759566675847 1.4145676171616617 -0.7615357555218927 1.4394710503610966 -0.8047952325706607 1.460320647780281 -0.8498553471586482 1.4769240853879682 -0.8963004489156461 1.4891282072268002 -0.9437021118619107 1.49682043817781 -0.9916230863603221 1.499929822392977 -1.0396213324610672 1.4984276778169623 -1.087254097433852 1.4923278607604935 -1.1340819998750544 1.4816866380848714 -1.1796730827165713 1.4666021681766215 -1.223606797749979 1.4472135954999579 -3.223606797749979 0.4472135954999579
8 0.0 0.0 -1.0 -2.0 -2.0 -3.0 0.0 -4.0 -1.0 -6.0 1.0 -8.0 3.0 -6.0 2.0 -7.0 2.0 mitre 2.0 1 7 1.7888543819998317 -0.8944271909999159 1.0832815729997474 -2.3055728090000844 2.6832815729997472 -3.1055728090000843 1.824045318333193 -4.824045318333193 4.414213562373095 -7.414213562373095 3.414213562373095 -8.414213562373096 3.414213562373091 -8.4142135623731
2 0.0 0.0 1.0 1.0 0.3 bevel 1.0 1 2 -0.21213203435596423 0.21213203435596423 0.7878679656440357 1.2121320343559643
6 0.0 0.0 2.0 2.0 4.0 4.0 4.0 5.0 4.0 4.0 4.0 2.0 -1.0 round 4.0 2 2 0.7071067811865475 -0.7071067811865475 3.0643701282351 1.6501565658620048 35 5.0 4.0 5.0 5.0 4.995184726672197 5.098017140329561 4.98078528040323 5.195090322016129 4.956940335732209 5.290284677254462 4.923879532511287 5.38268343236509 4.881921264348355 5.471396736825998 4.831469612302545 5.555570233019602 4.773010453362737 5.634393284163646 4.707106781186548 5.707106781186548 4.634393284163646 5.773010453362737 4.555570233019602 5.831469612302545 4.471396736825998 5.881921264348355 4.38268343236509 5.923879532511287 4.290284677254462 5.956940335732209 4.195090322016128 5.98078528040323 4.098017140329561 5.995184726672197 4.0 6.0 3.9019828596704396 5.995184726672197 3.804909677983872 5.98078528040323 3.709715322745538 5.956940335732209 3.6173165676349104 5.923879532511287 3.528603263174002 5.881921264348355 3.444429766980398 5.831469612302546 3.3656067158363547 5.773010453362737 3.2928932188134525 5.707106781186548 3.226989546637263 5.634393284163646 3.1685303876974547 5.555570233019602 3.118078735651645 5.471396736825998 3.076120467488713 5.38268343236509 3.0430596642677914 5.290284677254462 3.0192147195967696 5.195090322016129 3.0048152733278033 5.098017140329561 3.0 5.0 3.0 4.414213562373095
3 0.0 0.0 -2.0 1.0 0.0 1.0 -1.0 round 1.0 0
4 0.0 0.0 -1.0 1.0 0.0 2.0 -1.0 2.0 -2.0 bevel 4.0 1 4 1.414213562373095 1.414213562373095 0.8284271247461902 1.9999999999999996 0.0 4.0 -1.0 4.0
3 0.0 0.0 0.0 1.0 1.0 2.0 0.5 round 2.0 1 11 -0.5 0.0 -0.5 1.0 -0.4975923633360984 1.0490085701647804 -0.4903926402016152 1.0975451610080642 -0.4784701678661044 1.1451423386272312 -0.46193976625564337 1.191341716182545 -0.44096063217417747 1.235698368412999 -0.4157348061512727 1.277785116509801 -0.3865052266813685 1.3171966420818229 -0.35355339059327373 1.3535533905932737 0.6464466094067263 2.353553390593274
7 0.0 0.0 2.0 -2.0 2.0 -3.0 3.0 -4.0 2.0 -3.0 2.0 -1.0 4.0 -3.0 -0.3 bevel 1.0 1 10 -0.21213203435596423 -0.21213203435596423 1.7 -2.1242640687119283 1.7 -3.0 1.7878679656440357 -3.2121320343559643 2.7878679656440357 -4.212132034355964 3.2121320343559643 -3.7878679656440357 2.3 -2.8757359312880713 2.3 -2.0 2.3 -1.7242640687119284 3.7878679656440357 -3.2121320343559643
6 0.0 0.0 -1.0 1.0 1.0 0.0 2.0 -1.0 1.0 -3.0 1.0 -4.0 0.1 bevel 5.0 1 9 -0.07071067811865475 -0.07071067811865475 -1.0707106781186548 0.9292893218813453 -0.9552786404500042 1.0894427190999916 1.0447213595499958 0.08944271909999159 1.0707106781186548 0.07071067811865475 2.0707106781186546 -0.9292893218813453 2.0894427190999916 -1.0447213595499958 1.1 -3.023606797749979 1.1 -4.0
2 0.0 0.0 -1.0 0.0 -2.0 round 5.0 1 2 0.0 2.0 -1.0 2.0
8 0.0 0.0 -1.0 1.0 0.0 0.0 1.0 1.0 1.0 2.0 3.0 0.0 1.0 2.0 2.0 1.0 -1.0 bevel 1.0 2 4 0.0 1.414213562373095 -0.29289321881345254 1.7071067811865475 -1.7071067811865475 0.29289321881345254 -0.7071067811865475 -0.7071067811865475 7 0.7071067811865476 -0.7071067811865475 0.7071067811865487 -0.7071067811865462 1.5 0.08578643762690508 2.2928932188134525 -0.7071067811865475 3.7071067811865475 0.7071067811865475 2.7071067811865475 1.7071067811865475 1.7071067811865475 2.7071067811865475
8 0.0 0.0 1.0 -1.0 1.0 0.0 1.0 -1.0 3.0 -1.0 3.0 -3.0 2.0 -3.0 3.0 -4.0 -4.0 round 10.0 2 10 -2.8284271247 -2.8284271247 -1.931265923 -3.7255883264 -1.9231411216 -3.7803612881 -1.8277613429 -4.161138709 -1.69551813 -4.5307337295 -1.5276850574 -4.8855869473 -1.3258784492 -5.2222809321 -1.0920418135 -5.5375731367 -0.8284271247 -5.8284271247 0.1715728753 -6.8284271247 11 3.7128825185 2.9331506515 3.5375731367 3.0920418135 3.2222809321 3.3258784492 2.8855869473 3.5276850574 2.5307337295 3.69551813 2.161138709 3.8277613429 1.7803612881 3.9231411216 1.3920685613 3.9807389067 1.0 4.0 0.6079314387 3.9807389067 0.5 3.9647287901
3 0.0 0.0 0.0 -2.0 1.0 -2.0 -2.0 mitre 1.0 1 4 -2.0 0.0 -2.0 -2.82842712474619 -0.8284271247461896 -4.0 1.0 -4.0
7 0.0 0.0 -1.0 -1.0 -2.0 0.0 -4.0 0.0 -3.0 -1.0 -5.0 1.0 -3.0 3.0 4.0 bevel 10.0 1 12 2.82842712474619 -2.82842712474619 1.8284271247461898 -3.82842712474619 -2.0 -3.82842712474619 -2.0 -4.0 -4.0 -4.0 -4.0 -3.6568542494923797 -4.82842712474619 -2.82842712474619 -5.82842712474619 -3.82842712474619 -6.82842712474619 -2.82842712474619 -7.82842712474619 -1.8284271247461898 -7.82842712474619 3.82842712474619 -5.82842712474619 5.82842712474619
6 0.0 0.0 2.0 1.0 0.0 0.0 1.0 2.0 0.0 0.0 1.0 -1.0 -0.1 round 1.0 14 70 0.16881650340819934 -0.027395147170889825 2.044721359549996 0.9105572809000084 2.0532729335296533 0.9153714318143975 2.061311460037472 0.9210006021030952 2.0687595236688767 0.9273905797790039 2.075545395499571 0.9344798258639873 2.08160372387429 0.942200067042871 2.086876163778967 0.9504769531727892 2.0913119387351102 0.9592307733157047 2.094868329805051 0.9683772233983163 2.0975110869986655 0.9778282181063702 2.0992147591195 0.9874927391943887 2.0999629388737096 0.9972777120411295 2.099748420881264 1.007088902009068 2.098573271067699 1.0168318219754713 2.0964488067681204 1.026412642295041 2.093395487735084 1.0357390944306903 2.0894427190999916 1.0447213595499958 2.0846285681856025 1.0532729335296531 2.078999397896905 1.0613114600374718 2.072609420220996 1.0687595236688765 2.065520174136013 1.0755453954995706 2.057799932957129 1.0816037238742902 2.0495230468272108 1.086876163778967 2.0407692266842954 1.0913119387351102 2.031622776601684 1.0948683298050514 2.02217178189363 1.0975110869986655 2.0125072608056116 1.0992147591195 2.002722287958871 1.0999629388737096 1.9929110979909321 1.0997484208812642 1.9831681780245287 1.098573271067699 1.9735873577049592 1.0964488067681204 1.9642609055693097 1.093395487735084 1.9552786404500042 1.0894427190999916 0.22360679774997896 0.22360679774997896 1.0894427190999916 1.9552786404500042 1.093395487735084 1.9642609055693097 1.0964488067681204 1.9735873577049592 1.098573271067699 1.9831681780245287 1.0997484208812642 1.992911097990932 1.0999629388737096 2.002722287958871 1.0992147591195 2.0125072608056116 1.0975110869986655 2.02217178189363 1.0948683298050514 2.031622776601684 1.0913119387351102 2.0407692266842954 1.086876163778967 2.0495230468272108 1.0816037238742902 2.057799932957129 1.0755453954995706 2.065520174136013 1.0687595236688765 2.072609420220996 1.0613114600374718 2.078999397896905 1.0532729335296531 2.0846285681856025 1.0447213595499958 2.0894427190999916 1.0357390944306903 2.093395487735084 1.026412642295041 2.0964488067681204 1.0168318219754713 2.098573271067699 1.007088902009068 2.099748420881264 0.9972777120411295 2.0999629388737096 0.9874927391943887 2.0992147591195 0.9778282181063702 2.0975110869986655 0.9683772233983163 2.094868329805051 0.9592307733157047 2.0913119387351102 0.9504769531727892 2.086876163778967 0.942200067042871 2.08160372387429 0.9344798258639873 2.075545395499571 0.9273905797790039 2.0687595236688767 0.9210006021030952 2.061311460037472 0.9153714318143975 2.0532729335296533 0.9105572809000084 2.044721359549996 -0.08944271909999159 0.044721359549995794 -0.09034290482952109 0.042681575395802196 3 -0.09223859873054528 0.03838601032110184 -0.0933204336353243 0.03593461654331425 -0.09338209393418255 0.03574825535128181 3 -0.09553011703071145 0.029256101531161125 -0.09633732761697429 0.026816399975010886 -0.09642438938944302 0.02643327481056307 3 -0.09792035033589322 0.01985012967850014 -0.0984655721520987 0.017450819486770436 -0.0985404939177203 0.016865764095737812 3 -0.09938683573981077 0.010256778822069396 -0.09968553556339246 0.007924266492213465 -0.09971015871628507 0.007137479274000973 3 -0.09991580318756511 0.0005664913016276105 -0.09998596447859537 -0.0016753827279355233 -0.09992218782766242 -0.0026582909346615615 3 -0.09950230676838881 -0.009129382360311638 -0.09936408763556202 -0.011259577627617853 -0.09917454100446918 -0.01242761659796144 3 -0.09815027267038229 -0.01873944247112299 -0.09782564144536002 -0.02073991021687077 -0.09747434813715267 -0.022076823569728992 3 -0.09587246340272758 -0.0281730999324104 -0.09538481707759364 -0.030028930568270357 -0.09483783478373303 -0.03151338730676818 3 -0.09269035866274017 -0.03734142860600517 -0.09206412955605621 -0.03904095348586786 -0.09129015903069644 -0.040646814716906114 3 -0.08863395399818878 -0.04615800221517686 -0.08789421007221931 -0.04769284889562147 -0.08686516051135741 -0.04938950524182607 3 -0.08374147918082078 -0.05453970787010067 -0.08291352343233233 -0.055904808666483057 -0.08160502284491598 -0.057657582376845914 3 -0.07805903895680288 -0.06240752853371173 -0.07716801324449961 -0.06360108278871307 -0.0755598509203586 -0.06537168678040309 3 -0.07164017956610078 -0.06968728704150795 -0.07071067811865475 -0.07071067811865475 0.9292893218813453 -1.0707106781186548
2 0.0 0.0 2.0 -1.0 0.3 bevel 10.0 1 2 0.13416407864998736 0.2683281572999747 2.134164078649987 -0.7316718427000253
8 0.0 0.0 1.0 -2.0 3.0 -1.0 3.0 0.0 4.0 0.0 6.0 -1.0 7.0 0.0 5.0 -1.0 4.0 mitre 2.0 1 4 -1.0 3.870481920687079 -1.0 4.0 4.944271909999158 4.0 5.5 3.722135954999579
2 0.0 0.0 2.0 1.0 2.0 mitre 1.0 1 2 -0.8944271909999159 1.7888543819998317 1.1055728090000843 2.7888543819998315
7 0.0 0.0 -1.0 0.0 -2.0 -1.0 -4.0 -2.0 -4.0 0.0 -4.0 2.0 -4.0 1.0 -0.5 mitre 4.0 1 8 0.0 0.5 -1.2071067811865475 0.5 -2.2961795736232005 -0.5890727924366528 -3.5 -1.1909830056250525 -3.5 1.0 -3.5 2.0 -4.5 2.0 -4.5 1.0
4 0.0 0.0 1.0 1.0 -1.0 1.0 -3.0 2.0 2.0 round 4.0 1 3 -1.8213220913234986 -0.8212631492880593 -1.8944271909999157 -0.7888543819998317 -3.8944271909999157 0.2111456180001683
6 0.0 0.0 0.0 -2.0 2.0 -4.0 0.0 -2.0 -1.0 -3.0 -3.0 -2.0 -4.0 mitre 2.0 1 3 2.0 -4.0 4.82842712474619 -1.1715728752538102 4.0 -0.3431457505076203
2 0.0 0.0 -1.0 1.0 0.3 mitre 5.0 1 2 -0.21213203435596423 -0.21213203435596423 -1.2121320343559643 0.7878679656440357
2 0.0 0.0 2.0 -1.0 4.0 round 2.0 1 2 1.7888543819998317 3.5777087639996634 3.7888543819998315 2.5777087639996634
8 0.0 0.0 -1.0 1.0 -3.0 0.0 -2.0 -1.0 0.0 1.0 -1.0 -1.0 -3.0 -1.0 -2.0 0.0 -0.5 mitre 2.0 3 2 0.35355339059327373 0.35355339059327373 0.2750469233121474 0.43205985787440004 4 -0.49999999999999994 1.2071067811865475 -0.9012734754589332 1.6083802566454808 -3.844082517040997 0.13697573585444914 -3.2071067811865475 -0.5 3 -2.2071067811865475 -1.5 -2.0 -1.7071067811865475 -1.7928932188134525 -1.5
2 0.0 0.0 1.0 -2.0 4.0 round 1.0 1 2 3.5777087639996634 1.7888543819998317 4.577708763999663 -0.2111456180001683
4 0.0 0.0 -1.0 0.0 1.0 0.0 -1.0 1.0 -0.5 bevel 1.0 1 6 -1.0 0.44098300562505266 -1.0 -0.5 0.0 -0.5 1.0 -0.5 1.223606797749979 0.4472135954999579 -0.7763932022500211 1.4472135954999579
4 0.0 0.0 -2.0 2.0 -1.0 3.0 1.0 1.0 1.0 round 5.0 1 36 -0.7071067811865475 -0.7071067811865475 -2.7071067811865475 1.2928932188134525 -2.773010453362737 1.3656067158363547 -2.8314696123025453 1.444429766980398 -2.881921264348355 1.5286032631740023 -2.923879532511287 1.6173165676349104 -2.956940335732209 1.709715322745538 -2.9807852804032304 1.8049096779838716 -2.995184726672197 1.9019828596704393 -3.0 2.0 -2.9951847266721967 2.098017140329561 -2.9807852804032304 2.1950903220161284 -2.9569403357322086 2.2902846772544625 -2.923879532511287 2.38268343236509 -2.881921264348355 2.471396736825998 -2.8314696123025453 2.555570233019602 -2.773010453362737 2.6343932841636457 -2.7071067811865475 2.7071067811865475 -1.7071067811865475 3.7071067811865475 -1.6343932841636453 3.773010453362737 -1.555570233019602 3.8314696123025453 -1.4713967368259977 3.881921264348355 -1.3826834323650896 3.923879532511287 -1.290284677254462 3.956940335732209 -1.1950903220161282 3.9807852804032304 -1.0980171403295607 3.995184726672197 -1.0 4.0 -0.9019828596704392 3.9951847266721967 -0.8049096779838717 3.9807852804032304 -0.7097153227455377 3.956940335732209 -0.6173165676349102 3.923879532511287 -0.5286032631740022 3.881921264348355 -0.4444297669803977 3.8314696123025453 -0.3656067158363545 3.773010453362737 -0.29289321881345254 3.7071067811865475 1.7071067811865475 1.7071067811865475
8 0.0 0.0 0.0 2.0 2.0 2.0 1.0 4.0 2.0 6.0 2.0 5.0 2.0 3.0 1.0 4.0 -0.5 mitre 2.0 1 4 0.5 0.0 0.5 1.5 2.8090169943749475 1.5 2.497232808129165 2.1235683724915653
6 0.0 0.0 2.0 2.0 3.0 3.0 4.0 3.0 2.0 2.0 0.0 3.0 0.1 round 5.0 2 3 -0.07071067811865475 0.07071067811865475 1.8311834965918008 1.97260485282911 -0.044721359549995794 2.9105572809000084 39 1.9802546950917868 2.121676051329096 2.9292893218813454 3.0707106781186546 2.9365606715836354 3.0773010453362737 2.94444297669804 3.0831469612302547 2.9528603263174 3.0881921264348353 2.961731656763491 3.0923879532511287 2.970971532274554 3.095694033573221 2.9804909677983873 3.098078528040323 2.9901982859670437 3.09951847266722 3.0 3.1 4.0 3.1 4.009902061407876 3.099508538225997 4.019706793122437 3.098038983597493 4.02931782212684 3.095605780712983 4.0386406793537954 3.0922328460965893 4.047583728244273 3.087953333116916 4.056059065464818 3.0828093061147794 4.063983384930117 3.0768513269429 4.071278796638126 3.070137957981543 4.077873592269243 3.0627351865150945 4.083702950024267 3.0547157761275034 4.088709571773126 3.0461585514918803 4.092844246251691 3.0371476235842247 4.09606633277088 3.0277715629368354 4.098344160683556 3.01812252905769 4.099655340682785 3.008295364572942 4.099986984871596 2.9983866629964138 4.099335833441163 2.9884938192892028 4.097708286712228 2.978714072541674 4.095120342224844 2.969143550187545 4.091597437494788 2.9598763231447016 4.087174199982225 2.9510034811699946 4.08189410673025 2.9426122375165713 4.075809057018794 2.934785071694272 4.0689788622343785 2.9275989187591054 4.061470657969914 2.9211244131004666 4.053358244133149 2.915425194159092 4.044721359549996 2.9105572809000084 2.0592359147246393 1.91781455848733
7 0.0 0.0 2.0 -1.0 0.0 0.0 -2.0 0.0 -1.0 0.0 1.0 1.0 2.0 3.0 0.1 bevel 5.0 1 10 0.044721359549995794 0.08944271909999159 2.044721359549996 -0.9105572809000084 1.9552786404500042 -1.0894427190999916 -0.02360679774997896 -0.1 -1.0 -0.1 -2.0 -0.1 -2.0 0.1 -1.023606797749979 0.1 0.925464400750007 1.074535599249993 1.9105572809000084 3.044721359549996
3 0.0 0.0 -2.0 1.0 -4.0 -1.0 -1.0 round 1.0 1 16 0.4472135954999579 0.8944271909999159 -1.5527864045000421 1.8944271909999157 -1.6406538345668575 1.933204336353243 -1.7318360002498911 1.9633732761697429 -1.8254918051322957 1.984655721520987 -1.9207573350778655 1.9968553556339246 -2.0167538272793557 1.9998596447859538 -2.1125957762761787 1.9936408763556202 -2.207399102168708 1.9782564144536001 -2.3002893056827034 1.9538481707759363 -2.3904095348586787 1.920641295560562 -2.4769284889562146 1.8789421007221931 -2.5590480866648306 1.8291352343233231 -2.636010827887131 1.771680132444996 -2.7071067811865475 1.7071067811865475 -4.707106781186548 -0.29289321881345254
4 0.0 0.0 -2.0 -1.0 0.0 -1.0 -1.0 1.0 0.5 round 1.0 1 2 -1.070820393249937 0.023606797749979005 -1.4472135954999579 0.7763932022500211
4 0.0 0.0 2.0 0.0 3.0 2.0 5.0 2.0 1.0 bevel 10.0 1 5 0.0 1.0 1.3819660112501053 1.0 2.1055728090000843 2.447213595499958 3.0 3.0 5.0 3.0
5 0.0 0.0 -2.0 -2.0 -4.0 -1.0 -5.0 -2.0 -5.0 -3.0 0.1 round 1.0 1 18 0.07071067811865475 -0.07071067811865475 -1.9292893218813452 -2.0707106781186546 -1.9363989172112868 -2.0771680132444996 -1.944095191333517 -2.082913523432332 -1.9523071511043784 -2.087894210072219 -1.960959046514132 -2.0920641295560563 -1.9699710694317296 -2.0953848170775937 -1.9792600897831292 -2.09782564144536 -1.9887404223723821 -2.099364087635562 -1.9983246172720646 -2.0999859644785954 -2.0079242664922137 -2.0996855355633923 -2.0174508194867706 -2.0984655721520986 -2.026816399975011 -2.096337327616974 -2.0359346165433143 -2.0933204336353244 -2.044721359549996 -2.0894427190999916 -3.9802546950917868 -1.1216760513290962 -4.9 -2.0414213562373096 -4.9 -3.0
3 0.0 0.0 -1.0 0.0 -1.0 -2.0 -1.0 mitre 1.0 1 4 0.0 1.0 -1.414213562373095 1.0 -2.0 0.41421356237309487 -2.0 -2.0
3 0.0 0.0 2.0 2.0 1.0 1.0 0.5 round 2.0 1 34 -0.35355339059327373 0.35355339059327373 1.6464466094067263 2.353553390593274 1.6828033579181776 2.3865052266813684 1.722214883490199 2.415734806151273 1.7643016315870013 2.4409606321741775 1.8086582838174554 2.4619397662556435 1.854857661372769 2.4784701678661043 1.902454838991936 2.490392640201615 1.95099142983522 2.4975923633360986 2.0 2.5 2.0490085701647804 2.4975923633360986 2.0975451610080644 2.490392640201615 2.145142338627231 2.4784701678661043 2.191341716182545 2.4619397662556435 2.235698368412999 2.4409606321741775 2.277785116509801 2.4157348061512725 2.317196642081823 2.3865052266813684 2.353553390593274 2.353553390593274 2.3865052266813684 2.317196642081823 2.4157348061512725 2.277785116509801 2.4409606321741775 2.235698368412999 2.4619397662556435 2.191341716182545 2.4784701678661043 2.1451423386272315 2.490392640201615 2.0975451610080644 2.4975923633360986 2.0490085701647804 2.5 2.0 2.4975923633360986 1.9509914298352198 2.490392640201615 1.902454838991936 2.4784701678661043 1.854857661372769 2.4619397662556435 1.8086582838174554 2.4409606321741775 1.7643016315870013 2.4157348061512725 1.722214883490199 2.3865052266813684 1.6828033579181776 2.353553390593274 1.6464466094067263
7 0.0 0.0 -1.0 1.0 -2.0 0.0 -2.0 1.0 0.0 0.0 2.0 0.0 1.0 1.0 0.5 round 10.0 2 49 -1.2346068087922666 0.0582864100211859 -1.6464466094067263 -0.35355339059327373 -1.6828033579181771 -0.38650522668136844 -1.7222148834901991 -0.41573480615127273 -1.7643016315870013 -0.4409606321741775 -1.808658283817455 -0.4619397662556433 -1.854857661372769 -0.47847016786610447 -1.9024548389919358 -0.4903926402016152 -1.95099142983522 -0.49759236333609846 -2.0 -0.5 -2.0490085701647804 -0.49759236333609846 -2.0975451610080644 -0.49039264020161516 -2.145142338627231 -0.4784701678661044 -2.1913417161825453 -0.46193976625564326 -2.235698368412999 -0.44096063217417747 -2.277785116509801 -0.4157348061512726 -2.3171966420818224 -0.3865052266813686 -2.353553390593274 -0.35355339059327373 -2.3865052266813684 -0.31719664208182263 -2.415734806151273 -0.277785116509801 -2.4409606321741775 -0.23569836841299882 -2.4619397662556435 -0.19134171618254484 -2.4784701678661043 -0.14514233862723105 -2.490392640201615 -0.09754516100806418 -2.4975923633360986 -0.049008570164780295 -2.5 0.0 -2.5 1.0 -2.497655484133432 1.0483634067443517 -2.4906439235523217 1.09627325839081 -2.4790310731167966 1.1432802533099742 -2.4629258388752655 1.1889435569201336 -2.4424792567365845 1.2328349358619528 -2.417883076045719 1.2745427739980932 -2.3893679613462147 1.3136759325754728 -2.357201329193473 1.3498674183493173 -2.3216848403053176 1.382777825269101 -2.283151570568641 1.412098517450029 -2.241962887432597 1.4375545235799538 -2.1985050609817276 1.458907115617791 -2.153185641470595 1.4759560476002402 -2.1064296372916296 1.4885414335611382 -2.058675529219451 1.496545246952196 -2.010371158310335 1.49989242750346 -1.961969526020366 1.4985515851432871 -1.9139245459290306 1.4925352943764298 -1.8666867869088608 1.4818999763595309 -1.8206992476619526 1.466745369779937 -1.776393202250021 1.4472135954999579 -1.4320598578744002 1.2750469233121473 3 0.20710678118654746 0.5 0.7928932188134525 0.5 0.6464466094067263 0.6464466094067263
8 0.0 0.0 -2.0 2.0 -3.0 1.0 -3.0 2.0 -3.0 4.0 -2.0 5.0 -4.0 3.0 -5.0 3.0 0.5 round 10.0 2 38 -0.35355339059327373 -0.35355339059327373 -2.0 1.2928932188134523 -2.646446609406726 0.6464466094067263 -2.682803357918177 0.6134947733186316 -2.722214883490199 0.5842651938487273 -2.764301631587001 0.5590393678258225 -2.808658283817455 0.5380602337443567 -2.854857661372769 0.5215298321338955 -2.902454838991936 0.5096073597983848 -2.95099142983522 0.5024076366639015 -3.0 0.5 -3.0490085701647804 0.5024076366639015 -3.0975451610080644 0.5096073597983848 -3.145142338627231 0.5215298321338956 -3.1913417161825453 0.5380602337443567 -3.235698368412999 0.5590393678258225 -3.277785116509801 0.5842651938487273 -3.3171966420818224 0.6134947733186313 -3.353553390593274 0.6464466094067263 -3.3865052266813684 0.6828033579181774 -3.415734806151273 0.722214883490199 -3.4409606321741775 0.7643016315870012 -3.4619397662556435 0.8086582838174552 -3.4784701678661043 0.854857661372769 -3.490392640201615 0.9024548389919358 -3.4975923633360986 0.9509914298352197 -3.5 1.0 -3.5 2.792893218813452 -3.646446609406726 2.646446609406726 -3.682803357918177 2.6134947733186316 -3.722214883490199 2.5842651938487275 -3.764301631587001 2.5590393678258225 -3.808658283817455 2.5380602337443565 -3.854857661372769 2.5215298321338957 -3.902454838991936 2.509607359798385 -3.9509914298352196 2.5024076366639014 -4.0 2.5 -5.0 2.5 35 -3.353553390593274 4.353553390593274 -2.353553390593274 5.353553390593274 -2.317196642081823 5.386505226681368 -2.277785116509801 5.4157348061512725 -2.235698368412999 5.4409606321741775 -2.191341716182545 5.461939766255643 -2.145142338627231 5.478470167866105 -2.097545161008064 5.490392640201615 -2.04900857016478 5.497592363336098 -2.0 5.5 -1.9509914298352196 5.497592363336098 -1.9024548389919358 5.490392640201615 -1.8548576613727688 5.478470167866105 -1.808658283817455 5.461939766255643 -1.764301631587001 5.4409606321741775 -1.722214883490199 5.4157348061512725 -1.6828033579181771 5.386505226681368 -1.646446609406726 5.353553390593274 -1.6134947733186313 5.317196642081822 -1.5842651938487273 5.277785116509801 -1.5590393678258225 5.235698368412999 -1.5380602337443565 5.191341716182545 -1.5215298321338955 5.145142338627231 -1.5096073597983848 5.097545161008064 -1.5024076366639014 5.04900857016478 -1.5 5.0 -1.5024076366639016 4.950991429835219 -1.5096073597983848 4.902454838991936 -1.5215298321338957 4.854857661372769 -1.5380602337443567 4.808658283817455 -1.5590393678258225 4.764301631587001 -1.5842651938487275 4.7222148834901985 -1.6134947733186316 4.682803357918177 -1.6464466094067263 4.646446609406726 -2.5 3.792893218813452
6 0.0 0.0 -1.0 0.0 -3.0 -2.0 -1.0 -3.0 -3.0 -2.0 -4.0 -2.0 -0.5 mitre 4.0 2 4 0.0 0.5 -1.2071067811865475 0.5 -3.207106781186548 -1.5 -4.0 -1.5 4 -3.118033988749895 -2.5 -1.223606797749979 -3.447213595499958 -0.7763932022500211 -2.552786404500042 -2.155917482959003 -1.863024264145551
4 0.0 0.0 2.0 -2.0 1.0 -1.0 -1.0 -2.0 4.0 mitre 2.0 1 5 4.82842712474619 0.8284271247461898 1.3065456576830317 -2.6934543423169686 1.8944271909999157 -2.7888543819998315 2.7888543819998315 -4.577708763999663 0.7888543819998317 -5.577708763999663
4 0.0 0.0 -2.0 -2.0 0.0 -4.0 1.0 -3.0 0.1 round 2.0 1 4 0.07071067811865475 -0.07071067811865475 -1.8585786437626906 -2.0 6.3785006134028236e-18 -3.8585786437626908 0.9292893218813453 -2.9292893218813454
3 0.0 0.0 2.0 2.0 4.0 3.0 -0.3 mitre 5.0 1 3 0.21213203435596423 -0.21213203435596423 2.1777077441739205 1.753443675461992 4.134164078649987 2.7316718427000253
5 0.0 0.0 2.0 2.0 2.0 0.0 0.0 -2.0 -1.0 0.0 -1.0 bevel 5.0 0
6 0.0 0.0 2.0 0.0 3.0 -1.0 2.0 1.0 4.0 0.0 5.0 -1.0 -0.1 bevel 4.0 1 7 0.0 -0.1 1.9585786437626904 -0.1 2.9292893218813454 -1.0707106781186548 3.0894427190999916 -0.9552786404500042 2.223606797749979 0.7763932022500211 3.9407640852753603 -0.08218544151266982 4.929289321881345 -1.0707106781186548
3 0.0 0.0 -2.0 1.0 -1.0 3.0 -0.3 round 1.0 1 3 0.13416407864998736 0.2683281572999747 -1.597507764050038 1.1341640786499874 -0.7316718427000253 2.865835921350013
2 0.0 0.0 2.0 1.0 -0.3 bevel 2.0 1 2 0.13416407864998736 -0.2683281572999747 2.134164078649987 0.7316718427000253
5 0.0 0.0 -1.0 1.0 1.0 1.0 -1.0 0.0 -2.0 -1.0 -1.0 round 2.0 1 2 -1.8831058028858625 0.5311077594872324 -2.7071067811865475 -0.29289321881345254
3 0.0 0.0 -2.0 0.0 -3.0 -2.0 0.5 bevel 2.0 1 3 0.0 -0.5 -1.6909830056250525 -0.5 -2.552786404500042 -2.223606797749979
7 0.0 0.0 2.0 2.0 2.0 0.0 3.0 2.0 1.0 1.0 3.0 2.0 4.0 3.0 2.0 round 2.0 1 12 -1.414213562373095 1.414213562373095 0.5857864376269051 3.414213562373095 0.7312134316727092 3.546020906725474 0.8888595339607961 3.6629392246050907 1.0572065263480046 3.76384252869671 1.2346331352698205 3.8477590650225735 1.4194306454910757 3.913880671464418 1.6098193559677436 3.961570560806461 1.8039657193408787 3.990369453344394 2.0 4.0 2.163538732510288 3.991965857256478 2.585786437626905 4.414213562373095
8 0.0 0.0 1.0 2.0 -1.0 1.0 0.0 3.0 -1.0 5.0 1.0 4.0 2.0 4.0 3.0 3.0 4.0 mitre 5.0 1 7 -1.4815833019438105 -3.7129276059714846 -9.944271909999156 -7.944271909999157 -4.472135954999579 3.0 -9.944271909999154 13.944271909999156 1.9442719099991574 8.0 3.6568542494923797 8.0 3.789812196328534 7.867042053163846
4 0.0 0.0 2.0 0.0 4.0 0.0 3.0 1.0 0.5 round 10.0 1 3 0.0 0.5 2.792893218813452 0.5 2.646446609406726 0.6464466094067263
2 0.0 0.0 -2.0 2.0 -0.3 round 5.0 1 2 0.21213203435596423 0.21213203435596423 -1.7878679656440357 2.2121320343559643
5 0.0 0.0 0.0 1.0 -2.0 1.0 -2.0 0.0 -1.0 -2.0 -0.1 bevel 2.0 1 8 0.1 0.0 0.1 1.0 0.0 1.1 -2.0 1.1 -2.1 1.0 -2.1 0.0 -2.0894427190999916 -0.044721359549995794 -1.0894427190999916 -2.044721359549996
3 0.0 0.0 1.0 1.0 0.0 1.0 -1.0 mitre 2.0 1 4 0.7071067811865475 -0.7071067811865475 2.9449472918334543 1.5307337294603593 2.750570838211693 2.0 0.0 2.0
6 0.0 0.0 -2.0 1.0 -3.0 3.0 -1.0 5.0 1.0 4.0 2.0 6.0 -0.1 mitre 4.0 1 6 0.044721359549995794 0.08944271909999159 -1.925464400750007 1.074535599249993 -2.878323948670904 2.9802546950917868 -0.9802546950917871 4.878323948670904 1.0447213595499958 3.8658359213500124 2.0894427190999916 5.955278640450004
4 0.0 0.0 -1.0 -2.0 1.0 -1.0 2.0 0.0 0.3 bevel 5.0 1 4 0.2683281572999747 -0.13416407864998736 -0.3291796067500633 -1.3291796067500632 0.8222922558260797 -0.7534436754619918 1.7878679656440357 0.21213203435596423
6 0.0 0.0 -2.0 2.0 0.0 3.0 -1.0 2.0 -1.0 1.0 -2.0 3.0 4.0 mitre 1.0 3 3 -4.287417660506778 -1.3694365889856017 -6.2763507127323495 0.6194964632399697 -5.966966927933902 2.5260052487217806 4 -1.1354982886136011 6.904386810692778 1.2550738192031339 8.099672864601146 5.234863662201353 2.5780094127089734 3.8251872015932156 1.1683329521008357 3 -2.135371401151366 -3.3779700173649663 -3.161976635621111 -3.620318638756936 -4.287417660506778 -1.3694365889856017
6 0.0 0.0 1.0 1.0 1.0 3.0 2.0 5.0 2.0 4.0 1.0 4.0 1.0 mitre 5.0 2 4 -0.7071067811865475 0.7071067811865475 0.0 1.414213562373095 0.0 3.2360679774997894 0.13344724142525677 3.502962460350303 4 0.8777619589742879 4.991591895448365 3.0 9.23606797749979 3.0 3.0 2.118033988749895 3.0
7 0.0 0.0 -2.0 1.0 -4.0 1.0 -2.0 3.0 -3.0 4.0 -4.0 2.0 -3.0 3.0 -2.0 mitre 2.0 2 5 0.8944271909999159 1.7888543819998317 0.0429967348306529 2.214569610084463 0.8284271247461898 3.0 -3.5479029434177964 7.376330068163986 -6.643708830253389 1.1847182944928005 3 -6.678717110943235 -1.0 -5.221718242962362 -2.0501453677085526 -4.17157287525381 -1.0
5 0.0 0.0 2.0 -2.0 3.0 -3.0 3.0 -4.0 2.0 -5.0 -2.0 round 4.0 1 3 -1.414213562373095 -1.414213562373095 0.6715728752538102 -3.5 0.5857864376269051 -3.585786437626905
2 0.0 0.0 2.0 -2.0 -1.0 bevel 5.0 1 2 -0.7071067811865475 -0.7071067811865475 1.2928932188134525 -2.7071067811865475
6 0.0 0.0 1.0 -1.0 0.0 -3.0 0.0 -4.0 -2.0 -6.0 -2.0 -4.0 0.3 mitre 5.0 1 6 0.21213203435596423 0.21213203435596423 1.3650281539872884 -0.9407640852753599 0.3 -3.0708203932499365 0.3 -4.124264068711928 -2.3 -6.724264068711928 -2.3 -4.0
8 0.0 0.0 2.0 2.0 4.0 2.0 3.0 0.0 1.0 -2.0 2.0 -3.0 4.0 -1.0 5.0 -1.0 -0.5 round 1.0 1 40 0.35355339059327373 -0.35355339059327373 2.2071067811865475 1.5 3.1909830056250525 1.5 2.589072792436653 0.29617957362320063 0.6464466094067263 -1.6464466094067263 0.6134947733186316 -1.6828033579181771 0.5842651938487273 -1.722214883490199 0.5590393678258225 -1.764301631587001 0.5380602337443566 -1.808658283817455 0.5215298321338956 -1.8548576613727688 0.5096073597983848 -1.902454838991936 0.5024076366639015 -1.9509914298352198 0.5 -2.0 0.5024076366639015 -2.0490085701647804 0.5096073597983848 -2.097545161008064 0.5215298321338956 -2.1451423386272315 0.5380602337443567 -2.191341716182545 0.5590393678258225 -2.235698368412999 0.5842651938487273 -2.277785116509801 0.6134947733186316 -2.317196642081823 0.6464466094067263 -2.353553390593274 1.6464466094067263 -3.353553390593274 1.6828033579181776 -3.3865052266813684 1.722214883490199 -3.415734806151273 1.7643016315870013 -3.4409606321741775 1.8086582838174554 -3.4619397662556435 1.854857661372769 -3.4784701678661043 1.902454838991936 -3.490392640201615 1.95099142983522 -3.4975923633360986 2.0 -3.5 2.0490085701647804 -3.4975923633360986 2.0975451610080644 -3.490392640201615 2.145142338627231 -3.4784701678661043 2.191341716182545 -3.4619397662556435 2.235698368412999 -3.4409606321741775 2.277785116509801 -3.4157348061512725 2.317196642081823 -3.3865052266813684 2.353553390593274 -3.353553390593274 4.207106781186548 -1.5 5.0 -1.5
3 0.0 0.0 -1.0 1.0 1.0 1.0 4.0 round 1.0 1 27 -2.82842712474619 -2.82842712474619 -3.82842712474619 -1.8284271247461898 -4.092041813450948 -1.537573136654581 -4.325878449210181 -1.2222809320784078 -4.52768505739342 -0.8855869473039906 -4.695518130045148 -0.5307337294603587 -4.827761342928836 -0.16113870901784844 -4.923141121612922 0.21963871193548656 -4.980738906688788 0.6079314386817576 -5.0 1.0 -4.980738906688787 1.3920685613182433 -4.923141121612922 1.7803612880645145 -4.827761342928835 2.1611387090178495 -4.695518130045147 2.5307337294603593 -4.52768505739342 2.8855869473039917 -4.325878449210181 3.2222809320784087 -4.0920418134509475 3.537573136654582 -3.82842712474619 3.8284271247461903 -3.5375731366545815 4.092041813450948 -3.222280932078408 4.325878449210181 -2.885586947303991 4.52768505739342 -2.530733729460359 4.695518130045147 -2.1611387090178487 4.827761342928836 -1.7803612880645137 4.923141121612922 -1.3920685613182426 4.980738906688788 -1.0 5.0 1.0 5.0
6 0.0 0.0 -2.0 0.0 0.0 -2.0 1.0 -2.0 0.0 -1.0 -2.0 -2.0 4.0 mitre 10.0 0
7 0.0 0.0 -2.0 -2.0 -1.0 -3.0 -2.0 -2.0 -4.0 -2.0 -4.0 0.0 -5.0 -2.0 1.0 round 1.0 1 43 0.7071067811865475 -0.7071067811865475 -0.5857864376269051 -2.0 -0.29289321881345254 -2.2928932188134525 -0.226989546637263 -2.3656067158363543 -0.16853038769745476 -2.444429766980398 -0.11807873565164495 -2.5286032631740025 -0.07612046748871326 -2.6173165676349104 -0.043059664267791176 -2.7097153227455375 -0.01921471959676957 -2.8049096779838716 -0.004815273327803071 -2.9019828596704396 0.0 -3.0 -0.004815273327803071 -3.0980171403295604 -0.01921471959676957 -3.1950903220161284 -0.043059664267791065 -3.290284677254462 -0.07612046748871326 -3.3826834323650896 -0.11807873565164506 -3.471396736825998 -0.16853038769745476 -3.555570233019602 -0.226989546637263 -3.6343932841636453 -0.2928932188134524 -3.7071067811865475 -0.3656067158363545 -3.773010453362737 -0.4444297669803977 -3.8314696123025453 -0.5286032631740022 -3.881921264348355 -0.6173165676349102 -3.923879532511287 -0.7097153227455377 -3.956940335732209 -0.8049096779838715 -3.9807852804032304 -0.9019828596704392 -3.9951847266721967 -1.0 -4.0 -1.0980171403295607 -3.995184726672197 -1.1950903220161284 -3.9807852804032304 -1.290284677254462 -3.956940335732209 -1.3826834323650896 -3.923879532511287 -1.4713967368259977 -3.881921264348355 -1.555570233019602 -3.8314696123025453 -1.6343932841636453 -3.773010453362737 -1.7071067811865475 -3.7071067811865475 -2.414213562373095 -3.0 -4.0 -3.0 -4.098017140329561 -2.995184726672197 -4.195090322016129 -2.9807852804032304 -4.290284677254462 -2.9569403357322086 -4.3826834323650905 -2.9238795325112865 -4.471396736825998 -2.881921264348355 -4.499234638356593 -2.8652358682888077
8 0.0 0.0 1.0 -1.0 -1.0 1.0 -1.0 3.0 0.0 1.0 -2.0 2.0 -3.0 2.0 -5.0 2.0 -0.3 bevel 4.0 3 3 0.7878679656440357 -1.2121320343559643 1.2121320343559643 -0.7878679656440357 -0.4806514693262061 0.9049155380381346 4 -0.7 1.6854101966249684 -0.7 1.729179606750063 -0.6708203932499367 1.6708203932499368 -0.7 1.6854101966249684 4 -1.3 1.9854101966249684 -1.8658359213500126 2.2683281572999747 -2.0 2.3 -5.0 2.3
8 0.0 0.0 2.0 -2.0 2.0 0.0 0.0 0.0 -1.0 -2.0 1.0 -1.0 3.0 1.0 3.0 3.0 1.0 round 5.0 1 3 1.585786437626905 1.0 2.0 1.414213562373095 2.0 3.0
3 0.0 0.0 2.0 0.0 0.0 -2.0 -2.0 bevel 4.0 0
4 0.0 0.0 -1.0 -1.0 -3.0 -1.0 -3.0 0.0 -4.0 bevel 1.0 0
7 0.0 0.0 2.0 0.0 3.0 2.0 3.0 3.0 5.0 1.0 4.0 -1.0 3.0 -3.0 -0.1 mitre 10.0 1 6 0.0 -0.1 2.0618033988749893 -0.1 3.1 1.9763932022500212 3.1 2.7585786437626907 4.878323948670904 0.9802546950917871 2.9105572809000084 -2.955278640450004
6 0.0 0.0 1.0 -2.0 0.0 0.0 2.0 -2.0 0.0 -1.0 1.0 0.0 -0.3 round 4.0 3 2 -0.2683281572999747 -0.13416407864998736 -0.03169482065395509 -0.6074307519420266 30 0.44305986891668786 -1.5569401310833124 0.7316718427000253 -2.134164078649987 0.7461142954431923 -2.1598188005889587 0.7630018063092853 -2.183934380112415 0.7821717393370109 -2.206278571006629 0.8034394775919612 -2.2266361864987116 0.8266002011286124 -2.24481117162287 0.8514308595183673 -2.2606284913369006 0.8776923199471137 -2.2739358162053307 0.9051316701949484 -2.284604989415154 0.9334846543191102 -2.2925332609959965 0.9624782175831655 -2.2976442773585 0.9918331361233877 -2.2998888166211287 1.0212667060272036 -2.299245262643793 1.0504954659264134 -2.295719813203097 1.0792379268851224 -2.289346420304361 1.1072172832920706 -2.2801864632052515 1.1341640786499874 -2.2683281572999747 1.1598188005889587 -2.2538857045568075 1.1839343801124151 -2.236998193690715 1.206278571006629 -2.217828260662989 1.2266361864987119 -2.196560522408039 1.24481117162287 -2.1733997988713876 1.2606284913369006 -2.1485691404816327 1.273935816205331 -2.122307680052886 1.284604989415154 -2.0948683298050517 1.2925332609959963 -2.0665153456808896 1.2976442773585002 -2.0375217824168343 1.2998888166211287 -2.008166863876612 1.299384522020781 -1.9851024576353589 2 0.9242640687119286 -0.5 1.2121320343559643 -0.21213203435596423
2 0.0 0.0 -1.0 0.0 -2.0 round 4.0 1 2 0.0 2.0 -1.0 2.0
2 0.0 0.0 -2.0 -1.0 -1.0 bevel 4.0 1 2 -0.4472135954999579 0.8944271909999159 -2.447213595499958 -0.10557280900008414
3 0.0 0.0 2.0 1.0 3.0 -1.0 2.0 mitre 5.0 1 3 -0.8944271909999159 1.7888543819998317 2.8944271909999157 3.6832815729997472 4.7888543819998315 -0.10557280900008414
3 0.0 0.0 2.0 -1.0 3.0 1.0 -2.0 round 1.0 1 19 -0.8944271909999159 -1.7888543819998317 1.1055728090000843 -2.7888543819998315 1.285218111386195 -2.867909754701678 1.471747154099183 -2.928976135362407 1.6633635604905757 -2.9714654213539777 1.8582219598186414 -2.9949684176252847 2.054445759177414 -2.9992587774741906 2.2501452161122284 -2.984295182390001 2.4434356378725974 -2.9502217399733093 2.632455532033676 -2.8973665961010275 2.815384533685908 -2.826238774702206 2.990460936544218 -2.7375232755793375 3.1559986591425835 -2.6320744774858005 3.3104034827202575 -2.5109079099914124 3.4521884044199265 -2.3751904733775278 3.5799879579380978 -2.2262292007494358 3.6925713637120507 -2.065458670593059 3.7888543819998315 -1.8944271909999157 4.7888543819998315 0.10557280900008414
8 0.0 0.0 0.0 -2.0 -1.0 0.0 -2.0 2.0 -4.0 4.0 -5.0 5.0 -3.0 4.0 -5.0 2.0 0.1 mitre 5.0 2 5 0.1 0.0 0.1 -2.4236067977499793 -2.0821854415126695 1.94076408527536 -3.5 3.3585786437626903 -4.929289321881345 1.9292893218813452 5 -3.6414213562373092 3.5 -5.417414298876609 5.2759929426392995 -5.3938278862989515 5.308717342024465 -2.8311834965918004 4.02739514717089 -3.3585786437626903 3.5
2 0.0 0.0 2.0 -1.0 -0.1 round 10.0 1 2 -0.044721359549995794 -0.08944271909999159 1.9552786404500042 -1.0894427190999916
2 0.0 0.0 2.0 -1.0 4.0 bevel 2.0 1 2 1.7888543819998317 3.5777087639996634 3.7888543819998315 2.5777087639996634
2 0.0 0.0 1.0 2.0 -2.0 bevel 2.0 1 2 1.7888543819998317 -0.8944271909999159 2.7888543819998315 1.1055728090000843
3 0.0 0.0 1.0 -2.0 3.0 -2.0 0.5 mitre 2.0 1 3 0.4472135954999579 0.22360679774997896 1.3090169943749475 -1.5 3.0 -1.5
7 0.0 0.0 2.0 2.0 0.0 3.0 2.0 1.0 2.0 3.0 3.0 2.0 5.0 3.0 -4.0 round 5.0 2 24 1.0044866888794375 6.869248345378603 0.6843754898006034 6.941018927759696 0.29853763057885296 6.988843852938889 -0.09012062702873862 6.998984655207362 -0.4779274808434159 6.971345530554432 -0.8612191722214259 6.906187596288515 -1.2363745989734967 6.804126424162731 -1.5998495252925724 6.666126224834755 -1.9482100654956387 6.493490738602505 -2.27816512524603 6.287850918474367 -2.586597493771637 6.051149521936656 -2.8705932933390397 5.785622756985756 -3.127469507763198 5.4937791558218265 -3.3547993298804117 5.178375875792316 -3.5504350885173337 4.8423926514792965 -3.712528538356272 4.489003644015099 -3.839548321010695 4.121547453576508 -3.9302944323495534 3.743495578360828 -3.9839095593920835 3.3584196180238695 -3.99988717966916 2.969957531421457 -3.9780763465334488 2.581779267430358 -3.918683115209715 2.1975520935473227 -3.822268596112852 1.8209059498201658 -3.706216887179824 1.5008327063705917 11 2.7128825184719134 -2.9331506515383126 2.780361288064513 -2.9231411216129217 3.161138709017849 -2.8277613429288357 3.5307337294603593 -2.695518130045147 3.8855869473039912 -2.5276850573934198 4.222280932078409 -2.325878449210181 4.537573136654582 -2.092041813450948 4.82842712474619 -1.8284271247461898 5.0920418134509475 -1.537573136654582 5.223424954896945 -1.3604234775511066 6.7888543819998315 -0.5777087639996634
6 0.0 0.0 -1.0 2.0 -3.0 0.0 -3.0 2.0 -4.0 4.0 -5.0 3.0 1.0 bevel 2.0 1 7 -0.8944271909999159 -0.4472135954999579 -1.2739514717088982 0.31183496591800686 -2.2928932188134525 -0.7071067811865475 -4.0 0.0 -4.0 1.7639320225002106 -4.273951471708898 2.3118349659180066 -4.292893218813452 2.2928932188134525
8 0.0 0.0 2.0 1.0 4.0 3.0 2.0 3.0 3.0 1.0 5.0 2.0 5.0 3.0 7.0 4.0 -1.0 round 1.0 2 28 0.4472135954999579 -0.8944271909999159 2.447213595499958 0.10557280900008414 2.498898103027631 0.13497850729518604 2.504769531727891 0.13123836221033125 2.592307733157046 0.08688061264889702 2.683772233983162 0.05131670194948612 2.7782821810637013 0.02488913001334525 2.874927391943886 0.0078524088049996 2.972777120411293 0.0003706112629047187 3.070889020090679 0.0025157911873575634 3.168318219754712 0.014267289323011023 3.264126422950408 0.035511932318796346 3.3573909443069025 0.06604512264916118 3.447213595499958 0.10557280900008414 5.447213595499958 1.1055728090000843 5.53482235406189 1.1550354743566458 5.61701772106443 1.2130507437626892 5.692967727345159 1.2790313953728045 5.761903618345084 1.3523095829389868 5.823127635326852 1.4321435956500754 5.876020077983915 1.5177253656172087 5.920045576953979 1.6081886470156581 5.954758512747294 1.7026177840949899 5.979807526240225 1.8000569793090775 5.994939075079531 1.8995199677553423 6.0 2.0 6.0 2.381966011250105 7.447213595499958 3.1055728090000843 30 4.500130927028714 3.8646986535328183 4.471396736825998 3.881921264348355 4.38268343236509 3.923879532511287 4.290284677254462 3.956940335732209 4.195090322016128 3.9807852804032304 4.098017140329561 3.995184726672197 4.0 4.0 2.0 4.0 1.9032731865112964 3.9953109682668635 1.8074534832183804 3.9812878471046433 1.7134394933800519 3.958062146233593 1.622112886159733 3.925851677750531 1.534330128276094 3.884958513473169 1.4509144520038135 3.8357661520914372 1.3726481348490545 3.7787359226924297 1.3002651633013655 3.714402658386946 1.2344443494617985 3.6433696806106353 1.1758029650999422 3.5663031411372823 1.1248909528400926 3.4839257748651944 1.0821857687644179 3.397010121963455 1.0480879047995193 3.3063712829411904 1.0229171328777233 3.2128592745832596 1.006909506095608 3.1173510584389024 1.00021514499308 3.0207423166206704 1.0028968297134255 2.9239390520407325 1.0149294112471403 2.827849091858061 1.0362000472809378 2.733373573817722 1.0665092604401258 2.641398495323905 1.1055728090000843 2.552786404500042 1.4499061533757052 1.8641197157488
5 0.0 0.0 -1.0 0.0 -1.0 -1.0 0.0 -3.0 1.0 -5.0 2.0 mitre 2.0 1 2 1.4328781559159696 -1.39362035683236 2.7888543819998315 -4.105572809000084
3 0.0 0.0 2.0 -2.0 3.0 -1.0 -0.5 round 5.0 1 19 -0.35355339059327373 -0.35355339059327373 1.6464466094067263 -2.353553390593274 1.6828033579181776 -2.3865052266813684 1.722214883490199 -2.415734806151273 1.7643016315870013 -2.4409606321741775 1.8086582838174554 -2.4619397662556435 1.854857661372769 -2.4784701678661043 1.902454838991936 -2.490392640201615 1.95099142983522 -2.4975923633360986 2.0 -2.5 2.0490085701647804 -2.4975923633360986 2.0975451610080644 -2.490392640201615 2.145142338627231 -2.4784701678661043 2.191341716182545 -2.4619397662556435 2.235698368412999 -2.4409606321741775 2.277785116509801 -2.4157348061512725 2.317196642081823 -2.3865052266813684 2.353553390593274 -2.353553390593274 3.353553390593274 -1.3535533905932737
5 0.0 0.0 0.0 2.0 -2.0 3.0 0.0 4.0 1.0 5.0 -0.1 round 4.0 1 19 0.1 0.0 0.1 2.0 0.0994939075079531 2.010048003224466 0.0979807526240225 2.0199943020690925 0.09547585127472946 2.029738221590501 0.09200455769539786 2.0391811352984344 0.08760200779839153 2.048227463438279 0.08231276353268518 2.0567856404349927 0.07619036183450835 2.0647690417061013 0.06929677273451589 2.0720968604627195 0.06170177210644304 2.078694925623731 0.05348223540618901 2.0844964525643355 0.044721359549995794 2.0894427190999916 -1.776393202250021 3.0 0.044721359549995794 3.9105572809000084 0.05403876846270844 3.915858384238037 0.06273518651509462 3.922126407730757 0.07071067811865475 3.9292893218813454 1.0707106781186548 4.929289321881345
7 0.0 0.0 0.0 1.0 0.0 3.0 0.0 2.0 0.0 1.0 -1.0 2.0 -1.0 3.0 -0.3 round 1.0 1 38 0.3 0.0 0.3 1.0 0.3 3.0 0.2985554180016591 3.0294051420988684 0.2942355841209691 3.0585270966048386 0.28708210071966267 3.0870854031763386 0.27716385975338603 3.114805029709527 0.26457637930450645 3.1414190210477995 0.2494408836907636 3.1666710699058807 0.2319031360088211 3.1903179852490937 0.21213203435596426 3.2121320343559643 0.19031798524909363 3.231903136008821 0.16667106990588063 3.2494408836907636 0.14141902104779933 3.2645763793045064 0.11480502970952694 3.277163859753386 0.0870854031763387 3.2870821007196627 0.0585270966048385 3.294235584120969 0.02940514209886823 3.298555418001659 0.0 3.3 -0.029405142098868194 3.298555418001659 -0.05852709660483846 3.294235584120969 -0.08708540317633864 3.2870821007196627 -0.11480502970952691 3.277163859753386 -0.1414190210477993 3.2645763793045064 -0.16667106990588057 3.2494408836907636 -0.1903179852490936 3.231903136008821 -0.21213203435596423 3.2121320343559643 -0.2319031360088211 3.1903179852490937 -0.2494408836907636 3.1666710699058807 -0.26457637930450645 3.1414190210477995 -0.27716385975338603 3.114805029709527 -0.2870821007196626 3.0870854031763386 -0.2942355841209691 3.0585270966048386 -0.298555418001659 3.0294051420988684 -0.3 3.0 -0.3 1.7242640687119286 -0.7 2.1242640687119283 -0.7 3.0
7 0.0 0.0 -2.0 0.0 -4.0 0.0 -5.0 -1.0 -6.0 0.0 -4.0 2.0 -3.0 2.0 2.0 mitre 4.0 1 6 0.0 -2.0 -3.17157287525381 -2.0 -5.0 -3.82842712474619 -8.82842712474619 0.0 -4.82842712474619 4.0 -3.0 4.0
7 0.0 0.0 3.367991 -0.641941 5.069339 -3.370692 7.677394 -4.139649 10.392865 -5.691755 10.394197 -5.701224 11.546937 -6.369372 2.0 mitre 10.0 1 6 0.3744600153771113 1.9646322039719735 4.602119728720817 1.1588378583090628 6.364222007126363 -1.6673554626937017 8.46706228908283 -2.2873553302932734 11.395463088477667 -3.9611675165200904 12.559590340803883 -4.64468848950924
9 0.0 0.0 0.001396 0.000529 2.775368 -1.121681 2.780698 -1.122644 2.789182 -1.122916 4.915504 -1.877176 4.917119 -1.882217 4.917033 -1.885734 4.916601 -1.887504 -2.0 round 4.0 2 6 -0.7481642386819324 -1.852296330746471 -0.7486517164406785 -1.8535013188087628 2.0253202835593216 -2.975711318808763 2.109607965555884 -3.007619380896091 4.071883656497077 -3.700327448573854 4.072443322857769 -3.7006222576218883 2 2.929100851506838 -2.088164018386555 2.9266912907419904 -2.08841995256152
5 0.0 0.0 0.005982 0.001084 0.012139 -0.001146 0.012413 -0.001137 1.756641 2.155977 0.1 round 10.0 1 2 -0.042399737965652266 0.09044363559671617 1.6788858421335675 2.2188589165195065
7 0.0 0.0 2.063183 -0.613538 2.06473 -0.617176 2.069831 -0.620784 2.074052 -0.620338 3.690607 -0.534894 5.633045 -2.923597 -1.0 mitre 5.0 1 5 -0.2850382524405928 -0.9585161420892259 1.6140219928353907 -1.5232482210013418 1.7759222955203051 -1.6377622951215443 3.2356335089956096 -1.5604076229611754 4.857188076432839 -3.5545058952875053
10 0.0 0.0 0.005107 0.005207 3.47778 1.34261 7.523926 -0.202502 7.529699 -0.202075 9.492814 -0.780279 11.43369 -1.976917 11.434866 -1.977434 11.439078 -1.981274 15.036927 -4.439163 0.3 bevel 1.0 1 14 -0.21417870652550447 0.2100654223594683 -0.20907170652550447 0.21527242235946828 -0.10271028238954419 0.2851631280238982 3.369962717610456 1.6225661280238983 3.5848037626103006 1.6228704400138094 7.608475729416186 0.08634065587468626 7.614459153006585 0.08570219934404166 9.577574153006584 -0.4925018006559583 9.65025815856886 -0.5249138948416339 11.591134158568861 -1.721551894841634 11.589214176147491 -1.7246659926741097 11.606638210289304 -1.7359999721536803 11.60830505808775 -1.733560046394303 15.20615405808775 -4.191449046394303
6 0.0 0.0 1.372216 -1.75132 1.373931 -1.751547 1.380674 -1.748862 5.832699 -1.823855 5.834045 -1.824403 0.5 round 2.0 1 8 0.39357598545629957 0.308379544834126 1.6167859382317398 -1.2527683025125624 5.841120152494318 -1.3239259208390979 5.8872364011983285 -1.3268382277774395 5.932886859063773 -1.3339954355366554 5.977681636499602 -1.3453364161251162 6.0212381520757 -1.3607643089527972 6.0225841520757 -1.361312308952797
4 0.0 0.0 0.003736 0.002261 0.007629 0.001148 0.012872 -0.005537 0.5 mitre 4.0 1 4 -0.2588792870912766 0.42776338636577155 -0.06853745334803382 0.5429568783608123 0.3009852291031499 0.4373111692500551 0.4063026312288571 0.30302796627268475
10 0.0 0.0 1.831333 1.612621 1.83271 1.613396 5.865678 1.232041 5.866641 1.232352 5.872618 1.240046 9.558392 3.625437 12.999131 3.031839 16.23933 5.343476 16.246205 5.347583 -4.0 mitre 4.0 1 8 2.643479579247617 -3.002001951048806 3.1771204144963465 -2.532092645979962 6.310605158059844 -2.827689979303065 7.598889405776407 -2.4116397186181406 10.42076430517581 -0.5824300851327776 13.963663363208044 -1.1936527890489468 18.562425236337397 2.08721610206395 18.561051195270984 2.089142082003428
8 0.0 0.0 0.006636 0.001908 0.008378 0.005752 0.015696 0.007038 1.656111 0.433815 2.321696 2.373174 2.45362 4.290188 2.453503 4.293265 2.0 mitre 2.0 2 5 -1.7660763609061807 0.935482099281499 -1.4190195012747702 1.701318246481956 0.11322241185212907 2.099377926089538 0.34449888801255923 2.7732634786936616 0.4570731497469222 4.409102566232233 3 0.457808265803411 4.419784684511802 0.45833908531424683 4.427498128871778 0.4586520161868787 4.427476593769561
6 0.0 0.0 2.736307 -0.672859 2.737328 -0.67219 5.699461 0.861589 6.993594 2.750819 6.999299 2.750879 4.0 mitre 1.0 1 6 0.9551479645185569 3.8842878840111807 2.231655091488907 3.570394264272554 2.9675469008536677 3.9514356974140346 4.246588849607063 5.818635143563214 5.9730458312014445 6.740307015040775 6.9572329652939064 6.750657799974332
9 0.0 0.0 0.99495 1.398159 0.773075 2.980795 0.771864 2.983219 0.772246 2.986702 0.774635 2.989519 2.052526 2.92462 2.052667 2.924397 2.056419 2.919281 0.1 mitre 2.0 1 8 -0.08147616346887569 0.05797960664227593 0.8903911756146212 1.423701569500352 0.6763127049514539 2.950724868639383 0.6692508533388228 2.964860234707938 0.6761794818377782 3.028034090890824 0.7303397865390031 3.0918974556222363 2.1052283798462144 3.022072333747957 2.1372199031186065 2.9781980098971217
5 0.0 0.0 3.72562 1.06741 7.088542 0.83236 10.078647 0.290952 13.299832 3.631373 2.0 mitre 1.0 1 7 -0.5508482279534604 1.9226456329132866 3.342858490863633 3.038213374318087 3.6906450730250997 3.074733857174773 7.282543841676417 2.82367962351384 7.391069902643422 2.8101030130548597 9.381870998017165 2.449635524640872 11.86015735318044 5.01965860149019
10 0.0 0.0 2.202799 0.2534 2.21069 0.257774 4.984195 -0.585088 4.989703 -0.582615 8.468991 -2.280548 12.150549 -0.790005 15.98827 -1.610249 15.989684 -1.610669 18.090392 -4.270332 0.1 mitre 10.0 1 10 -0.01142817923866969 0.09934483740632342 2.1716662209946067 0.35047810967452053 2.1992482060770286 0.3657668693691745 4.977419501390101 -0.47851320739656655 4.991469872787743 -0.4722048253220631 8.472784810324182 -2.171126994408398 12.141453533239462 -0.6858024431558276 16.012995046075773 -1.5132749709020885 16.048523830270312 -1.5238280751182818 18.168866297024625 -4.20834986784491
9 0.0 0.0 0.939207 -1.230753 2.051219 -3.157322 4.772964 -4.254937 7.995415 -5.380818 7.998438 -5.379745 11.805647 -6.647926 13.152475 -7.622712 13.152683 -7.622689 1.0 round 4.0 1 13 0.794967403362528 0.6066521471082418 1.7341744033625281 -0.6241008528917582 1.8052894587942143 -0.7308518351994286 2.74495943482811 -2.3588370062746034 5.125081566185355 -3.3186836315865564 8.28485125233602 -4.422664624319416 8.314466450300138 -4.430995286639889 12.121675450300138 -5.699176286639889 12.216320762335695 -5.736143646074982 12.306726146723681 -5.782524538989754 12.391958229277796 -5.837840114168899 13.738786229277796 -6.812626114168899 13.738162418682965 -6.813488011627229
7 0.0 0.0 3.232718 -0.423542 6.028885 -3.8105 6.032958 -3.813305 6.039158 -3.812425 6.042524 -3.815809 8.007291 -7.558518 2.0 bevel 5.0 1 7 0.25981417354518094 1.9830523430371259 3.492532173545181 1.5595103430371258 4.775033793968721 0.8497458667742955 7.57120079396872 -2.5372121332257045 7.562514744628564 -2.544383064936495 7.813350031234619 -2.886198776787148 9.778117031234618 -6.628907776787148
9 0.0 0.0 0.006086 0.003637 2.601032 0.045004 2.605339 0.04028 4.055798 0.120319 4.057392 0.120326 6.660157 1.896396 9.122321 1.843877 9.123709 1.843893 -2.0 bevel 1.0 1 11 0.12662224308019965 -1.9946955980908125 2.632910694014146 -1.9547419210779633 2.6323996278684785 -1.922682814774986 2.7155350369661897 -1.9566819008476215 4.16599403696619 -1.8766429008476215 4.1644728215180455 -1.849075581944342 5.184697089869223 -1.5316979811682347 7.258156556520439 -0.11681451879832204 9.079669855441283 -0.15566816824897756 9.145374223432972 -0.1559901328089146 9.146762223432972 -0.1559741328089146
10 0.0 0.0 1.370659 1.244303 4.869623 3.88759 4.871587 3.890659 4.875598 3.899168 5.00447 8.262952 5.003331 8.272522 5.482649 10.968089 4.96152 15.392032 4.958975 15.40025 -0.5 round 5.0 1 23 0.33607743242532395 -0.3702052936066715 1.690040659034236 0.8589410547988392 5.1710123472212075 3.4886357903699046 5.205144366106069 3.516880662531523 5.23664218323688 3.5480359996758493 5.265258507044411 3.5818571990680237 5.290768668765408 3.6180787281018905 5.292732668765408 3.6211477281018905 5.323857728762611 3.677466157942542 5.327868728762612 3.685975157942542 5.347349173760967 3.733485079772385 5.361854190447055 3.782742413242114 5.371230798447526 3.833227654966971 5.375380105287886 3.8844083511556344 5.503735113786421 8.230686304518446 5.974926914705654 10.880553551791559 5.981119685949572 10.929012469333072 5.982553822531827 10.977844429740555 5.979215633512827 11.026583260246099 5.458086633512827 15.450526260246098 5.450661411438399 15.495669250137443 5.439141051567974 15.539944579245656 5.436596051567974 15.548162579245655
4 0.0 0.0 0.007355 0.001753 0.016287 0.002191 0.020607 8.1e-05 0.1 bevel 2.0 1 6 -0.02318470045183179 0.09727522636806778 -0.01582970045183179 0.09902822636806778 0.0024571682623548037 0.10163298420239021 0.011389168262354803 0.1020709842023902 0.0601744354356618 0.0920458441147199 0.0644944354356618 0.0899358441147199
10 0.0 0.0 0.006248 0.001189 0.008907 -0.001225 2.344086 -3.403456 2.343697 -3.409782 2.916931 -4.413445 3.08414 -5.787025 5.102004 -9.372627 5.100918 -9.379496 4.260581 -10.118789 -1.0 round 2.0 1 11 -0.7632209770301441 -0.6448158952252548 1.4736941778344708 -3.902484731746022 1.4753466489278857 -3.9057332756238616 1.948615800599725 -4.734369986939684 2.091468027483681 -5.907865204321904 2.1080249267974924 -6.004279145799024 2.1339230316658404 -6.098614013108355 2.16891450294794 -6.189967042415296 2.2126644799958277 -6.277464005416022 3.834770892406422 -9.15983268663153 3.6000556088984834 -9.367985292157405
6 0.0 0.0 0.0032 0.00337 0.315626 0.982532 -0.603358 4.921381 -0.603629 4.92622 -0.600379 4.928704 0.5 bevel 1.0 1 7 -0.46225600443348375 0.18946861504480297 -0.2026203892889109 1.003182352685685 -1.0902808141873925 4.80777566111212 -1.1025757470122763 4.893423155519663 -1.1028467470122765 4.898262155519663 -0.9072542299808152 5.32347523246283 -0.9040042299808152 5.3259592324628295
6 0.0 0.0 1.869941 -2.385805 1.873607 -2.387428 1.874038 -2.387781 1.874611 -2.388063 1.878488 -2.387038 -4.0 round 4.0 3 14 -3.1482328032219895 -2.46751498814435 -1.2782918032219894 -4.853319988144349 -1.0406718794587422 -5.1295857248264 -0.7788964182320546 -5.383080484798443 -0.4951379265782607 -5.611700483591404 -0.1917513514310787 -5.813548375465933 0.12874546437522638 -5.986948999720139 0.13341546437522633 -5.989206999720139 0.5063723157648221 -6.146775931704466 0.893347181349032 -6.2658357264766975 1.2903753879891546 -6.345166580860414 1.6933892630631056 -6.383955726545793 2.098259808986976 -6.381805757143818 2.3621818733418833 -6.353571941832609 3 2.486710206104703 -6.340250168388498 2.5008390060291714 -6.338738699733494 2.674507597258767 -6.302115470282871 2 2.881330110160208 -6.258500742415758 2.897002310012117 -6.255195789187838
7 0.0 0.0 0.008067 -0.004644 2.853282 0.048908 2.855563 0.049362 5.861067 -1.173174 5.869363 -1.175279 6.73972 -1.81167 -0.3 bevel 10.0 1 6 -0.1496739297055313 -0.25999560528305793 -0.14160692970553132 -0.2646396052830579 0.013712532960454833 -0.30459087522558453 2.7973832006250863 -0.2521972488758091 5.726055063819691 -1.4421350828355466 6.562649572326417 -2.053839493626869
7 0.0 0.0 0.00462 -0.003119 0.004929 -0.003898 -1.032895 -2.131013 -0.085898 -5.800956 2.454371 -8.466979 3.497871 -8.863879 0.5 mitre 10.0 1 7 0.27976723745672455 0.41440353865023005 0.41242892485731125 0.3248425423293585 0.5510965677159392 -0.024743521705819907 -0.5026936833856095 -2.1845828104213156 0.3657633060847192 -5.5501559318860165 2.738125684599141 -8.039960226413152 3.675624669384448 -8.396542255221288
10 0.0 0.0 0.005678 -0.001526 0.008664 -0.007437 0.928552 -1.110427 2.685189 -4.624823 3.734809 -6.045682 8.419338 -7.396252 8.42008 -7.395822 10.304974 -3.869372 10.311719 -3.862507 -0.1 mitre 5.0 1 7 -0.06329997601975212 -0.07728060992949837 0.8443044443859296 -1.1655420066030748 2.599611443001634 -4.677277154335382 3.6745241744591075 -6.132374645528323 8.432595844936502 -7.504147315949758 8.49485234846651 -7.468068749214096 10.386855738523886 -3.9283177845084762
8 0.0 0.0 0.005637 0.008201 0.007074 0.009329 0.009384 0.011453 1.088551 -0.128856 3.45624 0.756492 3.456499 0.756519 7.28338 -1.56388 -2.0 mitre 1.0 1 5 -0.08676940511049443 -1.9960583469333941 1.0785531028151696 -2.1435452267491204 1.5613853244212035 -2.087299346123709 3.248499310977881 -1.4564382010282253 6.246424527381693 -3.27406225572801
9 0.0 0.0 2.506628 0.091931 2.510402 0.097886 2.515584 0.100314 2.51949 0.099068 2.523782 0.094616 2.526009 0.085658 2.526506 0.084763 2.528489 0.084064 1.0 round 5.0 2 19 -0.03665052635824539 0.9993281437634305 2.3541491272120263 1.0870111198382084 2.358183129847277 1.087848792336536 2.4509410407715473 1.0982224566342689 2.5442620980758472 1.0999026987610214 2.637333322029225 1.092874881047316 2.7293439093596805 1.0772002273317918 2.8194922966827702 1.0530152896009837 2.82339829668277 1.0517692896009836 2.916055665110652 1.0170743579601975 3.0048310021939817 0.9733929462238518 3.088855274954112 0.9211526572442696 3.167305959180665 0.8608648778032861 3.2394150912248363 0.7931197725825007 3.2437070912248367 0.7886677725825006 3.309075111351807 0.7137401630427604 3.3666788405398558 0.6326911956817276 3.415948743533779 0.5463222117486678 3.4250846890363618 0.52580587257875 3 3.4459944900893453 0.4788493128819723 3.456397682657406 0.4554871521602418 3.4586176628296186 0.44877610675512114
4 0.0 0.0 2.038666 0.680943 4.280422 3.622275 4.279958 3.628504 -4.0 mitre 2.0 1 4 1.2672350299082538 -3.793957746071169 4.47368651422532 -2.722958036905805 8.382162934659794 2.4052212862093647 8.268906365474622 3.92564191003056
5 0.0 0.0 0.004854 -0.001209 0.010904 -0.002942 2.065346 -1.007709 2.066722 -1.008594 2.0 bevel 1.0 1 8 0.483377726353062 1.9407075961271818 0.488231726353062 1.9394985961271818 0.5555973014726311 1.921466691811551 0.5616473014726311 1.919733691811551 0.889587618070984 1.7936979470494039 2.9440296180709837 0.7889309470494039 3.1472318692667227 0.6744095944757249 3.1486078692667228 0.6735245944757249
4 0.0 0.0 1.627771 -0.397213 5.151162 2.029939 5.154889 2.032777 -1.0 round 1.0 1 14 -0.23706640955172587 -0.9714934469476638 1.3907045904482742 -1.3687064469476637 1.482559053219188 -1.3866135713118053 1.5756852687783078 -1.3958556170573242 1.6692676463500957 -1.3963516432030818 1.7624866001343311 -1.3880973055980081 1.8545257271626845 -1.3711648949667774 1.9445789572803416 -1.3457027037943308 2.0318576126338064 -1.3119337275940215 2.115597314838536 -1.2701537119335502 2.195064679334076 -1.2207285623226598 5.718455679334076 1.2064234376773402 5.756986516982475 1.2343407002136377 5.760713516982475 1.2371787002136374
6 0.0 0.0 0.001286 0.001663 0.936622 3.298431 0.937677 3.303264 0.144223 4.224988 0.13927 4.227831 -2.0 round 10.0 1 23 1.5821305221559883 -1.2234635306630193 1.5834165221559882 -1.2218005306630193 1.6928170347065878 -1.065446534501712 1.7868182528823644 -0.899377828107599 1.8645644120531812 -0.7251062613041469 1.9253477297621877 -0.544218360796042 2.860683729762188 2.752549639203958 2.8906091143779244 2.8718933617486595 2.8916641143779245 2.8767263617486596 2.925131090408395 3.0795985388332383 2.9375920884318063 3.28483470096828 2.9289154045503487 3.490265647703386 2.899192745149427 3.6937201198532934 2.8487382576263056 3.8930477481651753 2.778085210075269 4.086141781194193 2.687980355022653 4.2709613521698016 2.579376036783075 4.44555304950784 2.4534201258564994 4.608071562983435 1.6599661258564993 5.529795562983434 1.5031864281661547 5.69237288506148 1.3290761215353892 5.836236919437293 1.139855602462132 5.95955299472187 1.134902602462132 5.96239599472187
9 0.0 0.0 0.001702 0.001809 0.000693 0.010185 -0.084888 4.601256 2.057341 8.929925 2.055309 8.935163 2.996429 11.652354 2.997333 11.654992 2.999915 11.655734 -0.5 mitre 10.0 2 7 0.364159089378799 -0.34261955230664226 0.5260764389080612 -0.17052290994563202 0.5001340020108389 0.04483274065014382 0.41729668387570207 4.488716418195402 2.603126544761573 8.905486967978353 2.587829630083578 8.944918680125648 3.4560464927791332 11.451624568178817 2 3.344306433772968 11.293566800552478 3.344482618963232 11.293385090027845
4 0.0 0.0 0.007696 -0.000485 0.00956 -2.1e-05 0.010499 0.000953 0.5 mitre 4.0 0
4 0.0 0.0 0.002514 -0.002304 -0.74078 -4.501788 0.106942 -7.282722 -0.1 mitre 10.0 1 3 -0.09964412154253313 -0.0071638804372620175 -0.8432556304617931 -4.508569900932607 0.011287563304631335 -7.311880682077414
6 0.0 0.0 0.003829 0.000878 0.006516 0.008199 0.007633 0.009031 0.778538 3.6818 1.44465 5.286603 -0.3 round 2.0 1 17 0.06705063642621645 -0.29241103288836306 0.07087963642621645 -0.2915330328883631 0.09955592137200743 -0.2834393517825416 0.1272878740740511 -0.2725409210942937 0.1538019228270917 -0.25894525226718873 0.1788365103723047 -0.24278646460919912 0.2021446741218514 -0.2242239622251118 0.22349648240911407 -0.20344086151807314 0.242681302731355 -0.18064218477273855 0.25950987960891253 -0.15605283764006608 0.2738162015631546 -0.12991539047557615 0.27766703911610074 -0.12084382764588258 0.28232894162586125 -0.1115597942352211 0.29330740885431017 -0.08256666441203854 0.30123510092116523 -0.05259534448576288 1.0663755086085356 3.592709809847826 1.721729494544968 5.171594505954103
9 0.0 0.0 1.902052 -0.212035 3.93169 1.406951 3.935213 1.409808 3.94401 1.407186 7.420337 0.495365 8.700812 0.811461 10.871438 3.510996 12.65212 7.188179 2.0 mitre 10.0 1 8 0.22158138888240606 1.9876875227512356 1.301539697557376 1.867297039220871 2.678214503493364 2.9654323901371824 3.4625807220515004 3.6015193292289704 7.435382767518258 2.559117101686203 7.565545585572149 2.5912488857003875 9.170419723553241 4.587177205952146 10.85207026292408 8.059856087029887
5 0.0 0.0 0.001693 -0.000653 0.002176 -0.002881 -0.16524 -1.01006 -0.163522 -1.016482 -1.0 round 10.0 1 7 -0.9904693332011077 0.1288705141832784 -1.1518394325854746 -0.8468988538223026 -1.1635832371775456 -0.9525206153851206 -1.1640518795773604 -1.0587922194768564 -1.1532400669969565 -1.1645134480483021 -1.1312699066795109 -1.2684902989217313 -1.129551906679511 -1.2749122989217314
4 0.0 0.0 0.003199 0.003632 0.004716 0.004161 0.006442 0.005528 -1.0 round 2.0 1 3 0.6202374699166047 -0.7835240490421038 0.6255817964028884 -0.7797558724150587 0.6210040936147784 -0.7828764429478805
5 0.0 0.0 0.002806 0.002443 0.004403 0.005468 0.003345 0.008185 0.005475 0.012693 0.5 round 2.0 1 3 -0.4648848676506802 0.18336114453954855 -0.44873198615383875 0.22178836745955557 -0.4466019861538387 0.2262963674595556
7 0.0 0.0 1.032075 -0.831478 1.322544 -4.513167 0.365794 -6.406054 0.360043 -6.409027 -1.121035 -8.217699 -2.296824 -8.243923 0.1 round 10.0 1 34 0.06273680886722961 0.0778722852699001 1.0948118088672296 -0.7536057147301 1.1023962369297187 -0.7603800138353105 1.1092534401890484 -0.7678895704708358 1.1153125050989248 -0.7760567247989865 1.1205107720350465 -0.7847970164567488 1.124794483287589 -0.7940200579999042 1.1281193389948252 -0.8036304696418675 1.1304509552687185 -0.8135288656206734 1.1317652197747896 -0.8236128819936276 1.4222342197747895 -4.505301881993628 1.422536326243984 -4.514405826992217 1.4220087655561373 -4.5234994930613395 1.4206559150449158 -4.532507427250173 1.4184889997280754 -4.541354887951735 1.4155259991700286 -4.549968465057043 1.411791498299856 -4.558276689061411 0.4550414982998561 -6.451163689061411 0.44986113118065024 -6.460208570029272 0.44376740767572875 -6.4686650828482835 0.43682653369931584 -6.4764413508256675 0.42911391912301966 -6.48345288786187 0.4271906128031542 -6.484865651757777 -1.043665597272098 -8.28105494306399 -1.0500817662616353 -8.28816628760261 -1.057148849188867 -8.29463117619785 -1.0648020137334917 -8.30039030096661 -1.0729710509535466 -8.305390828593431 -1.0815810193713302 -8.309586885015124 -1.090552932474869 -8.312939976262285 -1.0998044833279006 -8.315419341597007 -1.1092507996409153 -8.317002235707085 -1.118805222376346 -8.317674137367993 -2.2945942223763462 -8.343898137367994
4 0.0 0.0 0.007845 0.002374 0.014527 -0.001395 1.098359 0.528933 -0.1 bevel 5.0 1 5 0.02896416646770564 -0.09571351555987817 0.03680916646770564 -0.09333951555987817 0.03596799730424546 -0.09055983060311945 0.05847841679680317 -0.09121856573613457 1.1423104167968032 0.4391094342638654
10 0.0 0.0 0.004684 -0.002349 1.331618 -2.588126 1.334651 -2.588931 1.335574 -2.588314 3.827745 1.167582 4.977471 1.586064 4.980289 1.589954 4.988054 1.59436 9.145657 -0.071712 -1.0 bevel 10.0 1 10 -0.8566099957897345 -0.5142489953589694 0.441925539658345 -3.0446863202329486 1.075086088352252 -3.5546617615248137 1.0781190883522518 -3.555466761524814 1.8903900461102143 -3.4202877902101414 1.8913130461102143 -3.4196707902101413 2.168826443381512 -3.141206725217777 4.479035882001355 0.34045901508435916 4.976706693823039 0.5216032848258123 8.77368306194247 -0.9999551736382304
7 0.0 0.0 0.003874 -0.003145 3.004085 0.286001 3.010951 0.290232 4.727413 4.873191 8.245229 7.658868 8.253325 7.656229 -1.0 mitre 10.0 1 6 -0.6302756958738474 -0.7763713977155118 -0.30818359983244964 -1.0378529780072436 3.33107771177634 -0.6871183626063818 3.827253886728536 -0.3813622606222894 5.566312603334386 4.26193004459462 8.780260993231076 6.806981323263613
9 0.0 0.0 0.008067 0.005539 1.083346 2.293853 3.362975 3.561208 3.368784 3.562328 3.37045 3.564228 3.374782 3.563649 7.585395 4.767557 7.59113 4.77052 1.0 round 1.0 1 13 -0.8638478124735353 0.5013595678578067 0.17828749825180246 2.7191400894035085 0.2273380644814189 2.810815681756833 0.28564239516929246 2.896902715065097 0.3525701987951053 2.976470556449689 0.42739796088572757 3.0486590479236644 0.5093167654760221 3.1126878050198012 0.5974410397915713 3.167864653037215 2.8770700397915716 4.435219653037215 2.9883786473616283 4.4883959920437 2.995853647361628 4.4914159920437005 3.095927351958697 4.525808634014845 7.29089940749843 5.723435537478727
7 0.0 0.0 0.006051 -0.007748 0.006493 -0.009877 0.008345 -0.018833 0.013228 -0.02598 0.696044 -3.747791 0.695239 -3.74971 -0.1 mitre 4.0 1 4 -0.08781839441059942 -0.047617467669607734 -0.08552597145129937 -0.05870328841663325 -0.08130369683184785 -0.06488321811256198 0.5954313718466169 -3.7535490119622454
4 0.0 0.0 1.336168 -1.497864 1.343695 -1.497468 1.346501 -1.49384 0.3 round 5.0 1 2 0.22387116415728894 0.19970403565992403 1.51114933568882 -1.2433537468366669
6 0.0 0.0 0.004762 0.000541 4.372473 -0.778414 4.375065 -0.777494 4.378546 -0.773516 6.525486 1.197118 0.1 round 1.0 1 7 -0.01128815979682731 0.09936084464416199 -0.00652615979682731 0.09990184464416199 0.0031035098441843873 0.10052724610616734 0.012748623621563412 0.10022155900288425 0.022319364630497836 0.09898762994349652 4.341927508641575 -0.6713885148651113 6.457864965806917 1.270788860824738
9 0.0 0.0 1.445838 0.614768 1.450537 0.61881 1.453562 0.620588 1.456285 0.626757 -0.872529 4.812816 -0.914339 6.640239 -4.037405 8.791011 -5.108696 10.535844 4.0 bevel 1.0 1 6 -3.6644336937313016 1.594118314308298 -4.3740623918647925 2.879098361445747 -4.800936722541801 4.4600526595637255 -6.30614414877477 5.496648743839222 -7.446174997230518 6.69809745520627 -8.517465997230518 8.442930455206271
5 0.0 0.0 0.004518 -0.000528 4.051807 2.112651 8.060718 2.896825 10.138841 2.664284 -0.1 bevel 4.0 1 6 -0.011607589707959678 -0.09932403466015498 -0.007089589707959678 -0.09985203466015498 0.0508012823935969 -0.08917255860838026 4.085235611883402 2.0172947339316223 8.064851344488806 2.7957383530341944 10.12772045278185 2.564904256442427
10 0.0 0.0 0.003696 -0.002212 0.007713 -0.010106 0.011614 -0.018331 -0.183551 -1.070846 -1.135245 -2.241667 -1.144146 -2.241327 -3.874189 -0.936986 -3.879904 -0.937742 -3.880713 -0.9379 -2.0 round 2.0 1 10 -1.963477944302522 0.3681713109634294 -3.0140950965158235 0.8686270474687404 -3.191148345146938 0.9427627767831902 -3.374493074284907 0.9995841592825746 -3.562440497499215 1.0385678137921017 -3.753259432991144 1.0593546622676029 -3.945192249491668 1.061753237259734 -4.136471055785147 1.045741445518702 -4.142186055785148 1.044985445518702 -4.172759012361488 1.039982641972231
8 0.0 0.0 0.005629 0.002244 0.982711 0.679697 0.983422 0.680419 1.576527 5.011173 1.578837 5.018723 1.136701 7.596958 1.13146 7.603647 -2.0 round 4.0 1 28 0.7406184925798232 -1.8578170653885138 0.7462474925798231 -1.8555730653885139 0.951805923545874 -1.759785860515782 1.1451990131234457 -1.6413435958371763 2.1222810131234455 -0.9638905958371762 2.2706250085185262 -0.850426363216751 2.4077383702375346 -0.7236194269236993 2.4084493702375345 -0.7228974269236993 2.530914725259681 -0.5865720280930825 2.64038795904409 -0.4396094864989367 2.735949978723702 -0.2832436400305324 2.816798484342507 -0.11878727291076085 2.882254704640554 0.05237890590772121 2.9317690957421307 0.22881785461482262 2.964925954903241 0.4090482633631727 3.558030954903241 4.739802263363173 3.5573925657504923 4.739889691972242 3.5667019005744383 4.798738598134368 3.578552583707484 4.984994906703204 3.572989817940818 5.1715449182535504 3.550062043631763 5.356764162225775 3.107926043631763 7.934999162225775 3.064886047207744 8.128091150654777 3.0029802268249135 8.31598640522597 2.922814283845316 8.496846513801183 2.8251725810405315 8.668901897794324 2.7110104681986 8.830469126151783 2.7057694681986 8.837158126151785
6 0.0 0.0 0.001436 -0.00058 0.004777 -0.008776 0.00037 -0.017519 -0.000918 -0.021567 1.89247 -3.861888 -1.0 bevel 1.0 1 3 -0.9001600471473065 -0.43279355957635823 -0.8978323105023475 -0.46377138669929385 0.9955556894976526 -4.304092386699294
6 0.0 0.0 3.161096 -0.450963 3.659155 -1.350815 6.606476 -1.917301 6.608949 -1.923334 6.613966 -1.927203 -0.5 round 1.0 1 13 -0.07061520535509802 -0.49498837640156496 2.8441369168135444 -0.9108078773814585 3.2216932857695992 -1.5929456436257066 3.2472748219017755 -1.6342840792481164 3.276749912843509 -1.6729428462300895 3.3098399268756706 -1.708556498414909 3.346232059959285 -1.7407883754966806 3.3855822927112107 -1.7693337855122901 3.427518642462371 -1.793922885132616 3.4716446796564258 -1.8143232305252521 3.517543275347921 -1.8303419746751102 3.564780544374352 -1.841827690391361 6.433001347954728 -2.393110340003342
9 0.0 0.0 2.572627 0.381502 5.524198 -0.478396 5.524979 -0.478803 5.525883 -0.48265 5.525908 -0.48335 5.529354 -0.486027 6.208318 -4.888074 9.205606 -7.773264 1.0 mitre 1.0 1 11 -0.14668865070063816 0.9891827130291078 2.5328643748967012 1.3865410702147534 2.7485534030721435 1.3718224025543144 5.851207584352606 0.467908478350998 5.942644981596683 0.431180581491764 6.108890607695344 0.344545536905131 6.309210699345575 0.15667809379172895 6.43558434013293 -0.05199006187637123 6.502699555064088 -0.23654769530688016 7.1451479852707 -4.401846864107765 9.899112065386955 -7.052813212456879
8 0.0 0.0 0.008346 -0.00404 4.76397 -1.067873 4.771481 -1.063394 6.789551 2.214404 5.617639 6.271289 6.008364 10.722797 5.705446 12.155806 -2.0 mitre 10.0 1 8 -0.8714037390306183 -1.800182080680579 -0.6544432654794764 -1.9052048835977402 5.104419603549121 -3.193462399866331 6.217299265321372 -2.5298240021725915 8.956558278811459 1.9193465993921601 7.642593235088826 6.4679859822150005 8.0267643964489 10.844826466350012 7.6622058019325525 12.569437572224462
8 0.0 0.0 0.008011 0.002529 0.010703 0.000307 0.017366 -0.00596 0.076761 -1.548195 3.143839 -5.289102 4.958865 -8.475359 9.418589 -9.894578 4.0 mitre 5.0 1 8 -1.2041836462986517 3.8144385885719654 0.8773556044648614 4.471561640023836 2.656874202983398 3.002731652687679 3.9513500062745472 1.78519002590916 4.022079783190112 -0.0513608201448093 6.45183953370523 -3.0149324211997084 7.661002162139845 -5.137603330039686 10.631571197095395 -6.082928201090132
9 0.0 0.0 0.004494 0.003182 0.011316 0.00902 0.016871 0.016737 1.139027 4.044251 1.138194 4.046632 1.137003 4.050254 1.136461 4.052117 1.554257 5.325181 -1.0 bevel 2.0 1 9 0.5778661685659987 -0.816131540394594 0.5823601685659987 -0.812949540394594 0.6546798306787173 -0.7565932204334033 0.6615018306787173 -0.7507552204334033 0.8229121754823655 -0.575198835662115 0.8284671754823655 -0.5674818356621151 0.9801787709238888 -0.2516622147485688 2.0967319679131484 3.7557428453491353 2.5043985720093276 5.01336215332834
6 0.0 0.0 1.519447 2.078406 1.525632 2.079727 2.837297 1.214262 2.842534 1.214426 2.843689 1.214776 4.0 bevel 10.0 1 6 -3.229111591342443 2.3606859873049353 -1.709664591342443 4.439091987304936 0.6839655766063596 5.990179356313494 0.6901505766063597 5.991500356313494 3.728586098488589 5.418438314257692 5.03079091776146 4.5592153465700616
4 0.0 0.0 4.484843 -1.26499 4.486932 -1.267686 5.254308 -2.625998 1.0 mitre 1.0 1 6 0.2714669798097552 0.96244775384068 4.910805319467492 -0.3461190357400569 5.176994539558001 -0.5256024204088587 5.299612039210229 -0.6838488440864283 5.339760433079491 -0.7442374977696721 6.124971196929645 -2.1341183424492436
4 0.0 0.0 0.003795 -0.000734 0.00411 -0.000907 1.011523 0.326678 -0.3 round 1.0 1 9 -0.056967959584335204 -0.2945414259162835 -0.056157380910963894 -0.2946982018705008 -0.054314219145699255 -0.2951630290244115 -0.024025188525978305 -0.29958477146384305 0.006556753534436499 -0.30089702216264075 0.0371132227922741 -0.29908611946567204 0.06732610019798321 -0.29417091642300375 0.09688084378785024 -0.2862025845134836 1.1042233155801877 0.04135949115184695
9 0.0 0.0 3.757321 -0.89693 3.758118 -0.896562 3.76258 -0.887634 3.761294 -0.881222 3.758561 -0.877212 -0.49346 1.038565 -0.500665 1.041021 -2.010328 2.963691 1.0 round 10.0 1 7 -0.9849260590384714 0.1667883385787536 -0.9981799432350774 0.17356559408117245 -1.079122495868649 0.2253084737547718 -1.1547264513016595 0.2845795826244262 -1.224294058934093 0.35083190629729655 -1.2871832777551433 0.42345400059258076 -2.7968462777551433 2.3461240005925807
4 0.0 0.0 0.000752 -8.7e-05 1.803795 -2.30858 1.808776 -2.308419 -0.5 mitre 2.0 1 3 -0.38567213272448786 -0.3176242531947603 1.566087986088115 -2.8165244857228044 1.8249289775397572 -2.8081580132024917
10 0.0 0.0 0.003123 0.004336 4.146397 1.507788 7.209946 1.92961 7.219298 1.930551 7.227771 1.927257 7.232637 1.926116 7.233612 1.92349 9.394236 1.224643 9.396753 1.219596 -0.3 round 10.0 1 4 0.13918194026999275 -0.26543302931649415 4.218828187440462 1.214930641925363 7.186227999283819 1.6235137993781699 9.261206576959022 0.95236854038235
10 0.0 0.0 0.007669 -0.002526 0.015642 -0.005314 1.065963 0.241737 1.072919 0.2428 5.026053 2.705261 5.743786 3.890138 5.745425 3.896227 6.394045 7.648332 6.397556 7.651879 0.5 mitre 4.0 1 6 -0.024276791497200176 0.4989418124762979 0.8798486886081786 0.7116054686209564 4.660289505540751 3.066493533256408 5.268005332854236 4.069747537628117 5.928125132231399 7.888376010142144 6.042203899128371 8.003624482424607
4 0.0 0.0 1.333304 -0.148589 1.335326 -0.148277 1.337198 -0.148971 1.0 mitre 1.0 1 4 0.11075852427907461 0.9938473470807887 1.3881004585541359 0.8514949948250413 1.563182160399413 0.8337581311850564 1.6848059766236754 0.7886689599993564
10 0.0 0.0 1.582248 -0.822612 6.382012 -1.145639 9.663441 -0.794899 13.767845 1.11764 13.769029 1.118326 13.769467 1.118162 13.771662 1.112599 13.464385 -2.07998 13.465394 -2.081047 -4.0 bevel 10.0 1 9 -1.8451338123515508 -3.549011300984689 -0.26288581235155073 -4.371623300984689 1.3136531930630349 -4.813583915421918 6.113417193063034 -5.136610915421918 6.807135879940518 -5.122983552173513 10.08856487994052 -4.772243552173513 10.499450895307694 -4.657965737634697 10.55807035034768 -4.828313159792735 10.55907935034768 -4.829380159792735
6 0.0 0.0 1.845777 -0.280825 4.400552 -3.678359 6.556894 -4.692813 6.559913 -4.701116 6.558567 -4.703909 -0.5 mitre 5.0 1 4 -0.07520683575189568 -0.49431157366198436 1.568806240289548 -0.7444392825235308 4.075470216903931 -4.077991586394741 6.26422842916956 -5.107695837142404
9 0.0 0.0 0.005081 0.000462 0.010293 -0.001093 0.011182 -0.002645 0.019022 -0.00638 0.019937 -0.005841 4.775644 0.558379 4.775766 0.55858 4.779684 0.559003 0.5 mitre 4.0 1 6 -0.04527670921811675 0.4979457998641801 0.05572921374223291 0.5071299636917107 0.06824256820795244 0.503396604867038 4.474688349973736 1.026180039378014 4.476507169048775 1.0291766183459001 4.726014259452622 1.0561142138642392
9 0.0 0.0 3.053529 3.590222 3.060267 3.590244 3.061311 3.590997 5.783161 2.917977 5.790547 2.912525 9.042736 3.111963 12.440135 1.249094 12.440281 1.2489 1.0 round 2.0 1 28 -0.761746603637421 0.647875074259578 2.291782396362579 4.238097074259578 2.357277577926807 4.308019991959476 2.429163535178862 4.371354361599931 2.5067804389057073 4.427518847564422 2.5894158564923746 4.47599792540296 2.6763112912221283 4.516346613745025 2.766669144391326 4.548194558709366 2.8596600363349056 4.571249433320507 2.954430419164013 4.585299620729304 2.962212419164013 4.586074620729304 3.07593731145173 4.590890029785346 3.1894726973604515 4.582750285514945 3.3013475512018196 4.561760850834556 5.875564306060742 3.92524548064327 8.983328444062321 4.110196811437737 9.07678630268403 4.111383120313337 9.169946705397948 4.10383871622263 9.26199582354545 4.087629505409926 9.352129536403915 4.0628970879532496 9.439560455807385 4.0298575207774 9.523524804595306 3.9887994302284753 12.920923804595306 2.1259304302284754 13.011015194868566 2.070127375147946 13.094695349618672 2.0051037543729717 13.171024503925526 1.931589811746488 13.239145447835195 1.8504111411578101 13.239291447835196 1.85021714115781
5 0.0 0.0 0.001973 -5e-06 1.268677 -0.888221 2.267389 -5.727749 2.267099 -5.735105 -0.1 mitre 4.0 1 3 -0.04502054931819201 -0.08918756037308782 1.178763362297434 -0.9473078874894346 2.1672351993278536 -5.737214419622975
10 0.0 0.0 0.002591 -0.002173 0.002718 -0.002361 2.61439 -3.563179 5.660117 -6.060991 5.660274 -6.062128 5.513346 -8.380979 6.808493 -12.008759 8.076233 -12.715667 8.550033 -13.703867 1.0 round 5.0 1 27 0.6425954617092243 0.7662056333587668 0.6451864617092243 0.7640326333587668 0.7323218124224813 0.6815615547807464 0.8089533826882961 0.589248768102303 3.346108026838501 -2.8699848523817932 6.294244535080731 -5.287762528426146 6.36355093256259 -5.350230349344993 6.426733511815067 -5.4188857720096815 6.483242230236155 -5.493131109403142 6.532585145222623 -5.5723200109165525 6.574332696828189 -5.655763089222685 6.608121447342898 -5.742733921809922 6.63365724523841 -5.832475374929994 6.650717785935125 -5.924206194905607 6.650874785935126 -5.925343194905608 6.65959073993861 -6.025167842012377 6.65827262648301 -6.125363603405263 6.524366748483656 -8.238696522281694 7.623868626424775 -11.318463469784357 8.563248319289485 -11.842273572742066 8.650064926224665 -11.896693911037188 8.730857045947417 -11.959712399202152 8.80477646651642 -12.030667425258352 8.871047130372629 -12.10881405392492 8.92897328193202 -12.193331847468123 8.977946772112285 -12.28333347922809 9.451746772112285 -13.271533479228092
6 0.0 0.0 0.004296 -0.004068 3.231986 -2.656884 3.178673 -6.037301 2.869092 -10.879227 2.873539 -14.111678 0.5 mitre 10.0 1 6 0.32164545094197655 0.3820521264282591 0.3217728316631237 0.3822071109729238 3.7357257990202735 -2.4236971286078677 3.6784212442027924 -6.057206615645625 3.3691139683532056 -10.894851499941783 3.373538526838118 -14.110990132528583
4 0.0 0.0 0.000979 -0.001214 0.006717 -0.006025 0.009121 -0.013773 4.0 round 5.0 1 10 2.570858796964039 3.0638390606900137 2.570952567719045 3.0639508995160836 2.576690567719045 3.0591398995160834 2.8568812864910575 2.8004966086841234 3.111170568919424 2.51634849304647 3.3372475104387807 2.2092778052698336 3.5330575917579816 1.882075111466542 3.696821349713878 1.5377139313684862 3.827050548497681 1.1793237158735708 3.8294545484976807 1.1715757158735707
6 0.0 0.0 2.554876 -2.455884 4.520426 -1.995925 4.524167 -1.989193 7.981232 -0.065582 7.985889 -0.064274 0.3 bevel 1.0 1 6 0.2079006108822993 0.2162806879838483 2.6452504001932913 -2.1266308075142644 4.396795595401809 -1.716751142055276 7.835364195631764 0.1965679258988832 7.900110706029926 0.22324205658916438 7.904767706029926 0.22455005658916438
5 0.0 0.0 0.008527 -0.001509 0.015476 -0.001819 0.018147 -0.00164 0.025053 0.000831 0.1 bevel 5.0 0
6 0.0 0.0 0.000263 -0.00023 0.001679 -0.006855 1.015324 -0.682085 1.016136 -0.682637 1.016582 -0.689966 1.0 bevel 5.0 1 7 0.5573448388389952 0.8290842213722114 0.557874192605397 0.829872257484695 1.5729351926053967 0.14801725748469485 1.577522585700352 0.1449172673708481 1.5783345857003521 0.1443652673708481 2.014289513644653 -0.6218952252577858 2.014735513644653 -0.6292242252577858
6 0.0 0.0 0.002412 0.000389 1.810932 0.830004 4.098833 0.092595 6.44714 1.428342 6.448999 1.429016 -4.0 round 1.0 1 17 0.636878280806079 -3.9489727848438627 0.639290280806079 -3.9485837848438625 0.9918816469536813 -3.875298012357597 1.336452651919902 -3.77059701681644 1.6702103005674298 -3.6353294748855887 2.0646319219034535 -3.454398053953177 2.871761775142407 -3.714542534831975 3.272137020617101 -3.821044451670548 3.6813808019825403 -3.8855620685897243 4.095102879956547 -3.907403260775179 4.508864973491663 -3.886333722748691 4.918228372266007 -3.822579481924024 5.318801553779255 -3.716824473855531 5.706287294232434 -3.57020320519145 6.076528767800738 -3.3842885830414353 8.424835767800738 -2.0485415830414357 8.423079051557478 -2.0454531920129995
4 0.0 0.0 0.005423 0.008247 0.006738 0.00839 0.009814 0.009171 -0.3 round 10.0 1 2 0.07643340359648994 -0.28312938609528515 0.08056582944754781 -0.2823838839701113
6 0.0 0.0 4.649934 1.57209 4.653501 1.570896 9.181782 0.256748 9.189762 0.25814 9.190329 0.25861 0.3 round 4.0 1 11 -0.09608377034150375 0.28419695472851425 4.553850229658496 1.8562869547285143 4.580575777308736 1.8639622956107842 4.607897162765677 1.8691302402290555 4.635579675366977 1.8717463921633073 4.663385502104283 1.8717882767570384 4.691075770610717 1.8692555341909878 4.718412601249032 1.8641699225742436 4.737074038222816 1.8588713278144091 4.737113883613181 1.859008626751916 9.226649066938116 0.5561050123127732
5 0.0 0.0 3.070225 -1.727776 4.618501 -3.585939 7.262692 -3.866189 7.265278 -3.868491 0.3 bevel 1.0 1 7 0.14712846549677464 0.261444477165926 3.217353465496775 -1.466331522834074 3.3007031668174287 -1.5357348205085233 4.7711009819243 -3.300432339111426 7.29431101829095 -3.567859923840272 7.462162450060918 -3.6421096846839824 7.464748450060918 -3.6444116846839827
7 0.0 0.0 0.001442 -0.00054 3.397943 1.71203 3.40557 1.716616 6.502992 1.819858 8.198268 2.572558 8.200976 2.581127 2.0 mitre 5.0 1 6 -0.8984700761017287 1.7842350844587946 -0.8990033148600862 1.7852926447196893 2.431079591001081 3.4643735818637262 2.819970337012307 3.698207718641939 6.047239911957014 3.8057777447657415 7.255496041309697 4.3422416530401255
5 0.0 0.0 0.002569 -0.003155 0.003628 -0.006637 0.004325 -0.008185 -0.794397 -4.021551 0.3 mitre 1.0 1 7 0.2326333367761053 0.18942473603100304 0.2536406478780112 0.16362556649946808 0.28109119079250483 0.1120757205835623 0.2850605453812964 0.09902445270993462 0.29710521426227265 0.07227388251230028 0.30769715644837836 -0.020803253859033588 -0.500167222953728 -4.080107283175257
4 0.0 0.0 0.00188 0.000231 3.832595 -2.062019 4.521398 -2.805689 0.1 mitre 5.0 1 4 -0.012195517326940105 0.0992535609292095 0.02126547465967965 0.10336499132756535 3.894651172042957 -1.981856606841096 4.594763263098321 -2.7377365300631826
10 0.0 0.0 0.009271 0.000765 0.009494 0.00084 0.013943 0.004429 0.015878 0.004114 1.670391 0.076592 1.674028 0.072535 1.675831 0.072775 2.536721 1.371973 2.535161 1.37843 1.0 mitre 10.0 1 4 -0.5367591419909987 0.8433860302369516 -0.3504440360694317 0.989503013990509 1.1207696133111216 1.0535962970759116 1.6602968723023594 1.8603250958931392
9 0.0 0.0 1.841159 2.481459 1.842852 2.48416 1.843431 2.49403 3.830403 5.841662 7.840202 8.656127 7.84134 8.658015 7.840797 8.666033 9.683328 10.054768 2.0 bevel 1.0 1 7 -1.6061723565347286 1.1917257910709482 0.14780734785397462 3.555687145452991 2.1105391546118897 6.862479492663024 2.6813953239400803 7.478665775302728 6.630047492365057 10.250212011212858 6.6370075639149935 10.263183898810173 8.479538563914993 11.651918898810171
9 0.0 0.0 3.620869 2.108773 3.627748 2.109778 3.629004 2.112526 4.081394 4.777785 4.133109 8.003742 4.13255 8.005126 4.131093 8.008327 4.124861 8.014588 -0.5 round 1.0 1 30 0.2516326927134658 -0.4320659532499298 3.836591306489456 1.6557930471304305 3.8426047520801503 1.6582953579354696 3.8864767841010224 1.6819235664859757 3.927779072749128 1.7098013064477289 3.9661013958572586 1.741651690818136 4.0010631288413405 1.7771583755365998 4.032317025136024 1.8159687014737496 4.059552665113452 1.8576971971088252 4.082499539229904 1.9019294071059567 4.083755539229903 1.9046774071059567 4.100071946476101 1.944910398689175 4.1128366544894615 1.9864071574360063 4.121953421519729 2.028854811270758 4.574343421519729 4.694113811270758 4.579275747994113 4.731809299740766 4.581329764927122 4.769770578827242 4.633044764927122 7.9957275788272435 4.631348376819947 8.045664826551553 4.624676358159693 8.09518341508037 4.613095338565457 8.143788830705043 4.596720971029776 8.190995679050337 4.596161971029776 8.192379679050337 4.587626065729386 8.212263090836634 4.586169065729385 8.215464090836633 4.565961267928992 8.25508516004428 4.5423124719520604 8.292753696861368 4.515409804498413 8.328171640067843 4.485466139296666 8.361058736798697 4.479234139296667 8.367319736798697
10 0.0 0.0 2.872691 -3.453702 7.484495 -3.157079 7.484888 -3.156911 7.492258 -3.152826 9.620404 0.00719 9.623923 0.010372 9.623979 0.013728 11.356705 4.365681 11.358076 4.367131 0.3 bevel 4.0 1 7 0.23064344295070635 0.1918426496476846 3.0057388347589438 -3.1445247163094936 7.323171890644068 -2.866835129905602 9.355968199236788 0.15159915979723107 11.077984453035196 4.47665332402559 11.138717826498366 4.571791630945541 11.140088826498367 4.573241630945541
6 0.0 0.0 3.491746 -2.263523 7.682131 -3.470514 7.691002 -3.470227 12.347347 -2.652978 15.881394 -2.646694 -1.0 round 5.0 1 13 -0.5439554081210785 -0.8391141245240905 2.9477905918789213 -3.1026371245240907 3.0327085517259014 -3.1519399185027965 3.1220524705005963 -3.192676751672065 3.214960909737746 -3.2244548465991834 7.405345909737746 -4.431445846599183 7.5068569319261576 -4.455033680382696 7.610271583600716 -4.467928770431416 7.7144666913086075 -4.469991064803187 7.723337691308608 -4.469704064803187 7.863872556259678 -4.455171552134012 12.435320127482829 -3.652823153092586 15.883172128606043 -3.6466924191280805
4 0.0 0.0 0.004581 -0.002732 1.32161 -1.149878 5.919762 -0.984584 -0.3 round 1.0 1 11 -0.17882018748536846 -0.24083099543868 1.124570284908608 -1.3760976955985555 1.1466886987588982 -1.3936043596169272 1.170353625877626 -1.4089561914545343 1.1953558400383337 -1.4220174625782414 1.2214742917995551 -1.432672695747985 1.24847806284595 -1.4408276859735305 1.2761284075820718 -1.4464103333991243 1.3041808639286432 -1.4493712807523502 1.3323874146593775 -1.4496843497213823 5.930539414659378 -1.2843903497213824
6 0.0 0.0 1.033698 1.102289 1.038525 1.110436 1.043183 1.112472 1.047398 1.119852 1.050448 1.120692 -0.1 bevel 10.0 1 3 0.07294374595517561 -0.06840475075626548 1.1066417459551756 1.0338842492437346 1.1138465590579518 1.043478942288521
6 0.0 0.0 0.004163 -0.003637 0.011095 -0.008849 0.016065 -0.010376 0.017263 -0.013448 0.016486 -0.020694 0.3 mitre 1.0 1 6 0.13787203111378424 0.26604010140786455 0.16987366626985512 0.2562078082723876 0.2705919760705968 0.16265593666222075 0.3098675179085545 0.06194269415286474 0.319398908370544 -0.009568111025476722 0.3147759417848391 -0.052680100575051056
10 0.0 0.0 1.973679 2.481717 1.973356 2.486696 2.089051 7.25169 2.087151 7.254377 1.192846 9.095724 -0.100263 10.115976 -0.104895 10.120722 0.181407 11.878217 0.187461 11.882661 -0.5 bevel 5.0 1 9 0.3913323348901559 -0.311221791765003 2.365011334890156 2.170495208234997 2.4735328097164917 2.4696269664223234 2.5889048097164915 7.239599966422324 2.538754143017772 7.47024681906529 1.6425491430177717 9.31428081906529 1.5025515286469677 9.48825741962883 0.4357771858178321 10.329933300641267 0.6648213419957323 11.735944992008697
7 0.0 0.0 1.116647 -0.587667 1.122805 -0.592338 1.123493 -0.59641 0.876627 -4.313547 0.875691 -4.319985 0.876918 -4.321344 -0.3 mitre 10.0 1 5 -0.1397161202357245 -0.26547957689109825 0.8115614356538438 -0.7661162395400418 0.5780627317931989 -4.281977765924581 0.5585245818633322 -4.416365168967827 0.6542477751207926 -4.52238621186667
5 0.0 0.0 0.007861 0.005125 3.390035 -1.47698 3.397716 -1.473168 5.498453 -1.465812 -4.0 round 10.0 1 7 -1.4482566435619921 -3.723991198899475 1.784574338894539 -5.140652483402796 2.175779053903816 -5.2882242190667945 2.5802509226147348 -5.394153693878444 2.993570621022804 -5.457283505538519 3.4112221523282353 -5.476923887678453 5.512459427083417 -5.4657874774248745
9 0.0 0.0 0.00507 0.000284 0.008587 0.000135 2.449415 2.798245 2.458166 2.797109 2.463991 2.791989 2.470763 2.786034 3.454198 -1.403118 4.405729 -4.183281 0.5 round 1.0 1 29 -0.3352373469295868 0.3707228005078561 2.0728686043844964 3.1272021582272873 2.106928662263471 3.162529378561338 2.144287685595829 3.194347665990142 2.184585817319358 3.222350534036875 2.227434889703718 3.246268247870968 2.2724221633373465 3.2658704225019286 2.3191143027986323 3.2809682419397657 2.367061550716097 3.291416277946155 2.415802060011374 3.2971138908574287 2.464866342595074 3.2980061989860854 2.5137817916639356 3.294084607263167 2.5225327916639353 3.292948607263167 2.571061795189082 3.284196814904689 2.6184927028363103 3.2707072985164087 2.664364171611525 3.2526112656629316 2.708230026608993 3.2300847298002933 2.7496636007905537 3.2033467982578068 2.7882618850189766 3.172657541061656 2.794086885018977 3.167537541061656 2.8009406868553284 3.1615106239100172 2.8378487396522183 3.125516046276359 2.8708542100058665 3.085912348128106 2.8996062083141463 3.0431205665156966 2.9237990647247982 2.997595631820773 2.9431755787898575 2.9498215312748703 2.957529753829439 2.9003061635672935 3.9352934443446848 -1.2646876790855741 4.878788965251953 -4.021372787497295
5 0.0 0.0 0.002886 0.001747 0.00406 0.002678 0.005529 0.006688 -2.789029 4.096938 0.3 bevel 10.0 1 2 -0.27991708358058526 -0.10731249167564072 -3.036734978199173 3.9276992681316973
7 0.0 0.0 0.004093 0.000753 1.281361 1.070248 1.283358 1.072255 2.778065 4.297633 3.854078 7.715553 2.461266 9.702531 0.3 round 2.0 1 5 -0.16523110942127514 0.25025399588825453 1.0373917338246328 1.2572463559389897 2.497739618237657 4.406235639682689 3.5234938246711507 7.664510230466599 2.2156084250096386 9.530332405784325
7 0.0 0.0 3.61214 -2.853818 5.168452 -4.613589 5.175357 -4.618889 5.179478 -4.621547 5.182758 -4.627991 5.185088 -4.635372 2.0 round 10.0 1 13 1.2398581799765331 1.5693156768302796 4.851998179976533 -1.2845023231697204 4.98659335081104 -1.4009319114010677 5.110305699995791 -1.528865345994536 6.616927443826162 -3.2324500081716034 6.635057984373825 -3.2499468727434095 6.758551743892485 -3.394140746411006 6.867817029748425 -3.5493943426660985 6.96186929118962 -3.7143087263963133 6.96514929118962 -3.7207527263963134 7.03386711853932 -3.870762480159005 7.089985803898586 -4.025926133032847 7.092315803898587 -4.033307133032848
10 0.0 0.0 0.006476 -0.001256 0.010348 0.0007 0.013113 0.005331 0.021409 0.007963 0.021826 0.009311 0.024532 0.011292 0.03263 0.01447 3.165639 0.745689 3.172526 0.739322 -0.1 bevel 10.0 1 6 -0.019039897079751067 -0.09817067952903498 -0.012563897079751068 -0.09942667952903497 0.05156581213065731 -0.0905135422136529 0.05543781213065731 -0.0885575422136529 0.06354557195523827 -0.081002032025992 3.155967581403996 0.6407442921394066
6 0.0 0.0 2.767204 -2.3678 6.469623 -2.251379 9.034594 -0.923589 9.036677 -0.922281 9.042494 -0.924499 -0.5 mitre 2.0 2 4 -0.32507194211728324 -0.3799055572745649 2.5893103822239585 -2.8736409188797056 6.5987312789501775 -2.7475663740435423 9.214724018156966 -1.393364319052908 2 8.977449617051272 -1.419677599225189 8.97737740749133 -1.4203044734268873
4 0.0 0.0 0.00107 -0.000146 2.152816 0.130431 4.017737 1.028783 1.0 round 5.0 1 3 -0.05639937668387171 0.9982061108853886 1.8959778111318306 1.1166845725873789 3.5837539018870803 1.9297040123825016
5 0.0 0.0 0.003223 -0.00014 0.006528 -0.001604 0.009106 -0.008105 -0.153405 -2.487352 0.3 mitre 1.0 1 8 0.013019060598658391 0.29971737363911427 0.04431567978828066 0.2983579176395653 0.0990333536444241 0.2855346248826964 0.1819410295870318 0.24880940927604606 0.26366580386371535 0.16379477967596648 0.3002767464236775 0.07147215066808751 0.310645630494935 0.005561664638859732 0.14595257794145933 -2.5069744496183093
9 0.0 0.0 2.556118 -0.085209 2.564451 -0.085452 2.567577 -0.083254 4.871471 1.166101 4.878222 1.166003 8.17701 2.885955 8.855603 3.643173 8.855034 3.652293 -0.3 bevel 10.0 1 13 -0.009995042731754878 -0.2998334523044258 2.546122957268245 -0.3850424523044258 2.5473733673783805 -0.3850815252508354 2.5557063673783804 -0.3853245252508354 2.706773564250571 -0.33994175423919093 2.7105869283360415 -0.34697385211075826 5.004739344552772 0.8970984845342668 5.016918600250898 0.8999893667425247 8.315706600250898 2.619941366742525 8.40042366331478 2.6857392787284935 9.079016663314782 3.4429572787284934 9.155020815706028 3.661853782580798 9.154451815706027 3.670973782580798
6 0.0 0.0 0.006468 -0.000734 1.443838 -0.062874 4.237254 -3.115853 7.437451 -3.462218 9.786542 -4.667533 0.3 mitre 10.0 1 5 0.020504015623558802 0.29893941525910045 1.581147788230724 0.23147007609812645 4.382133118195912 -2.829781592715895 7.524970898224215 -3.1699384667081847 9.923495733709515 -4.400617892104206
5 0.0 0.0 1.757714 2.089737 6.208867 1.836902 7.347168 0.839889 8.580136 -1.775753 4.0 round 4.0 1 25 -3.061134326558998 2.5747731229687387 -1.303420326558998 4.664510122968739 -1.0220731276751982 4.965981691400797 -0.711183506044931 5.236885726171853 -0.3740554674095926 5.474343171745868 -0.014271868505905116 5.675830429041604 0.36434366004699337 5.839206175195236 0.7577673497052737 5.9627341206501505 1.1618180569408405 6.045101461721023 1.5722016986977212 6.085432832525986 1.9845568881228308 6.08329960801156 6.4357098881228305 5.830464608011559 6.812141452090116 5.791147811207918 7.183171955205777 5.716429014245612 7.545479595397485 5.606977167662417 7.895820665584816 5.4637721838044815 8.231058594291305 5.288096163760942 8.548192027081267 5.081521918830435 8.84438169741085 4.845898889285763 9.982682697410848 3.8488858892857634 10.277397315736161 3.5627103597664433 10.54120659669867 3.2478170393731025 10.771328125016469 2.9075271303911 10.965334792534946 2.5454296947350694 12.198302792534946 -0.07021230526493061
10 0.0 0.0 2.154174 0.288065 2.154989 0.287126 2.813875 -0.882862 2.811465 -0.889526 4.108903 -3.635124 7.741204 -6.864632 9.5386 -11.478283 8.043165 -15.834976 8.039245 -15.838844 0.3 bevel 10.0 1 16 -0.03976328197061879 0.29735312577291845 2.114410718029381 0.5854181257729185 2.3807373653525765 0.48470945448604674 2.3815523653525768 0.4837704544860467 2.416388333478149 0.43433465618970757 3.075274333478149 -0.7356533438102925 3.077610677123238 -0.7637583111266035 3.082705039514291 -0.7613509596673137 4.353988324793317 -3.451601164683294 7.940540596263208 -6.6404336026145625 8.020739889312852 -6.755729811839829 9.818135889312853 -11.369380811839829 9.822349564517802 -11.575680046341038 8.326914564517802 -15.932373046341038 8.253875944874009 -16.04851966698711 8.249955944874008 -16.052387666987112
4 0.0 0.0 4.255538 2.078757 6.516611 1.733537 8.086406 2.421748 2.0 bevel 10.0 1 5 -0.8778311876174841 1.797056595114933 3.3777068123825154 3.8758135951149333 4.557399355439316 4.05584569859001 6.244937332331282 3.798192867220725 7.283372271447399 4.253451259484709
4 0.0 0.0 4.030654 2.451979 4.837587 3.463082 4.837978 3.470319 -0.1 bevel 5.0 1 6 0.051972073199880814 -0.08543362105931265 4.082626073199881 2.3665453789406876 4.1088143354768425 2.389601424236369 4.915747335476842 3.400704424236369 4.937441367984724 3.4576870769819004 4.937832367984724 3.4649240769819003
9 0.0 0.0 0.002953 0.002136 0.004012 0.003522 0.010917 0.004673 0.018781 0.001966 2.450041 1.914864 5.414494 3.397764 6.916951 7.087837 9.023371 8.131913 -0.3 bevel 5.0 1 9 0.17582443859648478 -0.24307564006339866 0.1787774385964848 -0.24093964006339866 0.17696040188796544 -0.238427603827323 0.20428465515521968 -0.233805910803754 2.6115543426485854 1.6602166826937264 5.548706841610087 3.1294602297191005 5.692345540277684 3.2846334490187625 7.151964041082698 6.86949399419314 9.156601822792766 7.863120239945043
10 0.0 0.0 1.009823 -0.640168 1.010637 -0.648216 1.00949 -0.65721 1.012143 -0.659918 2.739494 -1.574873 2.744435 -1.572851 2.744667 -1.571695 2.744966 -1.569227 2.742127 -1.560576 0.3 mitre 2.0 1 4 0.160625463112924 0.25337612476269084 1.2936242049004603 -0.4648780034683393 1.294121176265407 -0.46979154836402787 2.796762713113037 -1.2657209149759228
5 0.0 0.0 0.002393 -0.000515 0.722407 -1.777797 4.212024 -5.256247 4.215392 -5.256141 2.0 mitre 4.0 1 4 0.42078779713263553 1.955233395220188 1.4584381713713501 1.7319195871412127 2.4230263200355457 -0.6490690520160803 5.569339410502871 -3.785313737188139
4 0.0 0.0 0.004409 -5.7e-05 2.920574 -2.612275 4.593965 -5.669898 0.3 mitre 4.0 1 4 0.0038781064114125877 0.2999749327704929 0.1207786248517412 0.29846363098979534 3.159048921113979 -2.423132834491942 4.857130913931416 -5.525871260313778
10 0.0 0.0 0.008211 -0.005189 0.009279 -0.013631 0.00683 -0.020751 -0.612721 -1.0484 -0.613547 -1.053953 -0.617617 -1.059002 -0.61767 -1.068982 -0.61451 -1.072713 -0.609818 -1.074316 0.3 mitre 5.0 2 5 0.16026645193954145 0.2536033603537434 0.28808095116280197 0.1728300761655204 0.31566585413590664 -0.045214634414028856 0.2801724214021734 -0.1484050145954019 -0.3170561060029633 -1.1390277380828329 3 -0.32876292478047003 -1.1784362045462657 -0.32880893367423625 -1.1787455113102896 -0.3289606684846092 -1.1789337444939685
5 0.0 0.0 4.686839 -1.731348 7.51685 -4.855479 7.52229 -4.855098 7.526549 -4.854857 -0.1 round 10.0 1 14 -0.03465190052645507 -0.09380429515701648 4.6291869786771604 -1.8166559049160507 7.442736755365148 -4.922614884366667 7.449847995339522 -4.929713300505072 7.457635669098233 -4.936062267592323 7.46602115443201 -4.941597688205438 7.474919793790585 -4.946263678262556 7.484241748961991 -4.9500131312132405 7.493892908054414 -4.952808193613231 7.503775835623926 -4.954620647282398 7.513790756355893 -4.9554321941877095 7.523836562369067 -4.95523464117514 7.528608348491161 -4.9549004407132795 7.532198567630005 -4.954697284382577
8 0.0 0.0 0.001264 -0.001847 2.766821 -1.527286 6.708181 -0.750918 6.712027 -0.742159 7.741048 0.079011 9.92859 0.345903 9.936524 0.343178 0.3 mitre 4.0 1 6 0.16513469307362322 0.2503751609751709 2.8160431721281673 -1.2118254660162397 6.568853702182517 -0.4725978883280218 7.6203530988788275 0.36651011781092857 9.96076620893812 0.6520532231638521 10.033973968175479 0.6269093935795581
6 0.0 0.0 0.002356 -0.001012 0.010573 -0.00652 4.469129 1.299158 4.471266 1.298662 7.939675 3.811546 4.0 mitre 2.0 1 3 -1.0801260140175553 3.8499091994185335 2.685331821185916 4.94594325209963 5.59410491164777 7.051654171130606
9 0.0 0.0 1.951362 0.045895 1.954715 0.045917 5.169398 1.868868 5.170952 1.868197 6.658023 0.682364 8.301073 -2.680021 10.774999 -3.738577 11.8604 -4.576379 -4.0 mitre 5.0 1 7 0.09405187043571829 -3.9988941278392884 2.0115145519574944 -3.9537964218429424 3.0221268034140274 -3.9471655034020063 4.15446810378107 -3.3050484716930013 5.36017644925906 -5.772444871808648 8.733665133850709 -7.21591031418914 9.416285257389525 -7.742812818186342
7 0.0 0.0 1.710952 1.298546 1.711826 1.300681 5.710269 2.53175 8.502099 1.397287 10.003423 -1.434054 10.001727 -1.443613 -4.0 bevel 1.0 1 5 2.4182342880195344 -3.1862427604071004 3.5656526592619455 -2.3153968592343332 5.5258787853313445 -1.7109539757186514 5.6492962143541865 -1.7611047752951086 6.4279861574431685 -3.2296330624306644
10 0.0 0.0 0.000961 0.000187 0.003001 0.00018 1.597968 -0.366696 2.818353 -3.122864 4.390021 -5.067878 4.391937 -5.067934 5.695172 -6.768726 8.889237 -8.932333 11.976242 -11.786173 1.0 mitre 4.0 1 10 -0.1910063534470567 0.9815888003348743 -0.09372948743044522 1.0005178054806716 0.11822243789682615 0.9997905194624055 2.3097616909306304 0.49569033745485924 3.679220502106605 -2.597152128390971 4.87883963844175 -4.081737940941565 4.8964756187612135 -4.082253397568855 6.390286371087646 -6.0317570381791645 9.51260332635542 -8.146763094923799 12.655073775977929 -11.051879176028526
5 0.0 0.0 3.554924 0.867582 3.562751 0.865389 3.564229 0.866668 3.572552 0.869518 0.3 mitre 2.0 1 4 -0.07112766121820138 0.2914461456420873 3.560166114537841 1.17766624951997 3.59135688805526 1.1689270945022485 3.591376270699439 1.1689268289156387
5 0.0 0.0 0.008856 0.002279 0.010632 0.001691 0.016218 0.005677 0.016447 0.008951 -0.3 bevel 10.0 1 7 0.07476594145907645 -0.2905340840551035 0.08362194145907645 -0.2882550840551035 0.07608287269505176 -0.25895890460174564 0.18488764773666658 -0.2425117215898192 0.19047364773666658 -0.23852572158981922 0.31548683581572073 -0.01525536511967014 0.3157158358157207 -0.01198136511967014
9 0.0 0.0 0.001721 -0.00091 2.824643 -3.10529 2.830635 -3.112515 3.017071 -4.550336 3.014882 -4.559126 3.014428 -4.567056 3.018763 -4.575039 3.019868 -4.584526 -0.1 round 5.0 1 10 -0.06651089539219536 -0.07451390111269136 2.7354103256531577 -3.1557992501902685 2.9157528891089393 -4.546626799218114 2.915045481769633 -4.553410264908376 2.9145914817696332 -4.561340264908376 2.914490140962195 -4.5705808164405815 2.915242250108765 -4.57979126672329 2.9168413863429468 -4.58889296029554 2.91927389335112 -4.597808170457605 2.9220637411070127 -4.605246887742652
4 0.0 0.0 0.003718 -0.000634 2.815697 -2.373321 2.816446 -2.379638 1.0 mitre 1.0 1 6 0.1680953861547677 0.9857707345795368 0.303692865414989 0.9626484102516768 0.5463537292735322 0.8499213404081378 3.605964134476532 -1.7317116780069672 3.786343350784703 -2.0666773507743113 3.809489961878754 -2.2618938291203006
6 0.0 0.0 0.005005 -0.002799 0.007864 -0.005781 0.008312 -0.006976 1.556554 -2.164339 4.953395 -4.186533 0.1 round 4.0 1 11 0.048809882890559736 0.08727883667997553 0.05381488289055974 0.08447983667997554 0.062189884881160465 0.0792369003188752 0.07000659633024886 0.07319305533816926 0.07718870343432903 0.06640730721621284 0.08004770343432903 0.06342530721621284 0.08668341535077735 0.055761666206150376 0.09250914690577312 0.047465587733864105 0.09315396311232953 0.04631497986123216 1.6256337770963676 -2.0890845564748486 5.004548332485177 -4.100606656102095
7 0.0 0.0 0.000204 0.000211 0.002142 0.003492 1.215089 0.973367 2.362577 2.747677 2.362627 2.748124 2.362132 2.750667 -1.0 mitre 2.0 1 5 0.6247911754205395 -0.7795217361808201 0.6253877980551287 -0.7802665580690096 1.9667708040573448 0.29421779278649746 3.3301940569121333 2.402418934561209 3.3734369498196477 2.7890103971551703
8 0.0 0.0 0.007701 -0.000383 0.013749 0.002444 0.018872 0.006116 4.471145 -0.672244 5.956885 -0.714235 8.161037 0.738787 10.632158 2.253911 0.5 round 2.0 1 12 -0.1508298289577344 0.4761194850887417 -0.14408667839605174 0.4788151317269497 -0.09771752087965066 0.49233291005255414 -0.050260429655164585 0.501313644552126 -0.0021582418561645784 0.5056735331505583 0.0461401857835335 0.5053718923478767 0.09418416535407062 0.5004115368498497 4.5160333459193165 -0.173313010168772 5.8133638695846885 -0.20997905269251957 7.885842629390164 1.1562412590328381 7.899685006870923 1.165044123914028 10.370806006870923 2.680168123914028
4 0.0 0.0 3.899149 -0.475681 7.244184 0.367557 8.239657 2.213912 -1.0 mitre 5.0 1 4 -0.12109827973238645 -0.9926405223674161 3.9629594873828737 -1.4908796721714255 7.915485081808907 -0.49450152450103674 9.11987288167299 1.739338505532979
6 0.0 0.0 0.00048 -1.4e-05 0.006057 0.006981 2.88552 1.275672 2.889223 1.281077 2.894593 1.288265 0.1 mitre 2.0 1 3 -0.07323827649201686 0.06793508488998443 -0.05678837918547656 0.08856750942992508 2.8220429170743095 1.3569801808492572
8 0.0 0.0 3.734798 -0.573187 5.756083 -1.917469 5.763185 -1.920125 5.768364 -1.923248 6.896647 -2.569427 7.205057 -3.717072 7.200955 -3.721639 0.5 round 4.0 1 30 0.075847961062897 0.494213604428896 3.810645961062897 -0.078973395571104 3.863790378444965 -0.09011250646602037 3.9154135067254248 -0.10694882188679788 3.964906521542785 -0.12928378046516303 4.011685720317443 -0.15685397183935873 6.009390628533204 -1.4854537236933023 6.021380585042662 -1.4919485879167589 6.021738163180521 -1.4921642118836507 7.14513549591678 -2.1355451411985333 7.186607163407599 -2.1620904025322076 7.225266739121333 -2.1925860958244763 7.260739294744756 -2.226736467729997 7.292680810324196 -2.264210321097784 7.32078151064001 -2.3046442269875564 7.344768869468732 -2.3476460492764346 7.364410252597016 -2.392798747673652 7.379515173954856 -2.4396644222608757 7.687925173954857 -3.5873094222608755 7.698421617745005 -3.6358848461065136 7.704044118132337 -3.685262316914744 7.704737130499983 -3.73495403521751 7.700493808586705 -3.78446909709936 7.6913560721210406 -3.8333183438316 7.677414192696781 -3.8810191942657646 7.658805901980928 -3.9271004122472535 7.635715031064141 -3.971106761951898 7.6083696943954955 -4.01260350515545 7.5770400362424555 -4.051180696007518 7.572938036242456 -4.0557476960075185
10 0.0 0.0 0.009251 -0.002819 0.01304 0.000391 0.017481 0.007451 0.852654 0.619032 3.058363 -0.102574 3.064346 -0.103125 5.311187 0.379408 5.317758 0.383196 7.053273 1.817133 -4.0 round 2.0 1 24 -1.1659630725709191 -3.8262945669931088 -1.1567120725709192 -3.829113566993109 -0.7553252984021667 -3.929066965159822 -0.3457622397099653 -3.987033552409375 0.06759728672983134 -4.00239344121557 0.48033286518407387 -3.9749823748241897 0.8880307523423258 -3.90509348379444 1.2863310773428036 -3.7934741512969494 1.3721280542062257 -3.759534828764283 1.81461527884752 -3.904296189498861 2.2479838029237977 -4.019624619655831 2.6915382325457498 -4.085718434988786 2.69752123254575 -4.086269434988786 3.1015146840565193 -4.102952307387846 3.505128343567614 -4.078764687597336 3.904238060796799 -4.013953726268961 6.151079060796799 -3.531420726268961 6.551764690304779 -3.423349814312931 6.939096408482063 -3.274344996273226 7.308904872722765 -3.0860102000162737 7.315475872722766 -3.082222200016274 7.598515013748293 -2.9028574755596983 7.865548534782749 -2.700432283511396 9.599335905687038 -1.2679218909678207
10 0.0 0.0 2.474775 3.153284 2.474805 3.153863 3.485635 5.277966 3.486578 5.2826 3.489454 5.290056 3.490599 5.294949 3.492935 5.297885 6.126563 5.95407 6.129814 5.960688 0.1 mitre 4.0 1 8 -0.0786658206165743 0.061738874841715065 2.3886276108135913 3.2054900848037677 3.39008238489829 5.309892496680772 3.3902592192970475 5.31076147929354 3.393662232905425 5.319583756575899 3.3983510411413285 5.339620733604959 3.4358180942185736 5.386711173602727 6.075238028185764 6.044339270422118
5 0.0 0.0 0.004704 0.000325 0.009704 0.001323 3.837132 1.681202 3.837826 1.680947 0.1 round 1.0 1 11 -0.0182945336328959 0.09824225743832804 3.796942125370241 1.7727704114596528 3.80587707548722 1.7761921557725877 3.815098138395686 1.7787443443577298 3.824520902947944 1.7804036140551334 3.8340591115858147 1.781154775633266 3.8436254499567055 1.780990952833767 3.8531323462037563 1.779913645317865 3.8624927726132228 1.7779327149382265 3.8716210422806805 1.7750662954619139 3.8723150422806807 1.7748112954619137
4 0.0 0.0 2.422862 2.365324 2.427675 2.372267 2.430038 2.374666 0.5 round 5.0 1 4 -0.3492796428437309 0.35777609072568806 2.0552461896471472 2.705199369563135 2.071458978191477 2.7231375542032703 2.0738219781914773 2.7255365542032703
7 0.0 0.0 1.43276 -0.708311 3.524027 -0.727088 3.525241 -0.726431 6.169356 3.228015 6.173811 3.230271 6.178252 3.230724 -0.3 round 5.0 1 20 -0.13295105989356146 -0.2689312471119312 1.2998089401064385 -0.9772422471119313 1.324526769161291 -0.988106582063432 1.3501212932150461 -0.9967045577312892 1.3763851952444262 -1.0029665300495325 1.4031057362284998 -1.0068417767051336 1.4300664783462103 -1.0082989079914733 3.52133347834621 -1.027075907991473 3.551596271445185 -1.025818539570332 3.581578036372652 -1.0215160526927312 3.6109731531345224 -1.014212304883979 3.63948198175187 -1.003981747110106 3.6668139166497853 -0.9909286648597732 3.6680279166497853 -0.9902716648597732 3.6929277971681 -0.9751901969264745 3.7162487113691367 -0.9577663716955633 3.7377710657092575 -0.9381642547561166 3.757292202178735 -0.9165684228483273 3.774628306562731 -0.8931822258587212 6.390054942060523 3.0183584586567798
10 0.0 0.0 1.630612 0.069434 5.43729 1.820005 5.437752 1.820276 9.652503 1.668617 9.65842 1.663038 9.658854 1.66225 11.005366 0.918129 11.00774 0.908847 11.007512 0.904621 2.0 round 5.0 1 32 -0.08508601308913614 1.9981892729110013 1.1524475704053028 2.0508853813882806 4.592498066698295 3.6328559702707968 4.592966814307253 3.6331019679390275 4.593574015163753 3.6333507649923695 4.601676121747729 3.6370766679515416 4.601833268638788 3.6367349465286662 4.767623944229762 3.70466672086168 4.948249674705745 3.7594478525008346 5.133235234358436 3.796957446122061 5.32093302030922 3.8168614166511396 5.5096712728108885 3.818982486255136 9.72442227281089 3.6673234862551363 9.911908153788483 3.6517228887986724 10.097098666589028 3.618574613193235 10.27835513748702 3.5681719747251135 10.454073703455427 3.500960965352022 10.622699504081684 3.417536307305994 11.975562504081685 2.6670483073059943 12.148174783285876 2.559466285521979 12.308967879680315 2.4349091881927216 12.456278835271835 2.294665212543443 12.588584127368378 2.1401847929866253 12.704515425189802 1.973065600406473 12.802873741449378 1.7950360186910095 12.882641832547186 1.6079372694011926 12.942994719129848 1.4137043694477032 12.945368719129847 1.4044223694477032 12.985590666721441 1.2056747954463733 13.005481098997604 1.0038759501985817 13.004835550254604 0.8011002452773675 13.004607550254605 0.7968742452773675
7 0.0 0.0 1.581162 0.152514 1.584679 0.148788 2.155134 -2.175701 2.168859 -3.198496 0.931187 -4.420769 0.009093 -5.243833 0.5 bevel 10.0 1 12 -0.04800565106917374 0.49769012192872053 1.5331563489308262 0.6502041219287206 1.944765988055598 0.4957225952741635 1.948282988055598 0.4919965952741635 2.0702700483110195 0.26795734924805525 2.6407250483110194 -2.056531650751945 2.6550889879415855 -2.1689920483435117 2.6688139879415855 -3.1917870483435116 2.5201922994600556 -3.554255627684917 1.282520299460056 -4.776528627684916 1.264142161910987 -4.793784897994748 0.342048161910987 -5.616848897994749
8 0.0 0.0 2.621946 -2.96895 2.624662 -2.974702 2.62659 -2.976721 4.609736 -5.391754 4.612792 -5.395313 5.893023 -6.881962 9.727549 -6.616548 1.0 bevel 2.0 1 6 0.7495516860878405 0.6619458209573313 3.3714976860878405 -2.3070041790426687 3.395043113888434 -2.334662326702329 5.375271171164339 -4.748249505468844 6.323824698152766 -5.849750614999579 9.658497315642443 -5.618934916240878
8 0.0 0.0 0.000585 0.000239 2.497406 2.519144 2.10649 5.11661 2.104417 5.11966 2.101529 5.12872 3.455825 7.441888 4.501408 8.13939 4.0 mitre 1.0 1 12 -2.8392912237777415 2.815217172233159 -2.8402680169144134 2.8161854015297374 -2.815976762762233 2.8406915081109454 -2.8146863360486916 2.8421014812389775 -2.813714676035478 2.8429736026489425 -1.7568414648953792 3.9091946957536745 -1.8004942958072676 4.199248682025352 -1.9679087258874217 4.724447690517844 -1.780203225132098 6.4155433901592085 0.23370073354475113 9.85533660544199 0.8577203546316847 10.517058110954066 2.2816231919607866 11.466934951762234
5 0.0 0.0 1.49656 -1.401856 1.50061 -1.408248 1.501244 -1.411751 1.500973 -1.413161 0.5 bevel 10.0 1 8 0.34181882913792694 0.3649107946427136 1.8383788291379268 -1.0369452053572865 1.9189177589851736 -1.1342482209183335 1.9229677589851737 -1.1406402209183335 1.992616707966682 -1.3192008253351741 1.9932507079666821 -1.3227038253351742 1.9922571561867997 -1.5061230321465928 1.9919861561867995 -1.5075330321465927
5 0.0 0.0 2.488319 -1.54557 5.533394 -1.148423 5.5379 -1.149536 5.546859 -1.15238 0.1 mitre 4.0 1 5 0.052763296867126094 0.08494724541567857 2.510770117930469 -1.4417949457707695 5.539112908249664 -1.0468302062661932 5.565047066177718 -1.0532360468729234 5.577115685969781 -1.0570671836837977
6 0.0 0.0 3.661571 1.184315 5.670256 0.214692 5.675016 0.213427 5.67587 0.212671 5.681093 0.212829 -0.1 bevel 4.0 1 8 0.03077471485563716 -0.09514681773740112 3.6542021922121015 1.0768308696665634 5.626784256745584 0.12463530930784707 5.644571885568205 0.11804663660446789 5.6493318855682055 0.1167816366044679 5.6509396818269195 0.12283152608389768 5.678893698176396 0.11271672420682517 5.684116698176396 0.11287472420682516
4 0.0 0.0 1.964732 -2.216773 1.967902 -2.219399 2.542368 -5.572949 0.5 mitre 4.0 1 4 0.37418477889761237 0.3316409975279669 2.3133655260962573 -1.856302967608134 2.429460671426371 -1.95247516055352 3.0351896050971288 -5.488528235081115
8 0.0 0.0 0.003825 0.004983 0.004244 0.005069 2.805938 0.225979 4.157195 2.048087 4.159436 2.05695 4.163731 2.058908 5.530247 1.838636 -4.0 mitre 10.0 1 4 0.31830740876344943 -3.9824884739967024 0.3183189278908358 -3.982634530471019 4.934765205394279 -3.6185463721622178 6.040558603782331 -2.1274347645627336
6 0.0 0.0 0.003152 -0.002538 0.006726 -0.009934 0.012927 -0.016324 0.018017 -0.015456 0.025752 -0.013929 -0.5 mitre 1.0 1 8 -0.4329022075755909 -0.24934267768147664 -0.426011568788458 -0.2636020969511002 -0.380031525586002 -0.32935210101234286 -0.2598211789167935 -0.45322633342908886 -0.02485529751691365 -0.5299850906546778 0.10527294252011757 -0.5077942630805834 0.1116663913156959 -0.5066182504880434 0.12259020095252876 -0.5044617337051805
5 0.0 0.0 0.002137 -0.00027 1.354713 -2.825489 1.356199 -2.826006 1.359201 -2.832357 0.5 bevel 10.0 1 7 0.06267441215204025 0.49605636581077783 0.06481141215204025 0.49578636581077784 0.45311806576196806 0.2156375689368009 1.8056940657619682 -2.6095814310631993 1.8053592496545734 -2.6097417245594827 1.8082431333592113 -2.612333115675574 1.8112451333592114 -2.618684115675574
9 0.0 0.0 0.002614 -0.001069 1.760409 -1.913106 1.76897 -1.912505 5.440189 -1.242097 5.446037 -1.236081 5.453284 -1.230656 7.151188 -1.566977 11.280669 -0.475536 2.0 mitre 1.0 1 8 0.7570450846663173 1.8511841452925661 0.9637415918232276 1.766655237048215 1.325742243762217 1.514829042933732 2.4864536575584 0.25226818145636254 4.85073032995837 0.6833947503464679 5.424684973436542 0.8138671348901672 7.086697231005045 0.48465557494467165 10.769608950707788 1.458066240901019
7 0.0 0.0 0.002138 6.2e-05 2.537186 0.869902 2.538807 0.870068 6.955637 -0.970211 6.956381 -0.972241 6.133741 -2.963624 0.3 round 2.0 1 29 -0.08459379452147497 0.2874710879746512 2.4398205274131888 1.1536624002463114 2.4728025946976073 1.162911858403549 2.5066240565070856 1.1683412192891809 2.5082450565070853 1.168507219289181 2.5380016508917604 1.1700669190194088 2.5677661903816 1.1686670041718863 2.597245035368628 1.1643212854910119 2.626147364740409 1.1570726353057947 2.6541880449517303 1.1469925645764323 7.071018044951731 -0.6932864354235676 7.0989030290261 -0.7066301871036647 7.125266801596719 -0.7227726634184228 7.149829429769593 -0.7415424621112433 7.172330105362958 -0.7627402837816424 7.19252991419187 -0.7861410480641028 7.210214372880382 -0.8114962835515157 7.225195706265204 -0.8385367660867944 7.237314841209169 -0.8669753774090417 7.238058841209169 -0.8690053774090417 7.2464195623289305 -0.8955752817018744 7.252279952939365 -0.9228060968506324 7.2555894924706505 -0.9504630746295506 7.256319650431545 -0.978307792999914 7.254464132361713 -1.006100211470879 7.250038934094272 -1.0336007404124568 7.243082203860786 -1.0605723064817678 7.233653913427451 -1.086782396357184 6.41101391342745 -3.078165396357184
10 0.0 0.0 0.001118 0.000569 1.145089 -0.064752 3.653204 1.405835 7.536255 3.132132 8.820466 4.293203 8.824666 4.292991 10.952797 3.320778 12.226133 0.223909 13.717414 -2.04927 -1.0 bevel 1.0 1 12 -0.05586166493868172 -0.997319646523609 -0.055889364903455904 -0.997804757841603 1.088081635096544 -1.0631257578416031 1.6508885396907864 -0.9274030451211364 4.110654278404156 0.5148352567100306 7.942491039974721 2.218363823805591 8.206903330170883 2.3903565506630686 9.003562966265278 3.1106263508281162 10.178235581335004 2.5749304303968232 11.301260991760765 -0.15636954051408566 11.39000196614442 -0.32462075691715686 12.881282966144418 -2.5977997569171567
4 0.0 0.0 3.780257 0.614526 4.76553 2.402037 4.769141 2.402785 0.3 mitre 2.0 1 4 -0.0481366968410488 0.29611291497878467 3.5880059748124657 0.8872114068116277 4.5694581000736 2.6677904644714383 4.708289377824485 2.6965486466253243
4 0.0 0.0 3.434377 -0.259438 7.038764 -1.53265 7.038856 -1.532912 0.1 mitre 4.0 1 4 0.007532688149176668 0.09971588945221946 3.455157267743503 -0.16072285261971755 7.117243572058708 -1.4543165282405017 7.133208100270923 -1.4997807281489866
4 0.0 0.0 0.002002 0.00306 0.007875 0.004662 3.448697 0.327801 -0.3 mitre 2.0 1 2 0.07348476960381917 -0.2904964214235526 3.4767475670774504 0.029115269362204932
